fold,user,model,hits10,mean_item_count,mean_neighbor_count
1,1,KNN por nota,0,4.4,2.4
1,2,KNN por nota,0,5.5,2.1
1,3,KNN por nota,0,4.6,1.3
1,4,KNN por nota,0,11.9,3.4
1,5,KNN por nota,0,7.2,2.5
1,6,KNN por nota,0,3.1,1.6
1,7,KNN por nota,0,3.7,2.3
1,8,KNN por nota,0,9.4,2.6
1,9,KNN por nota,0,4.8,1.6
1,10,KNN por nota,0,3.4,1.8
1,11,KNN por nota,0,3.0,1.6
1,12,KNN por nota,0,5.7,1.6
1,13,KNN por nota,0,3.8,2.4
1,14,KNN por nota,0,5.7,2.2
1,15,KNN por nota,0,4.6,1.5
1,16,KNN por nota,0,4.5,1.4
1,17,KNN por nota,0,16.2,7.8
1,18,KNN por nota,0,3.3,1.2
1,19,KNN por nota,0,3.0,1.3
1,20,KNN por nota,0,5.7,1.1
1,21,KNN por nota,0,4.6,3.4
1,22,KNN por nota,0,13.3,7.8
1,23,KNN por nota,0,2.6,1.5
1,24,KNN por nota,0,3.0,1.5
1,25,KNN por nota,0,4.0,1.0
1,26,KNN por nota,0,13.7,5.4
1,27,KNN por nota,0,5.4,2.1
1,28,KNN por nota,0,6.9,2.6
1,29,KNN por nota,0,4.9,2.6
1,30,KNN por nota,0,4.0,1.4
1,31,KNN por nota,0,3.9,1.5
1,32,KNN por nota,0,5.0,1.7
1,33,KNN por nota,0,6.1,1.4
1,34,KNN por nota,0,3.9,1.0
1,35,KNN por nota,0,15.4,3.0
1,36,KNN por nota,0,9.3,1.2
1,37,KNN por nota,0,4.1,1.8
1,38,KNN por nota,0,7.6,1.9
1,39,KNN por nota,0,5.7,1.9
1,40,KNN por nota,0,4.5,1.9
1,41,KNN por nota,0,5.5,1.6
1,42,KNN por nota,0,3.3,1.5
1,43,KNN por nota,0,6.9,2.5
1,44,KNN por nota,0,3.2,1.8
1,45,KNN por nota,0,5.4,1.3
1,46,KNN por nota,0,6.5,2.2
1,47,KNN por nota,0,5.4,2.2
1,48,KNN por nota,0,3.9,1.6
1,49,KNN por nota,0,3.3,2.1
1,50,KNN por nota,0,9.8,3.2
1,51,KNN por nota,0,5.6,1.0
1,52,KNN por nota,0,3.4,1.5
1,53,KNN por nota,0,5.6,1.7
1,54,KNN por nota,0,7.2,2.3
1,55,KNN por nota,0,3.4,1.1
1,56,KNN por nota,0,4.2,1.4
1,57,KNN por nota,0,3.8,1.4
1,58,KNN por nota,0,4.2,2.2
1,59,KNN por nota,0,3.9,1.9
1,60,KNN por nota,0,4.9,2.7
1,61,KNN por nota,0,34.5,13.8
1,62,KNN por nota,0,2.8,2.0
1,63,KNN por nota,0,5.6,2.0
1,64,KNN por nota,0,3.2,2.0
1,65,KNN por nota,0,3.2,1.7
1,66,KNN por nota,0,5.6,2.0
1,67,KNN por nota,0,8.4,2.1
1,68,KNN por nota,0,3.6,1.3
1,69,KNN por nota,0,4.0,1.5
1,70,KNN por nota,1,12.3,7.5
1,71,KNN por nota,0,4.4,2.3
1,72,KNN por nota,0,3.1,1.7
1,73,KNN por nota,0,3.8,1.9
1,74,KNN por nota,0,4.8,2.1
1,75,KNN por nota,0,3.8,1.6
1,76,KNN por nota,0,37.8,18.7
1,77,KNN por nota,0,4.1,1.7
1,78,KNN por nota,0,10.3,2.2
1,79,KNN por nota,0,5.7,1.8
1,80,KNN por nota,0,3.3,1.2
1,81,KNN por nota,0,5.9,1.7
1,82,KNN por nota,0,3.9,2.0
1,83,KNN por nota,0,4.3,1.9
1,84,KNN por nota,0,4.6,1.9
1,85,KNN por nota,0,2.7,1.6
1,86,KNN por nota,0,7.2,2.7
1,87,KNN por nota,0,4.8,1.6
1,88,KNN por nota,0,6.2,1.3
1,89,KNN por nota,0,5.1,1.7
1,90,KNN por nota,0,3.7,1.7
1,91,KNN por nota,0,5.2,1.4
1,92,KNN por nota,0,6.8,3.2
1,93,KNN por nota,0,4.6,1.2
1,94,KNN por nota,0,3.6,1.9
1,95,KNN por nota,0,3.9,1.6
1,96,KNN por nota,0,3.1,1.5
1,97,KNN por nota,0,9.6,2.5
1,98,KNN por nota,0,3.6,2.3
1,99,KNN por nota,0,4.6,2.0
1,100,KNN por nota,0,5.1,1.0
1,101,KNN por nota,0,6.7,1.8
1,102,KNN por nota,0,4.1,2.1
1,103,KNN por nota,0,4.2,1.7
1,104,KNN por nota,0,4.6,1.5
1,105,KNN por nota,0,6.2,2.1
1,106,KNN por nota,0,4.1,1.6
1,107,KNN por nota,0,6.2,1.7
1,108,KNN por nota,0,5.9,2.3
1,109,KNN por nota,0,5.2,1.7
1,110,KNN por nota,0,9.2,2.7
1,111,KNN por nota,0,5.1,1.6
1,112,KNN por nota,0,5.2,2.1
1,113,KNN por nota,0,5.6,1.6
1,114,KNN por nota,0,3.8,1.8
1,115,KNN por nota,0,4.1,2.5
1,116,KNN por nota,0,4.8,2.4
1,117,KNN por nota,0,5.0,2.3
1,118,KNN por nota,0,3.8,2.4
1,119,KNN por nota,0,4.5,1.8
1,120,KNN por nota,0,5.7,2.5
1,121,KNN por nota,0,4.3,2.1
1,122,KNN por nota,0,5.1,1.8
1,123,KNN por nota,0,4.8,2.3
1,124,KNN por nota,0,5.4,2.0
1,125,KNN por nota,0,14.0,6.5
1,126,KNN por nota,0,7.5,1.8
1,127,KNN por nota,0,11.0,3.2
1,128,KNN por nota,0,5.2,2.0
1,129,KNN por nota,0,6.4,2.0
1,130,KNN por nota,0,6.3,1.7
1,131,KNN por nota,0,6.3,2.2
1,132,KNN por nota,0,4.2,1.7
1,133,KNN por nota,0,15.8,3.8
1,134,KNN por nota,0,5.8,1.4
1,135,KNN por nota,0,3.4,1.3
1,136,KNN por nota,0,3.9,1.5
1,137,KNN por nota,0,4.2,1.4
1,138,KNN por nota,0,3.2,1.9
1,139,KNN por nota,0,5.9,2.1
1,140,KNN por nota,0,5.9,2.0
1,141,KNN por nota,0,5.8,1.3
1,142,KNN por nota,0,5.4,2.3
1,143,KNN por nota,0,7.6,2.3
1,144,KNN por nota,0,3.2,2.1
1,145,KNN por nota,0,4.3,1.5
1,146,KNN por nota,0,7.5,2.8
1,147,KNN por nota,0,5.9,2.5
1,148,KNN por nota,0,5.2,1.7
1,149,KNN por nota,0,5.4,2.4
1,150,KNN por nota,0,7.5,2.0
1,151,KNN por nota,0,3.4,1.3
1,152,KNN por nota,0,8.5,1.7
1,153,KNN por nota,0,4.2,1.6
1,154,KNN por nota,0,4.5,2.9
1,155,KNN por nota,0,7.5,2.5
1,156,KNN por nota,0,4.6,3.0
1,157,KNN por nota,0,5.7,2.2
1,158,KNN por nota,0,3.1,1.9
1,159,KNN por nota,0,4.4,1.8
1,160,KNN por nota,0,4.6,2.7
1,161,KNN por nota,0,3.2,1.1
1,162,KNN por nota,0,7.9,2.5
1,163,KNN por nota,0,5.1,1.6
1,164,KNN por nota,0,4.7,1.5
1,165,KNN por nota,0,3.2,1.3
1,166,KNN por nota,0,4.7,2.2
1,167,KNN por nota,0,4.0,2.3
1,168,KNN por nota,0,7.2,1.5
1,169,KNN por nota,0,4.0,1.9
1,170,KNN por nota,0,6.1,1.1
1,171,KNN por nota,0,4.8,1.9
1,172,KNN por nota,0,5.7,1.9
1,173,KNN por nota,0,8.5,3.1
1,174,KNN por nota,0,4.6,1.3
1,175,KNN por nota,0,6.4,1.9
1,176,KNN por nota,0,5.9,2.0
1,177,KNN por nota,0,3.0,1.6
1,178,KNN por nota,0,4.9,1.6
1,179,KNN por nota,0,7.4,2.0
1,180,KNN por nota,0,4.0,1.8
1,181,KNN por nota,0,15.5,3.5
1,182,KNN por nota,0,3.9,1.5
1,183,KNN por nota,0,4.2,2.3
1,184,KNN por nota,0,3.4,1.8
1,185,KNN por nota,0,6.1,3.1
1,186,KNN por nota,0,5.3,1.8
1,187,KNN por nota,0,3.5,1.9
1,188,KNN por nota,0,4.4,1.6
1,189,KNN por nota,0,3.5,2.4
1,190,KNN por nota,0,7.0,2.0
1,191,KNN por nota,0,11.2,2.1
1,192,KNN por nota,1,5.1,2.2
1,193,KNN por nota,0,4.6,1.7
1,194,KNN por nota,0,3.4,1.8
1,195,KNN por nota,0,3.3,2.1
1,196,KNN por nota,0,6.1,1.9
1,197,KNN por nota,0,4.6,1.6
1,198,KNN por nota,0,3.0,1.4
1,199,KNN por nota,0,4.6,2.0
1,200,KNN por nota,0,8.6,2.6
1,201,KNN por nota,0,3.1,2.1
1,202,KNN por nota,0,7.1,1.5
1,203,KNN por nota,0,9.6,3.4
1,204,KNN por nota,0,5.3,2.4
1,205,KNN por nota,0,5.7,1.6
1,206,KNN por nota,0,5.7,2.2
1,207,KNN por nota,0,3.8,1.8
1,208,KNN por nota,0,13.3,4.2
1,209,KNN por nota,0,3.9,1.3
1,210,KNN por nota,0,3.8,2.0
1,211,KNN por nota,0,5.8,1.3
1,212,KNN por nota,0,5.2,1.5
1,213,KNN por nota,0,4.0,1.7
1,214,KNN por nota,0,4.2,1.7
1,215,KNN por nota,0,4.0,1.5
1,216,KNN por nota,0,4.1,1.8
1,217,KNN por nota,0,4.4,1.5
1,218,KNN por nota,0,3.2,1.7
1,219,KNN por nota,0,7.1,3.2
1,220,KNN por nota,0,5.0,1.4
1,221,KNN por nota,0,4.7,2.2
1,222,KNN por nota,0,13.9,7.1
1,223,KNN por nota,0,5.3,1.6
1,224,KNN por nota,0,7.4,2.1
1,225,KNN por nota,0,4.9,1.4
1,226,KNN por nota,0,6.7,1.3
1,227,KNN por nota,0,5.0,2.1
1,228,KNN por nota,0,6.1,1.6
1,229,KNN por nota,0,7.3,2.2
1,230,KNN por nota,0,4.2,1.5
1,231,KNN por nota,0,5.9,1.8
1,232,KNN por nota,0,3.8,1.9
1,233,KNN por nota,0,3.6,1.8
1,234,KNN por nota,0,2.6,1.4
1,235,KNN por nota,0,3.8,1.9
1,236,KNN por nota,0,4.5,1.5
1,237,KNN por nota,0,3.2,1.3
1,238,KNN por nota,0,6.4,1.4
1,239,KNN por nota,0,3.5,1.3
1,240,KNN por nota,0,4.1,1.6
1,241,KNN por nota,0,5.3,1.1
1,242,KNN por nota,0,5.8,1.7
1,243,KNN por nota,0,5.1,2.9
1,244,KNN por nota,0,4.2,2.3
1,245,KNN por nota,0,4.2,1.2
1,246,KNN por nota,0,6.7,2.9
1,247,KNN por nota,0,4.0,1.2
1,248,KNN por nota,0,3.4,1.3
1,249,KNN por nota,0,3.7,1.9
1,250,KNN por nota,0,4.3,2.3
1,251,KNN por nota,0,4.1,1.9
1,252,KNN por nota,0,6.0,1.9
1,253,KNN por nota,0,3.2,1.6
1,254,KNN por nota,0,4.3,1.8
1,255,KNN por nota,0,4.4,1.3
1,256,KNN por nota,0,4.3,1.5
1,257,KNN por nota,0,3.9,2.0
1,258,KNN por nota,0,8.6,2.8
1,259,KNN por nota,0,4.2,2.1
1,260,KNN por nota,0,6.4,2.4
1,261,KNN por nota,0,8.7,1.4
1,262,KNN por nota,0,4.2,1.6
1,263,KNN por nota,0,3.5,1.9
1,264,KNN por nota,0,3.4,1.8
1,265,KNN por nota,0,39.0,12.7
1,266,KNN por nota,0,5.2,1.9
1,267,KNN por nota,0,3.5,1.8
1,268,KNN por nota,0,3.9,2.2
1,269,KNN por nota,0,3.5,2.0
1,270,KNN por nota,0,3.9,2.2
1,271,KNN por nota,0,3.5,1.4
1,272,KNN por nota,0,4.0,1.7
1,273,KNN por nota,0,5.5,1.9
1,274,KNN por nota,0,4.3,1.7
1,275,KNN por nota,0,4.7,1.1
1,276,KNN por nota,1,13.4,7.9
1,277,KNN por nota,0,5.0,1.0
1,278,KNN por nota,0,17.0,5.3
1,279,KNN por nota,0,4.5,1.5
1,280,KNN por nota,0,4.2,1.7
1,281,KNN por nota,0,7.1,1.4
1,282,KNN por nota,0,6.9,2.9
1,283,KNN por nota,0,3.0,1.6
1,284,KNN por nota,0,6.0,2.5
1,285,KNN por nota,0,5.4,2.8
1,286,KNN por nota,0,4.2,1.6
1,287,KNN por nota,0,4.8,1.9
1,288,KNN por nota,0,4.7,1.8
1,289,KNN por nota,0,17.1,5.3
1,290,KNN por nota,0,13.0,6.7
1,291,KNN por nota,0,3.9,1.9
1,292,KNN por nota,0,3.6,1.8
1,293,KNN por nota,0,3.1,1.8
1,294,KNN por nota,0,45.9,18.6
1,295,KNN por nota,0,4.2,1.8
1,296,KNN por nota,0,3.1,1.1
1,297,KNN por nota,0,2.7,1.5
1,298,KNN por nota,0,3.2,1.6
1,299,KNN por nota,0,3.4,2.1
1,300,KNN por nota,0,5.0,1.6
1,301,KNN por nota,0,13.2,6.5
1,302,KNN por nota,0,11.0,3.0
1,303,KNN por nota,0,3.4,1.9
1,304,KNN por nota,0,5.1,1.4
1,305,KNN por nota,0,4.8,2.6
1,306,KNN por nota,0,4.9,1.8
1,307,KNN por nota,0,4.6,1.3
1,308,KNN por nota,0,3.4,2.0
1,309,KNN por nota,0,7.2,2.0
1,310,KNN por nota,1,4.3,1.1
1,311,KNN por nota,0,4.3,1.7
1,312,KNN por nota,0,3.9,1.9
1,313,KNN por nota,0,3.4,1.8
1,314,KNN por nota,0,11.4,2.1
1,315,KNN por nota,0,5.2,2.2
1,316,KNN por nota,0,5.0,1.2
1,317,KNN por nota,0,28.3,11.3
1,318,KNN por nota,0,3.5,1.7
1,319,KNN por nota,0,4.5,1.6
1,320,KNN por nota,0,5.7,1.4
1,321,KNN por nota,0,3.8,1.1
1,322,KNN por nota,0,5.0,1.7
1,323,KNN por nota,0,4.0,1.5
1,324,KNN por nota,0,23.5,8.5
1,325,KNN por nota,0,3.1,1.3
1,326,KNN por nota,0,8.6,2.4
1,327,KNN por nota,0,3.3,2.2
1,328,KNN por nota,0,3.4,1.2
1,329,KNN por nota,0,4.8,2.3
1,330,KNN por nota,0,7.9,1.3
1,331,KNN por nota,0,3.5,1.5
1,332,KNN por nota,0,13.2,6.5
1,333,KNN por nota,0,6.7,2.0
1,334,KNN por nota,0,3.2,2.3
1,335,KNN por nota,0,7.9,3.0
1,336,KNN por nota,0,61.1,28.9
1,337,KNN por nota,0,9.5,3.2
1,338,KNN por nota,0,5.2,1.6
1,339,KNN por nota,0,3.5,2.0
1,340,KNN por nota,0,17.4,7.0
1,341,KNN por nota,0,17.3,3.0
1,342,KNN por nota,1,4.3,1.7
1,343,KNN por nota,0,3.0,1.9
1,344,KNN por nota,0,3.3,2.0
1,345,KNN por nota,0,3.9,2.2
1,346,KNN por nota,0,4.3,1.4
1,347,KNN por nota,0,25.2,13.2
1,348,KNN por nota,0,6.1,1.8
1,349,KNN por nota,0,3.9,1.8
1,350,KNN por nota,0,3.0,1.5
1,351,KNN por nota,0,5.1,1.6
1,352,KNN por nota,0,3.6,1.8
1,353,KNN por nota,0,9.0,2.9
1,354,KNN por nota,0,4.8,1.7
1,355,KNN por nota,0,10.0,2.9
1,356,KNN por nota,0,6.3,1.3
1,357,KNN por nota,0,4.6,1.2
1,358,KNN por nota,0,6.3,1.7
1,359,KNN por nota,0,4.9,2.2
1,360,KNN por nota,0,4.4,2.4
1,361,KNN por nota,0,3.9,2.4
1,362,KNN por nota,0,8.9,3.4
1,363,KNN por nota,0,3.2,1.6
1,364,KNN por nota,0,13.1,3.7
1,365,KNN por nota,0,6.7,2.0
1,366,KNN por nota,1,5.9,1.9
1,367,KNN por nota,0,4.3,1.7
1,368,KNN por nota,0,4.3,2.2
1,369,KNN por nota,0,13.2,5.4
1,370,KNN por nota,0,3.3,1.7
1,371,KNN por nota,0,4.5,1.3
1,372,KNN por nota,0,9.1,2.8
1,373,KNN por nota,0,5.2,1.7
1,374,KNN por nota,0,13.1,5.1
1,375,KNN por nota,0,4.8,2.5
1,376,KNN por nota,0,4.1,2.5
1,377,KNN por nota,0,14.3,5.5
1,378,KNN por nota,0,4.5,1.7
1,379,KNN por nota,0,3.2,1.9
1,380,KNN por nota,1,3.7,1.9
1,381,KNN por nota,0,3.5,1.9
1,382,KNN por nota,0,5.5,1.3
1,383,KNN por nota,0,6.7,2.8
1,384,KNN por nota,0,7.1,3.0
1,385,KNN por nota,1,3.5,1.6
1,386,KNN por nota,0,5.9,2.4
1,387,KNN por nota,0,3.2,1.8
1,388,KNN por nota,0,5.2,1.4
1,389,KNN por nota,0,2.8,1.8
1,390,KNN por nota,0,3.8,1.5
1,391,KNN por nota,0,3.6,2.0
1,392,KNN por nota,0,3.9,1.8
1,393,KNN por nota,0,13.6,5.2
1,394,KNN por nota,0,4.5,2.2
1,395,KNN por nota,0,5.6,1.3
1,396,KNN por nota,0,6.6,1.3
1,397,KNN por nota,0,3.1,2.0
1,398,KNN por nota,0,4.1,1.9
1,399,KNN por nota,0,4.6,1.8
1,400,KNN por nota,0,11.4,1.7
1,401,KNN por nota,0,3.4,1.5
1,402,KNN por nota,0,6.3,2.1
1,403,KNN por nota,0,5.6,1.6
1,404,KNN por nota,0,9.6,1.6
1,405,KNN por nota,0,5.3,1.8
1,406,KNN por nota,0,3.3,2.0
1,407,KNN por nota,0,3.0,1.9
1,408,KNN por nota,0,7.2,2.1
1,409,KNN por nota,0,2.9,1.3
1,410,KNN por nota,0,3.8,1.6
1,411,KNN por nota,0,3.5,1.2
1,412,KNN por nota,0,4.9,2.4
1,413,KNN por nota,0,5.9,2.2
1,414,KNN por nota,0,10.5,3.7
1,415,KNN por nota,0,3.8,2.0
1,416,KNN por nota,0,5.1,1.6
1,417,KNN por nota,0,4.7,1.9
1,418,KNN por nota,0,36.1,11.4
1,419,KNN por nota,0,4.0,1.9
1,420,KNN por nota,0,4.4,1.5
1,421,KNN por nota,0,4.7,1.8
1,422,KNN por nota,0,3.7,1.4
1,423,KNN por nota,0,6.2,2.4
1,424,KNN por nota,0,5.4,1.9
1,425,KNN por nota,0,4.3,2.2
1,426,KNN por nota,0,3.2,1.4
1,427,KNN por nota,0,8.3,3.1
1,428,KNN por nota,0,7.7,2.1
1,429,KNN por nota,0,3.5,1.9
1,430,KNN por nota,0,3.2,1.9
1,431,KNN por nota,0,13.6,2.8
1,432,KNN por nota,0,8.3,1.9
1,433,KNN por nota,0,5.1,2.0
1,434,KNN por nota,0,7.9,1.3
1,435,KNN por nota,0,4.3,1.9
1,436,KNN por nota,0,5.4,2.0
1,437,KNN por nota,0,3.9,2.1
1,438,KNN por nota,0,7.6,2.3
1,439,KNN por nota,0,5.6,2.0
1,440,KNN por nota,0,16.5,6.6
1,442,KNN por nota,0,4.6,2.0
1,444,KNN por nota,0,4.9,2.0
1,445,KNN por nota,0,3.8,1.7
1,447,KNN por nota,0,4.1,1.4
1,448,KNN por nota,0,6.3,2.5
1,449,KNN por nota,0,5.1,2.7
1,450,KNN por nota,0,3.4,1.4
1,451,KNN por nota,0,59.7,19.8
1,452,KNN por nota,0,3.3,1.2
1,453,KNN por nota,0,3.9,1.6
1,454,KNN por nota,0,2.6,1.2
1,455,KNN por nota,0,4.0,1.7
1,456,KNN por nota,0,3.9,2.0
1,457,KNN por nota,0,3.3,1.9
1,458,KNN por nota,0,3.7,2.2
1,462,KNN por nota,0,8.7,1.3
1,1,KNN por soma,7,265.0,157.3
1,2,KNN por soma,2,263.5,97.0
1,3,KNN por soma,1,288.1,96.1
1,4,KNN por soma,1,285.7,101.9
1,5,KNN por soma,2,251.0,147.9
1,6,KNN por soma,8,241.4,144.0
1,7,KNN por soma,9,279.9,174.7
1,8,KNN por soma,6,283.9,143.6
1,9,KNN por soma,0,286.2,135.4
1,10,KNN por soma,8,261.7,152.4
1,11,KNN por soma,2,312.7,150.5
1,12,KNN por soma,3,284.5,140.8
1,13,KNN por soma,7,280.7,161.2
1,14,KNN por soma,5,274.1,112.6
1,15,KNN por soma,0,288.8,114.7
1,16,KNN por soma,5,283.5,156.7
1,17,KNN por soma,0,297.3,113.0
1,18,KNN por soma,6,216.9,135.0
1,19,KNN por soma,0,296.9,113.8
1,20,KNN por soma,0,262.7,126.5
1,21,KNN por soma,2,272.9,121.6
1,22,KNN por soma,4,248.8,157.3
1,23,KNN por soma,4,275.9,158.6
1,24,KNN por soma,4,291.3,153.5
1,25,KNN por soma,3,297.5,145.9
1,26,KNN por soma,2,293.0,121.4
1,27,KNN por soma,1,295.5,108.0
1,28,KNN por soma,5,291.0,149.8
1,29,KNN por soma,2,309.0,123.2
1,30,KNN por soma,1,262.3,114.8
1,31,KNN por soma,1,217.9,96.4
1,32,KNN por soma,0,297.6,113.3
1,33,KNN por soma,3,322.6,107.2
1,34,KNN por soma,0,323.5,111.5
1,35,KNN por soma,0,300.4,96.5
1,36,KNN por soma,0,307.0,66.7
1,37,KNN por soma,2,286.9,151.6
1,38,KNN por soma,1,299.2,98.3
1,39,KNN por soma,1,348.5,110.3
1,40,KNN por soma,1,296.5,95.2
1,41,KNN por soma,4,294.9,152.2
1,42,KNN por soma,5,249.0,144.4
1,43,KNN por soma,8,295.8,151.5
1,44,KNN por soma,5,260.0,156.2
1,45,KNN por soma,2,305.3,127.8
1,46,KNN por soma,2,235.2,80.9
1,47,KNN por soma,3,275.4,95.1
1,48,KNN por soma,5,282.9,146.3
1,49,KNN por soma,3,253.1,121.6
1,50,KNN por soma,0,300.6,90.5
1,51,KNN por soma,1,265.6,135.7
1,52,KNN por soma,0,299.8,138.0
1,53,KNN por soma,3,303.8,138.8
1,54,KNN por soma,4,311.3,121.5
1,55,KNN por soma,0,274.6,138.1
1,56,KNN por soma,7,287.8,165.4
1,57,KNN por soma,3,292.5,141.2
1,58,KNN por soma,5,263.3,148.5
1,59,KNN por soma,10,290.9,165.2
1,60,KNN por soma,6,269.4,148.5
1,61,KNN por soma,0,279.1,100.6
1,62,KNN por soma,8,268.5,164.9
1,63,KNN por soma,2,288.3,114.8
1,64,KNN por soma,7,262.2,151.9
1,65,KNN por soma,2,275.7,138.0
1,66,KNN por soma,2,318.1,126.1
1,67,KNN por soma,1,328.7,141.4
1,68,KNN por soma,1,287.8,116.3
1,69,KNN por soma,4,286.9,133.0
1,70,KNN por soma,2,270.6,163.1
1,71,KNN por soma,0,231.5,100.6
1,72,KNN por soma,5,258.9,139.8
1,73,KNN por soma,7,274.7,125.4
1,74,KNN por soma,3,299.9,104.8
1,75,KNN por soma,1,323.3,136.9
1,76,KNN por soma,4,289.7,152.5
1,77,KNN por soma,5,289.9,147.2
1,78,KNN por soma,0,361.3,134.2
1,79,KNN por soma,2,313.4,109.6
1,80,KNN por soma,0,288.0,147.3
1,81,KNN por soma,2,318.8,132.3
1,82,KNN por soma,4,263.1,156.5
1,83,KNN por soma,2,266.8,130.4
1,84,KNN por soma,2,288.8,133.2
1,85,KNN por soma,6,230.9,140.0
1,86,KNN por soma,1,286.5,100.4
1,87,KNN por soma,4,242.1,145.0
1,88,KNN por soma,1,247.2,82.7
1,89,KNN por soma,1,267.5,110.9
1,90,KNN por soma,9,261.6,132.6
1,91,KNN por soma,6,267.9,148.2
1,92,KNN por soma,5,278.8,167.0
1,93,KNN por soma,0,331.7,134.2
1,94,KNN por soma,9,270.6,161.7
1,95,KNN por soma,7,267.8,162.3
1,96,KNN por soma,4,272.7,151.1
1,97,KNN por soma,4,285.1,131.1
1,98,KNN por soma,0,289.6,121.4
1,99,KNN por soma,6,314.7,157.5
1,100,KNN por soma,4,251.4,91.4
1,101,KNN por soma,2,341.3,141.3
1,102,KNN por soma,3,285.2,157.2
1,103,KNN por soma,2,294.1,134.8
1,104,KNN por soma,1,280.8,103.5
1,105,KNN por soma,2,298.4,106.7
1,106,KNN por soma,1,296.9,159.5
1,107,KNN por soma,2,281.2,95.1
1,108,KNN por soma,2,320.5,135.3
1,109,KNN por soma,8,273.8,141.4
1,110,KNN por soma,2,315.8,124.1
1,111,KNN por soma,2,266.2,102.8
1,112,KNN por soma,4,280.5,100.9
1,113,KNN por soma,1,302.3,111.5
1,114,KNN por soma,1,290.4,155.3
1,115,KNN por soma,4,240.5,126.7
1,116,KNN por soma,2,272.4,123.3
1,117,KNN por soma,7,313.0,164.9
1,118,KNN por soma,1,281.6,152.5
1,119,KNN por soma,3,280.4,134.9
1,120,KNN por soma,0,295.7,128.3
1,121,KNN por soma,2,277.1,147.1
1,122,KNN por soma,1,240.5,105.5
1,123,KNN por soma,1,273.6,112.5
1,124,KNN por soma,0,284.2,122.1
1,125,KNN por soma,8,291.8,142.7
1,126,KNN por soma,2,320.7,103.1
1,127,KNN por soma,0,289.5,101.6
1,128,KNN por soma,5,295.3,148.2
1,129,KNN por soma,2,302.8,111.8
1,130,KNN por soma,6,293.7,140.5
1,131,KNN por soma,3,278.2,98.6
1,132,KNN por soma,0,228.4,111.9
1,133,KNN por soma,1,304.8,102.0
1,134,KNN por soma,1,313.3,113.3
1,135,KNN por soma,1,301.7,164.0
1,136,KNN por soma,3,266.6,113.2
1,137,KNN por soma,2,286.3,131.1
1,138,KNN por soma,5,295.2,151.0
1,139,KNN por soma,1,294.6,119.6
1,140,KNN por soma,0,277.1,102.1
1,141,KNN por soma,5,319.5,123.3
1,142,KNN por soma,0,308.2,128.6
1,143,KNN por soma,0,318.9,104.2
1,144,KNN por soma,6,282.2,161.8
1,145,KNN por soma,7,301.2,150.5
1,146,KNN por soma,2,266.2,102.1
1,147,KNN por soma,1,261.4,85.5
1,148,KNN por soma,1,258.0,126.4
1,149,KNN por soma,1,274.4,97.8
1,150,KNN por soma,3,317.8,104.3
1,151,KNN por soma,7,249.2,141.9
1,152,KNN por soma,1,308.6,135.5
1,153,KNN por soma,2,266.1,97.4
1,154,KNN por soma,3,288.6,144.5
1,155,KNN por soma,0,300.2,108.3
1,156,KNN por soma,2,271.5,144.1
1,157,KNN por soma,1,281.2,105.0
1,158,KNN por soma,5,289.8,161.4
1,159,KNN por soma,1,322.6,114.1
1,160,KNN por soma,4,272.1,129.7
1,161,KNN por soma,1,258.8,108.6
1,162,KNN por soma,3,330.6,150.9
1,163,KNN por soma,2,289.2,117.9
1,164,KNN por soma,2,308.3,113.3
1,165,KNN por soma,1,306.8,128.8
1,166,KNN por soma,2,306.2,112.4
1,167,KNN por soma,0,305.3,162.7
1,168,KNN por soma,2,314.9,119.0
1,169,KNN por soma,4,308.7,116.8
1,170,KNN por soma,0,274.0,95.0
1,171,KNN por soma,2,273.0,100.7
1,172,KNN por soma,0,271.4,84.7
1,173,KNN por soma,2,304.4,116.9
1,174,KNN por soma,0,284.2,135.2
1,175,KNN por soma,2,270.5,147.5
1,176,KNN por soma,2,313.1,119.8
1,177,KNN por soma,7,249.3,140.9
1,178,KNN por soma,8,256.6,150.3
1,179,KNN por soma,5,253.2,94.8
1,180,KNN por soma,2,306.5,133.5
1,181,KNN por soma,0,332.9,113.2
1,182,KNN por soma,1,281.0,119.9
1,183,KNN por soma,0,258.1,104.2
1,184,KNN por soma,6,251.5,138.4
1,185,KNN por soma,2,272.9,111.6
1,186,KNN por soma,0,306.2,121.0
1,187,KNN por soma,0,293.5,138.9
1,188,KNN por soma,5,284.4,160.7
1,189,KNN por soma,5,274.8,152.1
1,190,KNN por soma,1,311.8,109.1
1,191,KNN por soma,3,308.9,60.5
1,192,KNN por soma,1,252.0,114.0
1,193,KNN por soma,3,309.5,136.7
1,194,KNN por soma,6,273.3,168.1
1,195,KNN por soma,1,295.0,136.7
1,196,KNN por soma,0,296.2,108.5
1,197,KNN por soma,7,286.5,150.6
1,198,KNN por soma,5,260.7,162.1
1,199,KNN por soma,4,254.9,103.5
1,200,KNN por soma,6,298.5,164.2
1,201,KNN por soma,5,286.0,158.5
1,202,KNN por soma,0,320.6,106.5
1,203,KNN por soma,2,318.4,104.1
1,204,KNN por soma,2,298.0,113.9
1,205,KNN por soma,1,280.5,100.4
1,206,KNN por soma,4,273.5,108.1
1,207,KNN por soma,5,295.4,168.6
1,208,KNN por soma,0,306.0,131.5
1,209,KNN por soma,1,296.6,121.9
1,210,KNN por soma,3,277.2,158.4
1,211,KNN por soma,1,314.2,147.1
1,212,KNN por soma,0,277.0,110.4
1,213,KNN por soma,7,275.3,159.0
1,214,KNN por soma,8,228.2,113.1
1,215,KNN por soma,5,228.6,147.2
1,216,KNN por soma,5,256.7,143.1
1,217,KNN por soma,2,249.7,105.0
1,218,KNN por soma,2,294.8,146.1
1,219,KNN por soma,0,315.3,117.9
1,220,KNN por soma,1,310.4,105.0
1,221,KNN por soma,4,277.7,150.3
1,222,KNN por soma,9,262.9,153.4
1,223,KNN por soma,2,323.9,127.3
1,224,KNN por soma,2,305.7,125.3
1,225,KNN por soma,1,269.3,122.3
1,226,KNN por soma,2,304.7,140.8
1,227,KNN por soma,2,291.3,116.0
1,228,KNN por soma,2,290.2,98.3
1,229,KNN por soma,1,267.4,90.4
1,230,KNN por soma,4,287.8,150.1
1,231,KNN por soma,1,326.5,120.9
1,232,KNN por soma,6,243.8,108.1
1,233,KNN por soma,4,225.9,115.5
1,234,KNN por soma,9,235.8,146.1
1,235,KNN por soma,2,274.1,143.0
1,236,KNN por soma,3,222.7,126.2
1,237,KNN por soma,5,261.4,133.6
1,238,KNN por soma,0,312.2,112.8
1,239,KNN por soma,6,228.7,93.0
1,240,KNN por soma,1,302.9,114.1
1,241,KNN por soma,1,309.2,107.0
1,242,KNN por soma,0,332.5,116.2
1,243,KNN por soma,1,297.5,138.3
1,244,KNN por soma,6,286.4,150.6
1,245,KNN por soma,3,336.8,107.0
1,246,KNN por soma,2,264.7,149.6
1,247,KNN por soma,1,303.5,121.7
1,248,KNN por soma,4,298.6,156.4
1,249,KNN por soma,5,263.6,149.9
1,250,KNN por soma,5,271.5,135.9
1,251,KNN por soma,5,329.4,169.8
1,252,KNN por soma,2,321.4,114.2
1,253,KNN por soma,7,298.6,156.6
1,254,KNN por soma,3,288.4,164.1
1,255,KNN por soma,1,294.0,116.8
1,256,KNN por soma,4,277.7,133.8
1,257,KNN por soma,3,300.9,109.0
1,258,KNN por soma,2,258.1,85.8
1,259,KNN por soma,3,302.8,141.9
1,260,KNN por soma,1,301.4,105.2
1,261,KNN por soma,0,344.6,111.8
1,262,KNN por soma,4,281.8,136.0
1,263,KNN por soma,4,244.2,132.4
1,264,KNN por soma,2,278.4,140.2
1,265,KNN por soma,1,291.0,98.9
1,266,KNN por soma,2,282.2,107.0
1,267,KNN por soma,5,264.7,165.2
1,268,KNN por soma,6,248.0,149.5
1,269,KNN por soma,7,290.7,164.3
1,270,KNN por soma,3,303.4,146.8
1,271,KNN por soma,7,256.3,157.4
1,272,KNN por soma,4,234.3,124.1
1,273,KNN por soma,0,307.4,106.1
1,274,KNN por soma,2,304.3,141.5
1,275,KNN por soma,1,248.2,136.5
1,276,KNN por soma,9,268.2,159.4
1,277,KNN por soma,0,293.2,109.6
1,278,KNN por soma,2,318.4,106.5
1,279,KNN por soma,4,284.2,116.4
1,280,KNN por soma,2,297.5,153.5
1,281,KNN por soma,0,282.5,98.6
1,282,KNN por soma,3,309.5,110.0
1,283,KNN por soma,1,307.4,164.5
1,284,KNN por soma,3,284.9,108.0
1,285,KNN por soma,2,270.1,100.7
1,286,KNN por soma,4,299.0,144.6
1,287,KNN por soma,2,272.4,136.1
1,288,KNN por soma,6,263.7,130.6
1,289,KNN por soma,0,315.2,132.9
1,290,KNN por soma,5,284.1,157.2
1,291,KNN por soma,4,279.4,160.7
1,292,KNN por soma,5,275.7,159.8
1,293,KNN por soma,6,252.2,160.6
1,294,KNN por soma,1,267.5,110.0
1,295,KNN por soma,6,256.2,134.4
1,296,KNN por soma,4,250.3,125.3
1,297,KNN por soma,5,286.3,154.8
1,298,KNN por soma,4,274.4,160.5
1,299,KNN por soma,7,303.9,165.4
1,300,KNN por soma,0,326.7,109.0
1,301,KNN por soma,10,271.3,162.5
1,302,KNN por soma,0,331.5,110.9
1,303,KNN por soma,8,257.3,157.2
1,304,KNN por soma,0,298.0,101.0
1,305,KNN por soma,5,276.4,139.8
1,306,KNN por soma,2,296.6,105.9
1,307,KNN por soma,3,258.9,145.8
1,308,KNN por soma,8,271.4,157.2
1,309,KNN por soma,0,314.9,111.8
1,310,KNN por soma,1,312.1,117.0
1,311,KNN por soma,10,299.7,163.4
1,312,KNN por soma,8,229.8,119.1
1,313,KNN por soma,7,266.4,167.7
1,314,KNN por soma,3,307.4,132.0
1,315,KNN por soma,4,285.5,138.9
1,316,KNN por soma,6,241.3,80.8
1,317,KNN por soma,1,296.9,109.1
1,318,KNN por soma,4,294.6,149.9
1,319,KNN por soma,2,266.5,102.6
1,320,KNN por soma,4,308.4,153.7
1,321,KNN por soma,5,248.3,119.4
1,322,KNN por soma,4,270.8,137.9
1,323,KNN por soma,4,283.4,142.0
1,324,KNN por soma,2,303.9,105.5
1,325,KNN por soma,6,243.6,136.3
1,326,KNN por soma,7,257.9,144.9
1,327,KNN por soma,5,247.4,135.2
1,328,KNN por soma,6,270.2,151.2
1,329,KNN por soma,4,278.1,126.7
1,330,KNN por soma,5,305.4,136.8
1,331,KNN por soma,1,289.2,104.4
1,332,KNN por soma,5,298.1,150.4
1,333,KNN por soma,1,293.5,147.1
1,334,KNN por soma,6,226.2,137.4
1,335,KNN por soma,1,252.9,85.8
1,336,KNN por soma,0,286.9,141.6
1,337,KNN por soma,0,289.4,124.0
1,338,KNN por soma,5,261.3,110.8
1,339,KNN por soma,8,211.6,140.1
1,340,KNN por soma,4,291.9,133.5
1,341,KNN por soma,0,300.8,72.8
1,342,KNN por soma,4,269.3,125.3
1,343,KNN por soma,5,257.4,146.0
1,344,KNN por soma,3,248.5,141.1
1,345,KNN por soma,6,283.2,159.1
1,346,KNN por soma,3,239.8,145.6
1,347,KNN por soma,6,262.6,140.8
1,348,KNN por soma,3,352.4,135.8
1,349,KNN por soma,1,265.0,115.6
1,350,KNN por soma,1,225.6,128.1
1,351,KNN por soma,2,262.6,93.6
1,352,KNN por soma,3,258.6,148.0
1,353,KNN por soma,2,310.7,116.3
1,354,KNN por soma,6,229.8,103.0
1,355,KNN por soma,0,320.8,110.4
1,356,KNN por soma,2,312.8,112.3
1,357,KNN por soma,0,334.6,134.9
1,358,KNN por soma,0,203.6,60.7
1,359,KNN por soma,2,300.5,125.9
1,360,KNN por soma,4,230.6,113.8
1,361,KNN por soma,2,260.3,145.2
1,362,KNN por soma,1,331.7,119.5
1,363,KNN por soma,4,195.2,121.8
1,364,KNN por soma,0,311.7,109.8
1,365,KNN por soma,1,314.1,114.5
1,366,KNN por soma,1,317.5,128.3
1,367,KNN por soma,1,298.4,158.0
1,368,KNN por soma,1,273.0,143.0
1,369,KNN por soma,1,284.4,126.9
1,370,KNN por soma,1,217.1,112.2
1,371,KNN por soma,3,265.8,147.0
1,372,KNN por soma,1,288.1,108.1
1,373,KNN por soma,4,286.7,153.9
1,374,KNN por soma,2,263.5,124.2
1,375,KNN por soma,0,304.0,136.6
1,376,KNN por soma,1,281.8,135.2
1,377,KNN por soma,1,322.8,138.6
1,378,KNN por soma,5,278.5,152.5
1,379,KNN por soma,5,225.2,141.4
1,380,KNN por soma,2,267.4,161.2
1,381,KNN por soma,2,307.2,161.9
1,382,KNN por soma,0,208.6,92.1
1,383,KNN por soma,2,262.4,121.7
1,384,KNN por soma,1,283.9,106.7
1,385,KNN por soma,5,223.8,127.7
1,386,KNN por soma,1,294.0,139.3
1,387,KNN por soma,6,197.0,128.0
1,388,KNN por soma,1,310.0,112.3
1,389,KNN por soma,4,231.0,148.8
1,390,KNN por soma,3,302.4,103.5
1,391,KNN por soma,6,252.7,140.8
1,392,KNN por soma,2,259.2,124.0
1,393,KNN por soma,4,298.3,135.8
1,394,KNN por soma,2,276.0,152.8
1,395,KNN por soma,3,251.3,131.1
1,396,KNN por soma,0,308.2,110.9
1,397,KNN por soma,1,234.9,138.2
1,398,KNN por soma,6,283.0,172.4
1,399,KNN por soma,0,244.7,126.5
1,400,KNN por soma,1,300.7,105.1
1,401,KNN por soma,2,277.7,120.5
1,402,KNN por soma,1,281.2,134.5
1,403,KNN por soma,1,282.2,114.2
1,404,KNN por soma,2,308.4,106.3
1,405,KNN por soma,5,258.0,152.2
1,406,KNN por soma,8,248.5,142.8
1,407,KNN por soma,2,244.1,154.2
1,408,KNN por soma,0,291.9,101.1
1,409,KNN por soma,4,234.7,143.8
1,410,KNN por soma,0,289.6,103.5
1,411,KNN por soma,2,269.9,145.1
1,412,KNN por soma,2,298.1,160.2
1,413,KNN por soma,1,268.2,99.0
1,414,KNN por soma,1,311.9,110.7
1,415,KNN por soma,0,294.6,142.3
1,416,KNN por soma,7,243.2,148.4
1,417,KNN por soma,5,225.9,130.7
1,418,KNN por soma,0,315.0,100.5
1,419,KNN por soma,1,245.0,120.4
1,420,KNN por soma,1,243.6,105.0
1,421,KNN por soma,0,241.7,134.9
1,422,KNN por soma,0,259.9,117.9
1,423,KNN por soma,2,255.8,101.6
1,424,KNN por soma,0,237.4,88.4
1,425,KNN por soma,2,228.9,128.0
1,426,KNN por soma,2,214.9,127.9
1,427,KNN por soma,1,293.5,97.4
1,428,KNN por soma,1,308.8,102.8
1,429,KNN por soma,6,200.5,115.0
1,430,KNN por soma,0,246.9,130.4
1,431,KNN por soma,0,324.3,108.5
1,432,KNN por soma,1,284.5,95.8
1,433,KNN por soma,2,303.9,120.3
1,434,KNN por soma,0,339.8,107.0
1,435,KNN por soma,2,160.6,95.7
1,436,KNN por soma,0,269.5,126.2
1,437,KNN por soma,2,202.9,125.2
1,438,KNN por soma,1,313.8,111.9
1,439,KNN por soma,0,287.5,109.2
1,440,KNN por soma,0,293.0,104.8
1,442,KNN por soma,1,259.1,145.7
1,444,KNN por soma,1,292.4,105.2
1,445,KNN por soma,0,237.2,127.8
1,447,KNN por soma,1,268.7,153.2
1,448,KNN por soma,0,263.4,90.1
1,449,KNN por soma,0,277.5,123.8
1,450,KNN por soma,8,211.1,124.4
1,451,KNN por soma,2,235.7,85.3
1,452,KNN por soma,1,234.9,139.0
1,453,KNN por soma,1,247.1,146.3
1,454,KNN por soma,1,235.1,112.1
1,455,KNN por soma,0,203.7,117.7
1,456,KNN por soma,0,218.6,136.5
1,457,KNN por soma,1,174.4,102.1
1,458,KNN por soma,0,204.8,106.2
1,462,KNN por soma,0,313.9,110.9
1,1,SVD,3,178.5,
1,2,SVD,0,182.9,
1,3,SVD,0,129.8,
1,4,SVD,1,139.2,
1,5,SVD,2,144.3,
1,6,SVD,7,167.3,
1,7,SVD,4,104.6,
1,8,SVD,1,189.6,
1,9,SVD,0,178.1,
1,10,SVD,3,118.9,
1,11,SVD,0,102.4,
1,12,SVD,2,172.2,
1,13,SVD,1,124.5,
1,14,SVD,2,103.7,
1,15,SVD,0,180.1,
1,16,SVD,5,237.5,
1,17,SVD,0,186.0,
1,18,SVD,5,94.3,
1,19,SVD,0,121.3,
1,20,SVD,0,94.9,
1,21,SVD,0,120.1,
1,22,SVD,2,169.5,
1,23,SVD,1,117.4,
1,24,SVD,2,123.9,
1,25,SVD,1,141.1,
1,26,SVD,0,191.7,
1,27,SVD,0,125.3,
1,28,SVD,3,235.9,
1,29,SVD,0,132.0,
1,30,SVD,0,118.4,
1,31,SVD,0,87.1,
1,32,SVD,0,143.8,
1,33,SVD,0,122.7,
1,34,SVD,0,141.6,
1,35,SVD,0,168.6,
1,36,SVD,0,101.9,
1,37,SVD,0,111.4,
1,38,SVD,0,126.2,
1,39,SVD,0,169.0,
1,40,SVD,0,120.9,
1,41,SVD,0,75.5,
1,42,SVD,3,148.4,
1,43,SVD,4,99.4,
1,44,SVD,1,113.2,
1,45,SVD,0,110.4,
1,46,SVD,0,85.4,
1,47,SVD,0,90.4,
1,48,SVD,1,165.1,
1,49,SVD,1,105.1,
1,50,SVD,0,127.4,
1,51,SVD,1,186.8,
1,52,SVD,0,114.5,
1,53,SVD,0,110.4,
1,54,SVD,1,156.4,
1,55,SVD,0,135.0,
1,56,SVD,4,170.1,
1,57,SVD,0,141.4,
1,58,SVD,2,80.0,
1,59,SVD,6,146.0,
1,60,SVD,2,83.7,
1,61,SVD,0,227.3,
1,62,SVD,4,100.8,
1,63,SVD,1,101.3,
1,64,SVD,3,128.4,
1,65,SVD,1,186.1,
1,66,SVD,0,168.1,
1,67,SVD,1,189.7,
1,68,SVD,0,130.5,
1,69,SVD,1,171.5,
1,70,SVD,2,193.5,
1,71,SVD,0,128.8,
1,72,SVD,2,96.7,
1,73,SVD,3,135.2,
1,74,SVD,1,155.6,
1,75,SVD,0,148.3,
1,76,SVD,1,145.8,
1,77,SVD,2,94.3,
1,78,SVD,0,218.6,
1,79,SVD,0,137.7,
1,80,SVD,0,161.2,
1,81,SVD,2,189.9,
1,82,SVD,5,159.5,
1,83,SVD,4,173.6,
1,84,SVD,2,106.6,
1,85,SVD,2,124.4,
1,86,SVD,0,128.3,
1,87,SVD,2,124.2,
1,88,SVD,0,123.5,
1,89,SVD,0,139.9,
1,90,SVD,4,93.0,
1,91,SVD,5,211.1,
1,92,SVD,1,166.3,
1,93,SVD,0,149.6,
1,94,SVD,2,87.2,
1,95,SVD,4,196.8,
1,96,SVD,3,166.7,
1,97,SVD,3,167.2,
1,98,SVD,0,159.8,
1,99,SVD,2,152.5,
1,100,SVD,1,120.0,
1,101,SVD,0,174.7,
1,102,SVD,0,87.0,
1,103,SVD,0,122.2,
1,104,SVD,0,190.3,
1,105,SVD,0,174.6,
1,106,SVD,1,132.0,
1,107,SVD,0,193.0,
1,108,SVD,0,126.3,
1,109,SVD,2,123.5,
1,110,SVD,0,79.4,
1,111,SVD,1,216.8,
1,112,SVD,0,157.5,
1,113,SVD,0,149.9,
1,114,SVD,0,145.5,
1,115,SVD,1,112.6,
1,116,SVD,1,143.1,
1,117,SVD,2,155.7,
1,118,SVD,1,137.8,
1,119,SVD,1,107.0,
1,120,SVD,0,107.6,
1,121,SVD,0,166.9,
1,122,SVD,0,62.5,
1,123,SVD,1,121.7,
1,124,SVD,0,125.4,
1,125,SVD,6,207.5,
1,126,SVD,0,143.4,
1,127,SVD,0,115.2,
1,128,SVD,1,109.2,
1,129,SVD,0,168.7,
1,130,SVD,5,208.2,
1,131,SVD,1,152.8,
1,132,SVD,0,119.4,
1,133,SVD,0,107.6,
1,134,SVD,1,208.6,
1,135,SVD,1,133.3,
1,136,SVD,0,119.4,
1,137,SVD,1,156.4,
1,138,SVD,2,100.7,
1,139,SVD,0,149.6,
1,140,SVD,0,146.9,
1,141,SVD,0,151.3,
1,142,SVD,1,172.4,
1,143,SVD,0,148.1,
1,144,SVD,3,189.6,
1,145,SVD,4,219.7,
1,146,SVD,0,165.1,
1,147,SVD,0,109.1,
1,148,SVD,4,153.3,
1,149,SVD,0,157.8,
1,150,SVD,0,101.9,
1,151,SVD,6,135.9,
1,152,SVD,3,219.0,
1,153,SVD,0,77.4,
1,154,SVD,1,147.6,
1,155,SVD,0,192.3,
1,156,SVD,1,140.2,
1,157,SVD,0,126.1,
1,158,SVD,2,185.5,
1,159,SVD,0,163.1,
1,160,SVD,1,132.0,
1,161,SVD,0,61.0,
1,162,SVD,0,105.0,
1,163,SVD,2,207.7,
1,164,SVD,1,179.8,
1,165,SVD,0,117.3,
1,166,SVD,0,217.2,
1,167,SVD,1,150.0,
1,168,SVD,0,168.4,
1,169,SVD,1,165.0,
1,170,SVD,0,157.1,
1,171,SVD,0,155.7,
1,172,SVD,0,171.5,
1,173,SVD,0,132.1,
1,174,SVD,2,142.3,
1,175,SVD,2,207.3,
1,176,SVD,0,132.7,
1,177,SVD,1,133.6,
1,178,SVD,3,145.9,
1,179,SVD,2,110.2,
1,180,SVD,0,70.0,
1,181,SVD,0,192.5,
1,182,SVD,0,148.3,
1,183,SVD,1,114.6,
1,184,SVD,1,132.1,
1,185,SVD,1,153.7,
1,186,SVD,0,158.2,
1,187,SVD,0,117.8,
1,188,SVD,1,118.3,
1,189,SVD,4,169.2,
1,190,SVD,0,220.0,
1,191,SVD,0,107.6,
1,192,SVD,1,154.9,
1,193,SVD,0,167.4,
1,194,SVD,4,128.0,
1,195,SVD,1,223.7,
1,196,SVD,0,114.1,
1,197,SVD,2,174.1,
1,198,SVD,4,169.7,
1,199,SVD,1,134.8,
1,200,SVD,3,176.4,
1,201,SVD,2,72.4,
1,202,SVD,0,145.3,
1,203,SVD,1,206.6,
1,204,SVD,0,115.3,
1,205,SVD,0,120.9,
1,206,SVD,1,134.2,
1,207,SVD,1,102.2,
1,208,SVD,0,184.4,
1,209,SVD,2,189.9,
1,210,SVD,3,207.5,
1,211,SVD,0,210.2,
1,212,SVD,0,136.5,
1,213,SVD,4,103.4,
1,214,SVD,4,109.8,
1,215,SVD,3,141.1,
1,216,SVD,2,155.3,
1,217,SVD,0,86.8,
1,218,SVD,1,122.8,
1,219,SVD,1,105.6,
1,220,SVD,0,138.5,
1,221,SVD,2,106.9,
1,222,SVD,5,157.6,
1,223,SVD,1,141.0,
1,224,SVD,3,198.3,
1,225,SVD,1,155.7,
1,226,SVD,1,194.2,
1,227,SVD,0,156.9,
1,228,SVD,2,178.7,
1,229,SVD,0,129.5,
1,230,SVD,1,145.2,
1,231,SVD,0,138.5,
1,232,SVD,3,120.8,
1,233,SVD,0,56.0,
1,234,SVD,6,159.4,
1,235,SVD,2,103.9,
1,236,SVD,0,90.4,
1,237,SVD,2,84.2,
1,238,SVD,0,149.6,
1,239,SVD,1,35.2,
1,240,SVD,0,100.7,
1,241,SVD,0,205.7,
1,242,SVD,0,176.9,
1,243,SVD,0,107.4,
1,244,SVD,0,116.7,
1,245,SVD,0,122.5,
1,246,SVD,0,175.5,
1,247,SVD,2,148.8,
1,248,SVD,2,121.7,
1,249,SVD,2,92.8,
1,250,SVD,3,155.9,
1,251,SVD,3,205.8,
1,252,SVD,0,142.9,
1,253,SVD,4,212.0,
1,254,SVD,2,143.0,
1,255,SVD,0,144.2,
1,256,SVD,0,94.6,
1,257,SVD,0,129.7,
1,258,SVD,0,150.4,
1,259,SVD,1,114.2,
1,260,SVD,0,117.2,
1,261,SVD,0,133.8,
1,262,SVD,2,96.0,
1,263,SVD,3,141.2,
1,264,SVD,1,201.7,
1,265,SVD,0,123.7,
1,266,SVD,0,127.7,
1,267,SVD,5,178.0,
1,268,SVD,4,114.4,
1,269,SVD,6,135.0,
1,270,SVD,1,142.9,
1,271,SVD,5,176.2,
1,272,SVD,4,137.5,
1,273,SVD,0,176.5,
1,274,SVD,1,167.6,
1,275,SVD,0,118.3,
1,276,SVD,6,168.0,
1,277,SVD,0,136.0,
1,278,SVD,0,122.1,
1,279,SVD,0,15.9,
1,280,SVD,1,80.5,
1,281,SVD,0,183.8,
1,282,SVD,0,113.2,
1,283,SVD,1,134.4,
1,284,SVD,0,112.5,
1,285,SVD,0,148.0,
1,286,SVD,1,118.9,
1,287,SVD,0,107.5,
1,288,SVD,3,146.6,
1,289,SVD,0,158.2,
1,290,SVD,2,148.5,
1,291,SVD,1,170.9,
1,292,SVD,2,112.9,
1,293,SVD,6,109.3,
1,294,SVD,1,157.0,
1,295,SVD,2,95.6,
1,296,SVD,2,165.8,
1,297,SVD,2,155.9,
1,298,SVD,2,165.0,
1,299,SVD,2,133.1,
1,300,SVD,0,144.8,
1,301,SVD,4,146.1,
1,302,SVD,0,143.6,
1,303,SVD,6,145.5,
1,304,SVD,0,189.5,
1,305,SVD,3,79.3,
1,306,SVD,0,160.0,
1,307,SVD,5,130.5,
1,308,SVD,3,86.5,
1,309,SVD,0,180.8,
1,310,SVD,0,191.2,
1,311,SVD,4,177.9,
1,312,SVD,6,178.8,
1,313,SVD,4,120.6,
1,314,SVD,1,165.6,
1,315,SVD,2,150.7,
1,316,SVD,4,133.7,
1,317,SVD,0,102.6,
1,318,SVD,1,95.0,
1,319,SVD,0,116.9,
1,320,SVD,2,170.6,
1,321,SVD,2,99.5,
1,322,SVD,4,209.9,
1,323,SVD,1,163.8,
1,324,SVD,0,138.5,
1,325,SVD,2,122.4,
1,326,SVD,4,159.4,
1,327,SVD,1,122.2,
1,328,SVD,3,149.2,
1,329,SVD,2,145.3,
1,330,SVD,2,143.6,
1,331,SVD,1,106.4,
1,332,SVD,2,113.9,
1,333,SVD,0,193.2,
1,334,SVD,2,106.4,
1,335,SVD,0,131.8,
1,336,SVD,0,176.3,
1,337,SVD,0,136.6,
1,338,SVD,4,142.6,
1,339,SVD,2,103.7,
1,340,SVD,2,225.7,
1,341,SVD,0,159.2,
1,342,SVD,5,150.5,
1,343,SVD,3,94.0,
1,344,SVD,1,118.6,
1,345,SVD,2,168.3,
1,346,SVD,1,111.9,
1,347,SVD,4,202.6,
1,348,SVD,1,162.9,
1,349,SVD,0,153.8,
1,350,SVD,0,140.1,
1,351,SVD,0,98.3,
1,352,SVD,0,124.8,
1,353,SVD,0,191.3,
1,354,SVD,1,86.2,
1,355,SVD,0,141.7,
1,356,SVD,0,158.1,
1,357,SVD,0,234.1,
1,358,SVD,0,75.6,
1,359,SVD,0,155.2,
1,360,SVD,2,134.5,
1,361,SVD,1,162.8,
1,362,SVD,0,182.9,
1,363,SVD,2,94.4,
1,364,SVD,0,163.3,
1,365,SVD,0,148.0,
1,366,SVD,0,104.2,
1,367,SVD,0,143.0,
1,368,SVD,1,207.9,
1,369,SVD,0,161.9,
1,370,SVD,0,123.5,
1,371,SVD,1,150.3,
1,372,SVD,0,116.0,
1,373,SVD,1,118.4,
1,374,SVD,1,82.8,
1,375,SVD,0,128.3,
1,376,SVD,0,122.7,
1,377,SVD,0,193.0,
1,378,SVD,2,165.2,
1,379,SVD,4,174.0,
1,380,SVD,2,99.8,
1,381,SVD,1,172.0,
1,382,SVD,1,90.1,
1,383,SVD,2,163.8,
1,384,SVD,0,123.4,
1,385,SVD,4,106.1,
1,386,SVD,0,142.9,
1,387,SVD,3,119.4,
1,388,SVD,1,227.1,
1,389,SVD,1,111.7,
1,390,SVD,0,159.6,
1,391,SVD,3,119.9,
1,392,SVD,2,178.8,
1,393,SVD,1,102.9,
1,394,SVD,1,171.8,
1,395,SVD,3,173.6,
1,396,SVD,0,168.0,
1,397,SVD,0,137.0,
1,398,SVD,4,204.3,
1,399,SVD,0,68.6,
1,400,SVD,0,129.0,
1,401,SVD,0,20.1,
1,402,SVD,0,140.6,
1,403,SVD,0,135.8,
1,404,SVD,1,204.1,
1,405,SVD,2,132.1,
1,406,SVD,3,72.3,
1,407,SVD,2,194.2,
1,408,SVD,0,64.1,
1,409,SVD,1,112.3,
1,410,SVD,0,141.7,
1,411,SVD,0,102.6,
1,412,SVD,2,184.1,
1,413,SVD,0,144.8,
1,414,SVD,0,191.3,
1,415,SVD,0,165.7,
1,416,SVD,4,138.0,
1,417,SVD,2,123.3,
1,418,SVD,0,175.9,
1,419,SVD,0,140.5,
1,420,SVD,0,92.2,
1,421,SVD,0,136.9,
1,422,SVD,0,152.9,
1,423,SVD,0,139.4,
1,424,SVD,0,60.6,
1,425,SVD,0,90.5,
1,426,SVD,1,121.6,
1,427,SVD,0,107.6,
1,428,SVD,0,189.3,
1,429,SVD,4,134.6,
1,430,SVD,0,141.6,
1,431,SVD,0,212.7,
1,432,SVD,0,126.3,
1,433,SVD,0,115.1,
1,434,SVD,0,184.1,
1,435,SVD,1,83.4,
1,436,SVD,0,122.7,
1,437,SVD,1,88.5,
1,438,SVD,0,146.4,
1,439,SVD,0,133.1,
1,440,SVD,0,184.4,
1,442,SVD,0,172.1,
1,444,SVD,0,149.6,
1,445,SVD,0,139.9,
1,447,SVD,0,161.2,
1,448,SVD,0,137.4,
1,449,SVD,0,103.6,
1,450,SVD,3,83.6,
1,451,SVD,0,181.6,
1,452,SVD,0,112.8,
1,453,SVD,0,125.0,
1,454,SVD,0,30.5,
1,455,SVD,0,82.5,
1,456,SVD,0,78.5,
1,457,SVD,0,97.6,
1,458,SVD,0,37.4,
1,462,SVD,0,221.9,
1,1,Mais populares,5,363.3,
1,2,Mais populares,1,341.3,
1,3,Mais populares,0,374.5,
1,4,Mais populares,3,389.4,
1,5,Mais populares,2,366.6,
1,6,Mais populares,2,371.1,
1,7,Mais populares,7,348.9,
1,8,Mais populares,3,388.2,
1,9,Mais populares,1,377.0,
1,10,Mais populares,4,374.4,
1,11,Mais populares,1,381.2,
1,12,Mais populares,2,396.4,
1,13,Mais populares,6,348.1,
1,14,Mais populares,4,391.7,
1,15,Mais populares,1,360.6,
1,16,Mais populares,5,376.1,
1,17,Mais populares,1,378.3,
1,18,Mais populares,2,370.1,
1,19,Mais populares,1,386.3,
1,20,Mais populares,0,371.0,
1,21,Mais populares,3,362.4,
1,22,Mais populares,1,367.9,
1,23,Mais populares,3,370.4,
1,24,Mais populares,4,387.7,
1,25,Mais populares,4,391.2,
1,26,Mais populares,2,349.3,
1,27,Mais populares,2,369.7,
1,28,Mais populares,4,386.9,
1,29,Mais populares,1,390.8,
1,30,Mais populares,3,373.0,
1,31,Mais populares,0,396.4,
1,32,Mais populares,0,366.3,
1,33,Mais populares,1,382.3,
1,34,Mais populares,1,386.3,
1,35,Mais populares,0,389.4,
1,36,Mais populares,0,391.7,
1,37,Mais populares,2,374.8,
1,38,Mais populares,1,383.5,
1,39,Mais populares,1,386.3,
1,40,Mais populares,1,390.8,
1,41,Mais populares,5,382.4,
1,42,Mais populares,1,354.2,
1,43,Mais populares,9,365.0,
1,44,Mais populares,3,353.4,
1,45,Mais populares,4,366.3,
1,46,Mais populares,2,365.0,
1,47,Mais populares,0,377.9,
1,48,Mais populares,3,391.4,
1,49,Mais populares,3,362.1,
1,50,Mais populares,0,386.2,
1,51,Mais populares,0,374.2,
1,52,Mais populares,0,371.9,
1,53,Mais populares,4,381.1,
1,54,Mais populares,5,367.8,
1,55,Mais populares,1,366.6,
1,56,Mais populares,6,381.2,
1,57,Mais populares,4,344.1,
1,58,Mais populares,5,363.6,
1,59,Mais populares,5,371.7,
1,60,Mais populares,2,357.1,
1,61,Mais populares,0,381.2,
1,62,Mais populares,4,364.1,
1,63,Mais populares,3,353.6,
1,64,Mais populares,6,347.4,
1,65,Mais populares,1,360.4,
1,66,Mais populares,3,355.8,
1,67,Mais populares,1,396.4,
1,68,Mais populares,3,367.1,
1,69,Mais populares,4,354.9,
1,70,Mais populares,1,376.8,
1,71,Mais populares,1,372.0,
1,72,Mais populares,3,373.9,
1,73,Mais populares,2,392.5,
1,74,Mais populares,2,381.2,
1,75,Mais populares,2,387.1,
1,76,Mais populares,2,396.4,
1,77,Mais populares,2,388.1,
1,78,Mais populares,0,386.3,
1,79,Mais populares,3,386.3,
1,80,Mais populares,0,391.3,
1,81,Mais populares,1,374.5,
1,82,Mais populares,2,333.5,
1,83,Mais populares,3,369.3,
1,84,Mais populares,3,355.7,
1,85,Mais populares,3,347.8,
1,86,Mais populares,1,396.4,
1,87,Mais populares,1,352.8,
1,88,Mais populares,0,390.8,
1,89,Mais populares,3,357.8,
1,90,Mais populares,2,384.0,
1,91,Mais populares,2,369.4,
1,92,Mais populares,6,338.5,
1,93,Mais populares,0,391.2,
1,94,Mais populares,5,375.6,
1,95,Mais populares,5,369.6,
1,96,Mais populares,3,385.1,
1,97,Mais populares,2,387.0,
1,98,Mais populares,0,396.4,
1,99,Mais populares,8,375.0,
1,100,Mais populares,0,373.3,
1,101,Mais populares,2,376.4,
1,102,Mais populares,2,357.7,
1,103,Mais populares,2,383.2,
1,104,Mais populares,1,338.1,
1,105,Mais populares,2,391.7,
1,106,Mais populares,2,391.3,
1,107,Mais populares,1,386.9,
1,108,Mais populares,2,384.3,
1,109,Mais populares,7,362.3,
1,110,Mais populares,0,377.0,
1,111,Mais populares,0,385.8,
1,112,Mais populares,2,385.2,
1,113,Mais populares,3,359.3,
1,114,Mais populares,1,396.4,
1,115,Mais populares,4,385.1,
1,116,Mais populares,0,347.5,
1,117,Mais populares,5,396.4,
1,118,Mais populares,1,376.9,
1,119,Mais populares,6,321.1,
1,120,Mais populares,1,360.5,
1,121,Mais populares,2,361.5,
1,122,Mais populares,0,396.4,
1,123,Mais populares,1,370.1,
1,124,Mais populares,0,392.1,
1,125,Mais populares,3,369.4,
1,126,Mais populares,2,390.8,
1,127,Mais populares,3,376.2,
1,128,Mais populares,5,374.8,
1,129,Mais populares,0,390.8,
1,130,Mais populares,9,340.5,
1,131,Mais populares,3,396.4,
1,132,Mais populares,0,365.7,
1,133,Mais populares,1,390.8,
1,134,Mais populares,1,387.1,
1,135,Mais populares,2,391.7,
1,136,Mais populares,2,383.0,
1,137,Mais populares,3,376.7,
1,138,Mais populares,2,392.5,
1,139,Mais populares,2,386.2,
1,140,Mais populares,0,378.7,
1,141,Mais populares,5,357.9,
1,142,Mais populares,1,391.4,
1,143,Mais populares,0,369.4,
1,144,Mais populares,6,345.1,
1,145,Mais populares,6,374.8,
1,146,Mais populares,0,377.6,
1,147,Mais populares,1,392.0,
1,148,Mais populares,2,367.4,
1,149,Mais populares,0,381.8,
1,150,Mais populares,3,391.7,
1,151,Mais populares,4,343.8,
1,152,Mais populares,1,390.1,
1,153,Mais populares,1,356.7,
1,154,Mais populares,2,382.3,
1,155,Mais populares,1,390.5,
1,156,Mais populares,0,391.3,
1,157,Mais populares,2,360.0,
1,158,Mais populares,5,374.6,
1,159,Mais populares,2,386.3,
1,160,Mais populares,4,383.4,
1,161,Mais populares,0,365.9,
1,162,Mais populares,4,387.1,
1,163,Mais populares,0,389.4,
1,164,Mais populares,3,385.1,
1,165,Mais populares,2,396.4,
1,166,Mais populares,2,386.6,
1,167,Mais populares,0,391.7,
1,168,Mais populares,2,367.2,
1,169,Mais populares,3,372.2,
1,170,Mais populares,0,373.0,
1,171,Mais populares,0,377.9,
1,172,Mais populares,0,396.4,
1,173,Mais populares,3,390.6,
1,174,Mais populares,2,361.9,
1,175,Mais populares,1,376.9,
1,176,Mais populares,3,383.8,
1,177,Mais populares,4,342.4,
1,178,Mais populares,8,350.0,
1,179,Mais populares,1,390.5,
1,180,Mais populares,1,382.4,
1,181,Mais populares,2,381.9,
1,182,Mais populares,0,367.1,
1,183,Mais populares,0,360.8,
1,184,Mais populares,5,369.7,
1,185,Mais populares,2,357.3,
1,186,Mais populares,2,380.8,
1,187,Mais populares,0,395.6,
1,188,Mais populares,4,346.5,
1,189,Mais populares,5,374.2,
1,190,Mais populares,2,372.1,
1,191,Mais populares,1,395.6,
1,192,Mais populares,2,372.8,
1,193,Mais populares,4,369.9,
1,194,Mais populares,3,360.6,
1,195,Mais populares,3,396.4,
1,196,Mais populares,1,396.4,
1,197,Mais populares,5,382.4,
1,198,Mais populares,4,346.0,
1,199,Mais populares,2,387.0,
1,200,Mais populares,6,387.4,
1,201,Mais populares,6,344.0,
1,202,Mais populares,0,386.3,
1,203,Mais populares,2,377.2,
1,204,Mais populares,0,390.5,
1,205,Mais populares,0,382.6,
1,206,Mais populares,2,395.6,
1,207,Mais populares,2,392.0,
1,208,Mais populares,0,396.4,
1,209,Mais populares,1,373.6,
1,210,Mais populares,3,376.2,
1,211,Mais populares,1,396.4,
1,212,Mais populares,1,396.4,
1,213,Mais populares,6,358.6,
1,214,Mais populares,2,376.8,
1,215,Mais populares,1,349.8,
1,216,Mais populares,3,357.3,
1,217,Mais populares,0,369.9,
1,218,Mais populares,1,386.3,
1,219,Mais populares,0,390.6,
1,220,Mais populares,2,381.2,
1,221,Mais populares,3,344.7,
1,222,Mais populares,9,330.4,
1,223,Mais populares,2,390.4,
1,224,Mais populares,2,392.0,
1,225,Mais populares,0,392.0,
1,226,Mais populares,1,391.6,
1,227,Mais populares,1,374.9,
1,228,Mais populares,1,392.0,
1,229,Mais populares,1,390.5,
1,230,Mais populares,3,367.5,
1,231,Mais populares,2,374.1,
1,232,Mais populares,3,357.5,
1,233,Mais populares,2,369.7,
1,234,Mais populares,2,357.5,
1,235,Mais populares,2,367.1,
1,236,Mais populares,3,347.4,
1,237,Mais populares,1,388.8,
1,238,Mais populares,2,386.6,
1,239,Mais populares,1,366.7,
1,240,Mais populares,1,392.0,
1,241,Mais populares,0,382.9,
1,242,Mais populares,0,387.1,
1,243,Mais populares,1,392.5,
1,244,Mais populares,6,370.0,
1,245,Mais populares,2,389.4,
1,246,Mais populares,3,362.3,
1,247,Mais populares,2,364.7,
1,248,Mais populares,3,374.0,
1,249,Mais populares,5,345.2,
1,250,Mais populares,4,347.5,
1,251,Mais populares,5,383.1,
1,252,Mais populares,2,387.7,
1,253,Mais populares,4,378.1,
1,254,Mais populares,3,384.3,
1,255,Mais populares,3,376.3,
1,256,Mais populares,5,356.2,
1,257,Mais populares,2,379.7,
1,258,Mais populares,0,373.3,
1,259,Mais populares,0,362.8,
1,260,Mais populares,0,385.5,
1,261,Mais populares,1,390.5,
1,262,Mais populares,2,357.4,
1,263,Mais populares,1,339.1,
1,264,Mais populares,1,378.6,
1,265,Mais populares,2,352.0,
1,266,Mais populares,0,386.5,
1,267,Mais populares,2,376.3,
1,268,Mais populares,4,336.9,
1,269,Mais populares,2,387.3,
1,270,Mais populares,3,381.1,
1,271,Mais populares,2,368.7,
1,272,Mais populares,2,382.0,
1,273,Mais populares,0,392.0,
1,274,Mais populares,4,381.1,
1,275,Mais populares,1,349.8,
1,276,Mais populares,9,345.0,
1,277,Mais populares,2,359.8,
1,278,Mais populares,1,377.9,
1,279,Mais populares,3,365.7,
1,280,Mais populares,4,391.0,
1,281,Mais populares,0,382.3,
1,282,Mais populares,3,395.6,
1,283,Mais populares,1,385.9,
1,284,Mais populares,2,396.4,
1,285,Mais populares,2,373.2,
1,286,Mais populares,5,384.1,
1,287,Mais populares,3,361.3,
1,288,Mais populares,4,360.2,
1,289,Mais populares,0,395.5,
1,290,Mais populares,1,376.7,
1,291,Mais populares,6,357.0,
1,292,Mais populares,5,367.1,
1,293,Mais populares,3,310.9,
1,294,Mais populares,5,321.2,
1,295,Mais populares,3,352.0,
1,296,Mais populares,6,343.9,
1,297,Mais populares,6,342.5,
1,298,Mais populares,3,358.0,
1,299,Mais populares,5,383.4,
1,300,Mais populares,0,382.3,
1,301,Mais populares,9,325.2,
1,302,Mais populares,0,391.4,
1,303,Mais populares,8,336.6,
1,304,Mais populares,0,382.6,
1,305,Mais populares,3,364.0,
1,306,Mais populares,1,385.8,
1,307,Mais populares,2,353.6,
1,308,Mais populares,5,362.0,
1,309,Mais populares,0,385.8,
1,310,Mais populares,1,377.0,
1,311,Mais populares,6,373.2,
1,312,Mais populares,1,363.6,
1,313,Mais populares,4,341.3,
1,314,Mais populares,2,382.7,
1,315,Mais populares,2,382.5,
1,316,Mais populares,0,380.2,
1,317,Mais populares,1,391.7,
1,318,Mais populares,2,377.8,
1,319,Mais populares,0,396.4,
1,320,Mais populares,4,386.1,
1,321,Mais populares,3,388.8,
1,322,Mais populares,1,390.6,
1,323,Mais populares,3,343.2,
1,324,Mais populares,3,353.6,
1,325,Mais populares,4,374.9,
1,326,Mais populares,1,376.8,
1,327,Mais populares,5,348.6,
1,328,Mais populares,4,334.6,
1,329,Mais populares,4,361.9,
1,330,Mais populares,5,387.0,
1,331,Mais populares,1,387.7,
1,332,Mais populares,8,364.1,
1,333,Mais populares,0,375.1,
1,334,Mais populares,5,325.2,
1,335,Mais populares,1,389.4,
1,336,Mais populares,0,345.2,
1,337,Mais populares,1,371.4,
1,338,Mais populares,2,387.7,
1,339,Mais populares,4,363.6,
1,340,Mais populares,3,382.4,
1,341,Mais populares,1,396.4,
1,342,Mais populares,3,383.4,
1,343,Mais populares,3,335.4,
1,344,Mais populares,4,343.4,
1,345,Mais populares,5,329.1,
1,346,Mais populares,3,342.4,
1,347,Mais populares,7,335.5,
1,348,Mais populares,4,395.5,
1,349,Mais populares,0,390.0,
1,350,Mais populares,3,362.1,
1,351,Mais populares,1,381.5,
1,352,Mais populares,1,373.4,
1,353,Mais populares,1,390.6,
1,354,Mais populares,1,348.0,
1,355,Mais populares,1,386.9,
1,356,Mais populares,0,369.4,
1,357,Mais populares,2,391.2,
1,358,Mais populares,0,387.4,
1,359,Mais populares,1,362.2,
1,360,Mais populares,3,347.0,
1,361,Mais populares,2,371.6,
1,362,Mais populares,2,395.6,
1,363,Mais populares,3,310.8,
1,364,Mais populares,1,386.6,
1,365,Mais populares,1,370.4,
1,366,Mais populares,0,391.7,
1,367,Mais populares,3,382.4,
1,368,Mais populares,1,380.0,
1,369,Mais populares,1,382.4,
1,370,Mais populares,0,353.7,
1,371,Mais populares,2,364.0,
1,372,Mais populares,1,386.2,
1,373,Mais populares,0,363.1,
1,374,Mais populares,6,339.1,
1,375,Mais populares,1,391.7,
1,376,Mais populares,0,375.2,
1,377,Mais populares,1,385.2,
1,378,Mais populares,6,362.2,
1,379,Mais populares,2,358.1,
1,380,Mais populares,1,350.0,
1,381,Mais populares,2,383.0,
1,382,Mais populares,0,359.0,
1,383,Mais populares,0,386.5,
1,384,Mais populares,0,381.8,
1,385,Mais populares,1,374.1,
1,386,Mais populares,1,388.6,
1,387,Mais populares,3,310.9,
1,388,Mais populares,1,348.8,
1,389,Mais populares,2,344.7,
1,390,Mais populares,2,374.4,
1,391,Mais populares,3,345.4,
1,392,Mais populares,1,345.1,
1,393,Mais populares,4,356.8,
1,394,Mais populares,4,360.7,
1,395,Mais populares,2,315.8,
1,396,Mais populares,1,377.6,
1,397,Mais populares,2,341.4,
1,398,Mais populares,2,379.3,
1,399,Mais populares,0,324.6,
1,400,Mais populares,1,369.4,
1,401,Mais populares,1,363.9,
1,402,Mais populares,2,338.8,
1,403,Mais populares,2,341.7,
1,404,Mais populares,1,373.6,
1,405,Mais populares,2,362.8,
1,406,Mais populares,2,335.4,
1,407,Mais populares,3,324.8,
1,408,Mais populares,0,374.4,
1,409,Mais populares,2,375.7,
1,410,Mais populares,1,390.6,
1,411,Mais populares,0,352.9,
1,412,Mais populares,0,383.9,
1,413,Mais populares,0,342.6,
1,414,Mais populares,1,381.5,
1,415,Mais populares,0,390.2,
1,416,Mais populares,8,291.0,
1,417,Mais populares,3,282.9,
1,418,Mais populares,0,381.5,
1,419,Mais populares,0,341.0,
1,420,Mais populares,0,375.5,
1,421,Mais populares,0,368.8,
1,422,Mais populares,1,316.3,
1,423,Mais populares,1,383.7,
1,424,Mais populares,0,322.3,
1,425,Mais populares,2,275.1,
1,426,Mais populares,0,373.7,
1,427,Mais populares,1,385.8,
1,428,Mais populares,0,374.4,
1,429,Mais populares,2,287.2,
1,430,Mais populares,0,291.9,
1,431,Mais populares,1,390.2,
1,432,Mais populares,3,334.3,
1,433,Mais populares,1,379.1,
1,434,Mais populares,0,383.3,
1,435,Mais populares,2,257.7,
1,436,Mais populares,0,374.5,
1,437,Mais populares,1,329.5,
1,438,Mais populares,1,357.6,
1,439,Mais populares,0,377.1,
1,440,Mais populares,0,389.4,
1,442,Mais populares,1,335.2,
1,444,Mais populares,1,373.2,
1,445,Mais populares,0,315.1,
1,447,Mais populares,3,297.2,
1,448,Mais populares,0,377.9,
1,449,Mais populares,1,383.4,
1,450,Mais populares,5,241.6,
1,451,Mais populares,2,377.9,
1,452,Mais populares,0,311.8,
1,453,Mais populares,1,336.1,
1,454,Mais populares,0,315.6,
1,455,Mais populares,0,262.4,
1,456,Mais populares,0,311.4,
1,457,Mais populares,0,262.7,
1,458,Mais populares,0,307.5,
1,462,Mais populares,0,370.7,
2,1,KNN por nota,0,2.9,1.3
2,2,KNN por nota,0,6.4,1.1
2,3,KNN por nota,1,4.8,1.7
2,4,KNN por nota,0,4.9,1.0
2,5,KNN por nota,0,3.9,1.0
2,6,KNN por nota,0,3.2,1.3
2,7,KNN por nota,0,2.9,1.4
2,8,KNN por nota,0,5.2,1.2
2,9,KNN por nota,0,5.6,1.3
2,10,KNN por nota,0,3.7,1.3
2,11,KNN por nota,0,2.8,1.1
2,12,KNN por nota,0,4.2,1.5
2,13,KNN por nota,0,3.2,1.8
2,14,KNN por nota,0,2.6,1.1
2,15,KNN por nota,0,4.8,1.0
2,16,KNN por nota,0,3.4,1.1
2,17,KNN por nota,0,4.6,1.1
2,18,KNN por nota,0,3.2,1.0
2,19,KNN por nota,0,4.3,1.3
2,20,KNN por nota,0,4.5,1.2
2,21,KNN por nota,0,3.5,1.1
2,22,KNN por nota,0,4.4,1.1
2,23,KNN por nota,0,3.0,1.1
2,24,KNN por nota,0,4.6,1.3
2,25,KNN por nota,0,4.1,1.0
2,26,KNN por nota,0,4.3,1.2
2,27,KNN por nota,0,4.5,1.5
2,28,KNN por nota,0,3.9,1.1
2,29,KNN por nota,0,3.9,1.3
2,30,KNN por nota,0,8.6,2.0
2,31,KNN por nota,0,3.8,1.3
2,32,KNN por nota,0,4.8,1.6
2,33,KNN por nota,0,6.8,1.7
2,34,KNN por nota,0,4.2,1.1
2,35,KNN por nota,0,11.2,1.6
2,36,KNN por nota,0,6.4,1.5
2,37,KNN por nota,0,4.9,1.7
2,38,KNN por nota,0,5.4,1.1
2,39,KNN por nota,0,6.5,1.6
2,40,KNN por nota,0,4.6,1.6
2,41,KNN por nota,0,4.9,1.5
2,42,KNN por nota,0,4.0,1.5
2,43,KNN por nota,1,12.8,4.6
2,44,KNN por nota,0,2.7,1.3
2,45,KNN por nota,0,4.5,1.2
2,46,KNN por nota,0,4.3,1.1
2,47,KNN por nota,0,5.3,1.4
2,48,KNN por nota,0,3.0,1.3
2,49,KNN por nota,0,3.4,1.9
2,50,KNN por nota,0,7.6,1.8
2,51,KNN por nota,0,4.6,1.0
2,52,KNN por nota,0,4.2,1.1
2,53,KNN por nota,0,3.8,1.4
2,54,KNN por nota,0,5.3,1.4
2,55,KNN por nota,0,3.8,1.5
2,56,KNN por nota,0,5.2,1.1
2,57,KNN por nota,0,4.3,1.3
2,58,KNN por nota,0,4.2,1.4
2,59,KNN por nota,0,3.7,1.4
2,60,KNN por nota,0,2.4,1.3
2,61,KNN por nota,0,3.6,1.1
2,62,KNN por nota,0,2.6,1.3
2,63,KNN por nota,0,4.8,1.2
2,64,KNN por nota,0,3.0,1.0
2,65,KNN por nota,0,3.5,1.0
2,66,KNN por nota,0,5.7,1.2
2,67,KNN por nota,0,3.2,1.0
2,68,KNN por nota,0,4.1,1.4
2,69,KNN por nota,0,3.2,1.2
2,70,KNN por nota,0,3.0,1.1
2,71,KNN por nota,0,4.9,1.9
2,72,KNN por nota,0,3.0,1.1
2,73,KNN por nota,0,3.8,1.6
2,74,KNN por nota,0,6.3,1.0
2,75,KNN por nota,0,3.8,1.3
2,76,KNN por nota,0,4.9,1.4
2,77,KNN por nota,0,3.7,1.8
2,78,KNN por nota,0,8.5,1.9
2,79,KNN por nota,0,4.1,1.1
2,80,KNN por nota,0,4.4,1.8
2,81,KNN por nota,0,2.5,1.2
2,82,KNN por nota,0,3.4,1.2
2,83,KNN por nota,0,5.7,1.2
2,84,KNN por nota,0,5.3,1.5
2,85,KNN por nota,0,3.5,1.5
2,86,KNN por nota,0,5.2,1.2
2,87,KNN por nota,0,3.3,1.0
2,88,KNN por nota,0,7.1,2.1
2,89,KNN por nota,0,3.2,1.1
2,90,KNN por nota,0,6.3,2.7
2,91,KNN por nota,0,6.7,1.3
2,92,KNN por nota,0,4.0,1.2
2,93,KNN por nota,0,4.4,1.4
2,94,KNN por nota,0,3.5,1.8
2,95,KNN por nota,0,3.0,1.1
2,96,KNN por nota,0,5.7,1.4
2,97,KNN por nota,0,3.5,1.2
2,98,KNN por nota,0,3.9,1.4
2,99,KNN por nota,0,5.5,1.1
2,100,KNN por nota,0,3.8,1.2
2,101,KNN por nota,0,7.0,1.2
2,102,KNN por nota,0,5.0,1.2
2,103,KNN por nota,0,6.8,2.4
2,104,KNN por nota,0,4.8,1.3
2,105,KNN por nota,0,5.0,1.1
2,106,KNN por nota,0,2.4,1.2
2,107,KNN por nota,0,4.3,1.4
2,108,KNN por nota,0,2.9,1.3
2,109,KNN por nota,0,11.4,1.7
2,110,KNN por nota,0,3.7,1.1
2,111,KNN por nota,0,3.8,1.1
2,112,KNN por nota,0,8.0,1.6
2,113,KNN por nota,0,5.9,1.1
2,114,KNN por nota,0,3.3,1.5
2,115,KNN por nota,0,3.4,1.8
2,116,KNN por nota,0,3.4,1.0
2,117,KNN por nota,0,9.0,1.4
2,118,KNN por nota,0,3.2,1.7
2,119,KNN por nota,0,8.7,2.4
2,120,KNN por nota,0,4.6,1.8
2,121,KNN por nota,0,3.6,1.2
2,122,KNN por nota,0,3.7,1.5
2,123,KNN por nota,0,2.6,1.2
2,124,KNN por nota,0,6.1,2.0
2,125,KNN por nota,0,5.4,1.1
2,126,KNN por nota,0,4.4,1.1
2,127,KNN por nota,0,8.2,2.2
2,128,KNN por nota,0,3.3,1.2
2,129,KNN por nota,0,6.9,1.2
2,130,KNN por nota,0,3.5,1.2
2,131,KNN por nota,0,6.3,1.5
2,132,KNN por nota,0,5.7,1.4
2,133,KNN por nota,0,4.6,1.1
2,134,KNN por nota,0,5.7,1.4
2,135,KNN por nota,0,4.0,1.6
2,136,KNN por nota,0,4.7,1.0
2,137,KNN por nota,0,6.7,1.9
2,138,KNN por nota,0,4.8,1.8
2,139,KNN por nota,0,5.2,1.0
2,140,KNN por nota,0,3.2,1.2
2,141,KNN por nota,0,5.9,1.0
2,142,KNN por nota,0,3.6,1.0
2,143,KNN por nota,0,4.6,1.1
2,144,KNN por nota,0,3.7,1.3
2,145,KNN por nota,0,2.8,1.3
2,146,KNN por nota,0,5.0,1.6
2,147,KNN por nota,0,10.5,2.2
2,148,KNN por nota,0,3.9,1.5
2,149,KNN por nota,0,3.9,1.3
2,150,KNN por nota,0,4.6,1.2
2,151,KNN por nota,0,3.3,1.9
2,152,KNN por nota,0,5.2,1.1
2,153,KNN por nota,0,3.8,1.3
2,154,KNN por nota,0,3.7,1.9
2,156,KNN por nota,0,2.6,1.5
2,157,KNN por nota,0,4.6,1.7
2,158,KNN por nota,0,2.9,1.1
2,159,KNN por nota,0,7.3,1.7
2,160,KNN por nota,0,2.7,1.5
2,161,KNN por nota,0,2.7,1.1
2,162,KNN por nota,0,5.8,1.2
2,163,KNN por nota,0,3.8,1.2
2,164,KNN por nota,0,13.6,2.6
2,165,KNN por nota,0,4.0,1.2
2,166,KNN por nota,0,7.5,1.0
2,167,KNN por nota,0,2.2,1.2
2,168,KNN por nota,0,6.5,1.3
2,169,KNN por nota,0,3.8,1.0
2,170,KNN por nota,0,4.0,1.1
2,171,KNN por nota,0,4.1,1.2
2,173,KNN por nota,0,7.1,2.5
2,174,KNN por nota,0,3.3,1.2
2,175,KNN por nota,0,5.4,1.2
2,176,KNN por nota,0,3.1,1.2
2,177,KNN por nota,0,3.7,1.3
2,178,KNN por nota,0,4.1,1.1
2,179,KNN por nota,0,5.8,1.2
2,180,KNN por nota,0,3.4,1.1
2,181,KNN por nota,0,11.8,1.1
2,182,KNN por nota,0,3.9,1.9
2,183,KNN por nota,0,4.9,1.2
2,184,KNN por nota,0,3.3,1.4
2,185,KNN por nota,0,4.1,1.2
2,186,KNN por nota,0,4.5,1.0
2,187,KNN por nota,0,5.2,1.1
2,188,KNN por nota,0,4.3,1.2
2,189,KNN por nota,0,3.5,1.3
2,190,KNN por nota,0,14.5,3.5
2,191,KNN por nota,0,7.2,1.8
2,192,KNN por nota,0,4.9,1.2
2,193,KNN por nota,0,5.1,1.4
2,194,KNN por nota,0,3.2,1.8
2,195,KNN por nota,0,3.3,1.3
2,196,KNN por nota,0,3.7,1.1
2,197,KNN por nota,0,3.0,1.1
2,198,KNN por nota,0,4.1,1.4
2,199,KNN por nota,0,4.9,1.2
2,200,KNN por nota,0,4.1,1.7
2,201,KNN por nota,0,3.8,1.3
2,202,KNN por nota,0,7.7,1.3
2,203,KNN por nota,0,4.8,1.1
2,204,KNN por nota,0,5.3,1.8
2,205,KNN por nota,0,11.5,2.2
2,206,KNN por nota,0,3.1,1.0
2,207,KNN por nota,0,3.3,1.5
2,208,KNN por nota,0,4.7,1.4
2,209,KNN por nota,0,3.6,1.2
2,210,KNN por nota,0,3.8,1.3
2,211,KNN por nota,0,4.7,1.2
2,212,KNN por nota,0,4.1,1.0
2,213,KNN por nota,0,3.8,1.4
2,214,KNN por nota,0,5.0,1.4
2,215,KNN por nota,0,3.9,1.0
2,216,KNN por nota,0,3.3,1.4
2,217,KNN por nota,0,6.0,1.7
2,218,KNN por nota,0,4.1,1.7
2,219,KNN por nota,0,2.4,1.3
2,220,KNN por nota,0,8.3,1.6
2,221,KNN por nota,0,3.8,1.4
2,222,KNN por nota,0,6.8,1.1
2,223,KNN por nota,0,2.7,1.2
2,224,KNN por nota,0,3.2,1.3
2,225,KNN por nota,0,6.6,2.3
2,226,KNN por nota,0,4.2,1.1
2,227,KNN por nota,0,4.2,1.4
2,229,KNN por nota,0,6.5,2.0
2,230,KNN por nota,0,3.5,1.0
2,231,KNN por nota,0,6.4,1.3
2,232,KNN por nota,0,3.1,1.1
2,233,KNN por nota,0,2.6,1.0
2,234,KNN por nota,0,3.2,1.4
2,235,KNN por nota,0,3.8,1.3
2,236,KNN por nota,0,4.2,1.3
2,237,KNN por nota,0,4.2,1.6
2,238,KNN por nota,0,4.9,1.6
2,239,KNN por nota,0,3.9,1.4
2,240,KNN por nota,0,9.5,2.4
2,241,KNN por nota,0,4.5,1.2
2,242,KNN por nota,0,4.3,1.4
2,243,KNN por nota,0,2.7,1.3
2,244,KNN por nota,0,3.5,1.8
2,245,KNN por nota,0,4.9,1.1
2,246,KNN por nota,0,4.1,1.0
2,247,KNN por nota,0,6.1,1.1
2,248,KNN por nota,0,5.1,1.3
2,249,KNN por nota,0,3.9,1.2
2,250,KNN por nota,0,3.2,1.1
2,251,KNN por nota,0,4.1,1.6
2,252,KNN por nota,0,4.2,1.6
2,253,KNN por nota,0,3.5,1.3
2,254,KNN por nota,0,4.6,1.1
2,255,KNN por nota,0,3.8,1.0
2,256,KNN por nota,0,4.0,1.1
2,257,KNN por nota,0,3.8,1.3
2,259,KNN por nota,0,3.9,1.7
2,260,KNN por nota,0,6.2,2.3
2,261,KNN por nota,0,4.6,1.1
2,262,KNN por nota,0,3.1,1.0
2,263,KNN por nota,0,4.1,1.3
2,264,KNN por nota,0,3.7,1.0
2,265,KNN por nota,0,5.7,1.3
2,266,KNN por nota,0,4.7,1.2
2,267,KNN por nota,0,3.1,1.2
2,268,KNN por nota,0,2.9,1.4
2,269,KNN por nota,0,2.4,1.4
2,270,KNN por nota,0,5.4,2.3
2,271,KNN por nota,0,4.0,1.1
2,272,KNN por nota,0,2.8,1.3
2,273,KNN por nota,0,3.6,1.3
2,274,KNN por nota,0,3.9,1.2
2,275,KNN por nota,0,3.4,1.1
2,276,KNN por nota,0,3.8,1.3
2,277,KNN por nota,0,4.2,1.0
2,278,KNN por nota,0,5.2,1.6
2,279,KNN por nota,0,5.3,1.2
2,280,KNN por nota,0,2.9,1.2
2,281,KNN por nota,0,4.9,1.4
2,282,KNN por nota,0,8.1,2.3
2,283,KNN por nota,0,4.2,1.3
2,284,KNN por nota,0,6.9,1.2
2,285,KNN por nota,0,5.2,1.5
2,286,KNN por nota,0,4.8,1.7
2,287,KNN por nota,0,4.9,1.8
2,288,KNN por nota,0,5.9,1.2
2,290,KNN por nota,0,4.1,1.1
2,291,KNN por nota,0,3.7,1.3
2,292,KNN por nota,0,3.2,1.1
2,293,KNN por nota,0,3.2,1.5
2,294,KNN por nota,0,9.0,2.5
2,295,KNN por nota,0,2.6,1.2
2,296,KNN por nota,0,3.8,1.1
2,297,KNN por nota,0,3.8,1.8
2,298,KNN por nota,0,3.9,1.2
2,299,KNN por nota,0,3.7,1.7
2,300,KNN por nota,0,6.1,1.5
2,301,KNN por nota,0,3.8,1.0
2,302,KNN por nota,0,4.7,1.0
2,303,KNN por nota,0,3.3,1.4
2,304,KNN por nota,0,5.0,1.8
2,305,KNN por nota,0,4.3,1.4
2,306,KNN por nota,0,5.3,1.5
2,307,KNN por nota,0,3.6,1.1
2,308,KNN por nota,0,4.0,2.2
2,309,KNN por nota,0,5.6,1.3
2,311,KNN por nota,0,3.6,1.2
2,312,KNN por nota,0,4.8,1.3
2,313,KNN por nota,0,3.1,1.3
2,314,KNN por nota,0,20.0,4.9
2,315,KNN por nota,0,3.9,1.5
2,316,KNN por nota,0,5.9,1.2
2,317,KNN por nota,0,7.0,1.4
2,318,KNN por nota,0,5.5,1.4
2,319,KNN por nota,0,4.7,1.0
2,320,KNN por nota,0,4.5,1.0
2,321,KNN por nota,0,4.1,1.9
2,322,KNN por nota,0,4.9,1.9
2,323,KNN por nota,0,3.8,1.3
2,324,KNN por nota,0,6.0,1.7
2,325,KNN por nota,0,3.2,1.4
2,326,KNN por nota,0,3.2,1.0
2,327,KNN por nota,0,3.0,1.2
2,328,KNN por nota,0,3.2,1.1
2,329,KNN por nota,0,4.0,1.0
2,330,KNN por nota,0,4.3,1.2
2,331,KNN por nota,0,3.4,1.2
2,332,KNN por nota,0,4.6,1.7
2,333,KNN por nota,0,3.8,1.6
2,334,KNN por nota,0,3.9,1.3
2,335,KNN por nota,0,4.3,2.2
2,336,KNN por nota,0,5.1,1.3
2,337,KNN por nota,0,3.8,1.2
2,338,KNN por nota,0,4.0,1.2
2,339,KNN por nota,0,3.0,1.6
2,340,KNN por nota,0,4.0,1.1
2,341,KNN por nota,0,4.5,1.4
2,342,KNN por nota,0,4.0,1.2
2,343,KNN por nota,0,3.2,1.3
2,344,KNN por nota,0,4.2,1.4
2,345,KNN por nota,0,3.1,1.0
2,346,KNN por nota,0,3.4,1.1
2,347,KNN por nota,0,9.0,2.2
2,348,KNN por nota,0,6.6,1.2
2,349,KNN por nota,0,3.9,1.2
2,350,KNN por nota,0,3.8,1.3
2,351,KNN por nota,0,5.2,1.3
2,352,KNN por nota,0,4.2,1.4
2,353,KNN por nota,0,5.0,1.2
2,354,KNN por nota,0,3.5,1.5
2,355,KNN por nota,0,9.5,2.9
2,356,KNN por nota,0,4.5,1.1
2,357,KNN por nota,0,10.0,1.6
2,358,KNN por nota,0,12.9,5.0
2,359,KNN por nota,0,7.5,1.2
2,360,KNN por nota,0,4.0,1.6
2,361,KNN por nota,0,3.0,1.3
2,362,KNN por nota,0,10.1,1.4
2,363,KNN por nota,0,3.1,1.2
2,364,KNN por nota,0,5.6,1.3
2,365,KNN por nota,0,7.3,1.6
2,366,KNN por nota,0,4.8,1.2
2,367,KNN por nota,0,13.0,5.4
2,368,KNN por nota,0,3.2,1.4
2,369,KNN por nota,0,4.4,1.4
2,370,KNN por nota,0,4.9,1.4
2,371,KNN por nota,0,4.7,1.8
2,372,KNN por nota,0,8.1,2.3
2,373,KNN por nota,0,3.7,1.1
2,374,KNN por nota,0,3.3,1.4
2,375,KNN por nota,0,3.3,1.3
2,376,KNN por nota,0,7.1,1.6
2,377,KNN por nota,0,5.5,1.3
2,378,KNN por nota,0,4.0,1.2
2,379,KNN por nota,0,2.9,1.1
2,380,KNN por nota,0,3.2,1.2
2,381,KNN por nota,0,2.8,1.3
2,382,KNN por nota,0,3.2,1.2
2,383,KNN por nota,0,5.6,1.4
2,384,KNN por nota,0,3.1,1.2
2,385,KNN por nota,0,2.6,1.4
2,386,KNN por nota,0,5.2,2.3
2,387,KNN por nota,0,3.3,1.5
2,388,KNN por nota,0,5.7,1.0
2,389,KNN por nota,0,2.9,1.2
2,390,KNN por nota,0,3.9,1.2
2,391,KNN por nota,0,3.5,1.5
2,392,KNN por nota,0,3.2,1.2
2,393,KNN por nota,0,5.4,1.8
2,394,KNN por nota,0,4.9,1.6
2,395,KNN por nota,0,3.2,1.0
2,396,KNN por nota,0,7.0,1.5
2,397,KNN por nota,0,3.0,1.3
2,398,KNN por nota,0,3.1,1.3
2,399,KNN por nota,0,3.0,1.0
2,400,KNN por nota,0,4.5,1.1
2,401,KNN por nota,0,4.4,1.0
2,402,KNN por nota,0,3.7,1.5
2,403,KNN por nota,0,7.3,1.4
2,404,KNN por nota,0,7.2,1.3
2,405,KNN por nota,0,4.3,1.7
2,406,KNN por nota,0,2.8,1.5
2,407,KNN por nota,0,2.6,1.4
2,408,KNN por nota,0,4.2,1.6
2,409,KNN por nota,0,3.6,1.4
2,410,KNN por nota,0,4.1,1.7
2,411,KNN por nota,0,4.5,1.4
2,412,KNN por nota,0,3.4,1.2
2,413,KNN por nota,0,4.4,1.3
2,414,KNN por nota,0,6.7,1.1
2,415,KNN por nota,0,4.4,1.7
2,416,KNN por nota,0,3.3,1.1
2,417,KNN por nota,0,2.8,1.2
2,418,KNN por nota,0,4.4,1.3
2,419,KNN por nota,0,4.2,1.1
2,420,KNN por nota,0,5.3,2.3
2,421,KNN por nota,0,7.7,1.8
2,422,KNN por nota,0,4.5,1.1
2,423,KNN por nota,0,4.2,1.2
2,424,KNN por nota,0,4.3,1.0
2,425,KNN por nota,0,3.6,1.3
2,426,KNN por nota,0,2.8,1.2
2,427,KNN por nota,0,5.3,1.6
2,428,KNN por nota,0,3.1,1.4
2,429,KNN por nota,0,3.4,1.3
2,430,KNN por nota,0,4.3,1.4
2,431,KNN por nota,0,7.8,1.4
2,432,KNN por nota,0,7.3,1.4
2,433,KNN por nota,0,4.9,1.0
2,434,KNN por nota,0,5.0,1.4
2,435,KNN por nota,0,4.2,1.0
2,436,KNN por nota,0,4.1,1.1
2,437,KNN por nota,0,5.0,1.1
2,438,KNN por nota,0,7.7,2.6
2,439,KNN por nota,0,3.2,1.4
2,440,KNN por nota,0,3.3,1.1
2,441,KNN por nota,0,5.9,1.6
2,442,KNN por nota,0,3.1,1.1
2,443,KNN por nota,0,11.2,3.0
2,444,KNN por nota,0,4.2,1.2
2,445,KNN por nota,0,4.5,1.1
2,446,KNN por nota,0,4.4,1.8
2,447,KNN por nota,0,3.3,1.0
2,448,KNN por nota,0,4.5,1.3
2,449,KNN por nota,0,4.2,1.2
2,450,KNN por nota,0,3.8,1.3
2,451,KNN por nota,0,7.3,1.3
2,452,KNN por nota,0,3.5,1.6
2,453,KNN por nota,0,6.0,1.1
2,454,KNN por nota,0,24.6,6.5
2,455,KNN por nota,0,3.5,1.3
2,456,KNN por nota,0,2.8,1.3
2,457,KNN por nota,0,3.3,1.1
2,458,KNN por nota,0,4.0,2.0
2,459,KNN por nota,0,5.6,1.4
2,460,KNN por nota,0,3.8,1.1
2,461,KNN por nota,0,4.8,1.4
2,462,KNN por nota,0,5.7,1.2
2,463,KNN por nota,0,8.1,1.7
2,464,KNN por nota,0,3.6,1.3
2,465,KNN por nota,0,5.8,1.4
2,466,KNN por nota,0,3.5,1.2
2,467,KNN por nota,0,4.2,1.4
2,468,KNN por nota,0,3.2,1.2
2,469,KNN por nota,0,3.7,1.4
2,470,KNN por nota,0,4.2,1.8
2,471,KNN por nota,0,9.4,2.7
2,472,KNN por nota,0,5.7,1.6
2,473,KNN por nota,0,3.9,1.0
2,474,KNN por nota,0,3.7,1.0
2,475,KNN por nota,0,6.1,1.3
2,476,KNN por nota,0,3.9,1.2
2,477,KNN por nota,0,4.1,1.1
2,478,KNN por nota,0,3.8,1.4
2,479,KNN por nota,0,3.7,1.2
2,480,KNN por nota,0,3.7,1.0
2,481,KNN por nota,0,7.4,1.6
2,482,KNN por nota,0,5.8,1.3
2,483,KNN por nota,0,5.6,1.4
2,484,KNN por nota,0,4.3,1.2
2,485,KNN por nota,0,5.9,2.2
2,486,KNN por nota,0,4.9,1.7
2,487,KNN por nota,0,4.3,1.2
2,488,KNN por nota,0,4.7,1.1
2,489,KNN por nota,0,6.2,1.3
2,490,KNN por nota,0,3.3,1.3
2,491,KNN por nota,0,5.0,1.3
2,492,KNN por nota,0,3.1,1.5
2,493,KNN por nota,0,4.4,1.3
2,494,KNN por nota,0,5.7,1.5
2,495,KNN por nota,0,4.0,1.3
2,496,KNN por nota,0,4.0,1.8
2,497,KNN por nota,0,4.2,1.2
2,498,KNN por nota,0,5.0,2.5
2,499,KNN por nota,0,5.2,1.2
2,500,KNN por nota,0,3.0,1.4
2,501,KNN por nota,0,5.7,1.8
2,502,KNN por nota,0,7.1,1.9
2,503,KNN por nota,0,3.8,1.1
2,504,KNN por nota,0,3.1,1.6
2,505,KNN por nota,0,5.9,1.2
2,506,KNN por nota,0,3.0,1.2
2,507,KNN por nota,0,7.1,1.6
2,508,KNN por nota,0,3.6,1.7
2,509,KNN por nota,0,4.1,1.1
2,510,KNN por nota,0,6.3,1.1
2,511,KNN por nota,0,8.3,1.5
2,512,KNN por nota,0,4.7,1.3
2,513,KNN por nota,0,5.5,1.5
2,514,KNN por nota,0,3.6,1.3
2,515,KNN por nota,0,6.8,1.5
2,516,KNN por nota,0,3.4,1.2
2,517,KNN por nota,0,4.5,1.1
2,518,KNN por nota,0,4.1,1.3
2,519,KNN por nota,0,3.8,1.2
2,520,KNN por nota,0,4.9,1.4
2,521,KNN por nota,0,3.9,1.3
2,522,KNN por nota,0,3.0,1.2
2,523,KNN por nota,0,3.9,1.1
2,524,KNN por nota,0,4.0,1.4
2,525,KNN por nota,0,4.6,1.2
2,526,KNN por nota,0,6.8,1.1
2,527,KNN por nota,0,4.6,1.3
2,528,KNN por nota,0,3.3,1.3
2,529,KNN por nota,0,10.3,2.0
2,530,KNN por nota,0,3.2,1.3
2,531,KNN por nota,0,7.8,1.6
2,532,KNN por nota,0,2.5,1.1
2,533,KNN por nota,0,3.9,1.0
2,534,KNN por nota,0,3.8,1.3
2,535,KNN por nota,0,3.4,1.1
2,536,KNN por nota,0,3.2,1.1
2,537,KNN por nota,0,2.5,1.2
2,538,KNN por nota,0,3.7,1.5
2,539,KNN por nota,0,6.1,1.7
2,540,KNN por nota,0,3.7,1.5
2,541,KNN por nota,0,2.4,1.3
2,542,KNN por nota,0,4.1,1.3
2,543,KNN por nota,0,2.9,1.4
2,544,KNN por nota,0,6.0,1.4
2,545,KNN por nota,0,3.9,1.4
2,546,KNN por nota,0,4.8,1.0
2,547,KNN por nota,0,3.7,1.1
2,548,KNN por nota,0,5.6,1.2
2,549,KNN por nota,0,7.1,2.5
2,550,KNN por nota,0,12.9,3.3
2,551,KNN por nota,0,3.5,1.2
2,552,KNN por nota,0,5.0,1.3
2,553,KNN por nota,0,3.6,1.4
2,554,KNN por nota,0,3.3,1.2
2,555,KNN por nota,0,4.4,1.0
2,556,KNN por nota,0,3.3,1.5
2,557,KNN por nota,0,4.4,1.1
2,558,KNN por nota,0,2.9,1.6
2,559,KNN por nota,0,3.0,1.1
2,560,KNN por nota,0,5.3,2.0
2,561,KNN por nota,0,3.2,1.4
2,562,KNN por nota,0,3.0,1.2
2,563,KNN por nota,0,3.5,1.0
2,564,KNN por nota,0,5.7,1.4
2,565,KNN por nota,0,4.6,2.3
2,566,KNN por nota,0,2.8,1.8
2,567,KNN por nota,0,3.6,1.4
2,568,KNN por nota,0,4.5,1.2
2,569,KNN por nota,0,5.3,1.5
2,570,KNN por nota,0,10.0,2.7
2,572,KNN por nota,0,3.5,1.7
2,573,KNN por nota,0,3.3,1.2
2,574,KNN por nota,0,4.5,1.3
2,575,KNN por nota,0,5.3,1.7
2,576,KNN por nota,0,6.9,1.5
2,577,KNN por nota,0,5.0,1.0
2,579,KNN por nota,0,3.0,1.2
2,580,KNN por nota,0,4.6,1.3
2,581,KNN por nota,0,4.8,1.5
2,582,KNN por nota,0,3.4,1.1
2,583,KNN por nota,0,3.2,1.3
2,584,KNN por nota,0,4.3,1.1
2,585,KNN por nota,1,2.7,1.5
2,586,KNN por nota,0,7.8,1.6
2,587,KNN por nota,0,12.1,2.9
2,588,KNN por nota,0,5.0,1.0
2,589,KNN por nota,0,12.5,2.5
2,590,KNN por nota,0,3.5,1.1
2,591,KNN por nota,0,5.9,1.6
2,592,KNN por nota,0,3.7,1.9
2,593,KNN por nota,0,4.0,1.2
2,594,KNN por nota,0,6.1,1.2
2,595,KNN por nota,0,3.6,1.2
2,596,KNN por nota,0,5.6,1.3
2,597,KNN por nota,0,12.7,3.7
2,598,KNN por nota,0,14.3,3.5
2,599,KNN por nota,0,5.2,1.6
2,600,KNN por nota,0,3.3,1.2
2,601,KNN por nota,0,2.8,1.4
2,602,KNN por nota,0,4.3,1.2
2,603,KNN por nota,0,5.7,1.5
2,604,KNN por nota,0,6.3,1.6
2,605,KNN por nota,0,4.0,1.0
2,606,KNN por nota,0,4.7,1.1
2,607,KNN por nota,0,3.3,1.5
2,608,KNN por nota,0,5.3,1.5
2,609,KNN por nota,0,4.3,1.3
2,610,KNN por nota,0,3.6,1.5
2,611,KNN por nota,0,5.4,1.4
2,612,KNN por nota,0,3.9,1.3
2,613,KNN por nota,0,4.1,1.5
2,614,KNN por nota,0,4.8,1.2
2,615,KNN por nota,0,3.3,1.6
2,616,KNN por nota,0,8.9,2.5
2,617,KNN por nota,0,3.5,2.1
2,618,KNN por nota,0,3.1,1.1
2,619,KNN por nota,0,10.2,1.6
2,620,KNN por nota,0,7.0,1.4
2,621,KNN por nota,0,3.2,1.2
2,622,KNN por nota,0,3.7,1.5
2,623,KNN por nota,0,5.3,1.1
2,624,KNN por nota,0,3.7,1.3
2,625,KNN por nota,0,3.4,1.1
2,626,KNN por nota,0,18.4,4.3
2,627,KNN por nota,0,4.0,1.6
2,628,KNN por nota,0,8.1,1.2
2,629,KNN por nota,0,3.9,1.4
2,630,KNN por nota,0,10.4,1.8
2,631,KNN por nota,0,4.7,1.4
2,632,KNN por nota,0,3.0,1.3
2,633,KNN por nota,0,4.4,1.4
2,634,KNN por nota,0,28.0,5.7
2,636,KNN por nota,0,15.3,2.6
2,637,KNN por nota,0,8.8,1.3
2,638,KNN por nota,0,6.6,1.3
2,639,KNN por nota,0,4.2,1.3
2,640,KNN por nota,0,4.0,1.4
2,642,KNN por nota,0,4.9,1.2
2,643,KNN por nota,0,3.7,1.9
2,644,KNN por nota,0,6.4,1.2
2,645,KNN por nota,0,3.4,1.7
2,647,KNN por nota,0,2.9,1.0
2,648,KNN por nota,0,3.7,1.0
2,649,KNN por nota,0,6.5,1.2
2,650,KNN por nota,0,3.0,1.3
2,651,KNN por nota,0,3.3,1.5
2,653,KNN por nota,0,3.4,1.2
2,654,KNN por nota,0,5.9,1.3
2,655,KNN por nota,0,2.5,1.4
2,658,KNN por nota,0,3.5,1.3
2,1,KNN por soma,7,247.8,124.9
2,2,KNN por soma,1,283.5,86.4
2,3,KNN por soma,0,285.2,97.0
2,4,KNN por soma,0,299.4,99.9
2,5,KNN por soma,2,283.5,121.3
2,6,KNN por soma,6,232.5,110.1
2,7,KNN por soma,9,244.6,126.1
2,8,KNN por soma,1,271.8,108.1
2,9,KNN por soma,0,312.6,96.4
2,10,KNN por soma,7,241.9,110.5
2,11,KNN por soma,1,305.6,120.1
2,12,KNN por soma,0,246.3,95.1
2,13,KNN por soma,6,221.8,107.3
2,14,KNN por soma,1,206.3,74.8
2,15,KNN por soma,2,319.6,90.0
2,16,KNN por soma,2,266.1,115.6
2,17,KNN por soma,0,293.8,96.0
2,18,KNN por soma,6,211.6,89.0
2,19,KNN por soma,0,302.7,115.1
2,20,KNN por soma,2,269.1,91.6
2,21,KNN por soma,0,271.6,102.8
2,22,KNN por soma,0,255.2,105.9
2,23,KNN por soma,4,264.1,116.2
2,24,KNN por soma,2,292.3,98.0
2,25,KNN por soma,0,242.6,95.1
2,26,KNN por soma,3,286.3,94.0
2,27,KNN por soma,0,280.6,100.5
2,28,KNN por soma,1,283.0,112.1
2,29,KNN por soma,0,323.5,113.0
2,30,KNN por soma,2,282.0,94.9
2,31,KNN por soma,0,245.5,113.5
2,32,KNN por soma,1,280.3,95.0
2,33,KNN por soma,0,296.7,92.2
2,34,KNN por soma,0,292.2,91.1
2,35,KNN por soma,0,345.7,111.2
2,36,KNN por soma,0,286.7,77.6
2,37,KNN por soma,3,320.3,147.5
2,38,KNN por soma,2,319.4,105.9
2,39,KNN por soma,2,333.2,103.8
2,40,KNN por soma,0,330.0,99.5
2,41,KNN por soma,1,225.0,91.6
2,42,KNN por soma,2,248.4,117.5
2,43,KNN por soma,4,239.9,104.6
2,44,KNN por soma,4,258.6,126.4
2,45,KNN por soma,1,282.5,98.3
2,46,KNN por soma,1,265.0,79.9
2,47,KNN por soma,1,282.2,94.7
2,48,KNN por soma,2,263.1,107.4
2,49,KNN por soma,1,244.5,105.2
2,50,KNN por soma,0,299.9,103.3
2,51,KNN por soma,1,271.0,123.7
2,52,KNN por soma,0,314.7,125.1
2,53,KNN por soma,1,266.6,95.0
2,54,KNN por soma,3,290.1,88.8
2,55,KNN por soma,1,277.1,136.8
2,56,KNN por soma,5,267.0,122.5
2,57,KNN por soma,3,293.8,111.6
2,58,KNN por soma,4,216.1,88.2
2,59,KNN por soma,10,265.3,133.2
2,60,KNN por soma,7,289.9,123.8
2,61,KNN por soma,0,292.3,101.1
2,62,KNN por soma,6,252.7,121.1
2,63,KNN por soma,0,255.3,84.1
2,64,KNN por soma,7,249.9,121.7
2,65,KNN por soma,1,289.3,120.0
2,66,KNN por soma,1,308.3,94.6
2,67,KNN por soma,0,326.1,135.2
2,68,KNN por soma,1,279.1,104.2
2,69,KNN por soma,3,296.2,110.3
2,70,KNN por soma,3,281.4,137.8
2,71,KNN por soma,2,214.8,73.1
2,72,KNN por soma,4,200.8,90.0
2,73,KNN por soma,2,257.5,108.9
2,74,KNN por soma,1,298.4,90.3
2,75,KNN por soma,0,294.1,104.3
2,76,KNN por soma,2,289.5,107.3
2,77,KNN por soma,1,222.4,110.6
2,78,KNN por soma,0,300.9,105.3
2,79,KNN por soma,0,235.0,81.4
2,80,KNN por soma,1,284.4,126.6
2,81,KNN por soma,0,327.2,141.6
2,82,KNN por soma,1,251.5,117.1
2,83,KNN por soma,4,289.9,115.1
2,84,KNN por soma,1,302.8,124.5
2,85,KNN por soma,5,227.7,111.0
2,86,KNN por soma,0,325.8,99.3
2,87,KNN por soma,6,309.2,163.5
2,88,KNN por soma,0,307.8,93.7
2,89,KNN por soma,1,284.6,113.1
2,90,KNN por soma,7,259.3,106.7
2,91,KNN por soma,5,302.2,112.7
2,92,KNN por soma,7,260.0,121.4
2,93,KNN por soma,1,325.9,129.5
2,94,KNN por soma,9,229.6,123.5
2,95,KNN por soma,5,269.9,127.7
2,96,KNN por soma,5,263.0,96.5
2,97,KNN por soma,2,266.7,110.0
2,98,KNN por soma,0,323.9,124.1
2,99,KNN por soma,2,241.3,103.0
2,100,KNN por soma,0,345.3,97.9
2,101,KNN por soma,2,316.3,110.8
2,102,KNN por soma,0,261.9,109.9
2,103,KNN por soma,0,265.8,105.0
2,104,KNN por soma,3,290.1,86.6
2,105,KNN por soma,2,277.7,90.6
2,106,KNN por soma,0,279.0,131.8
2,107,KNN por soma,0,275.2,93.8
2,108,KNN por soma,1,266.4,113.1
2,109,KNN por soma,7,268.8,103.6
2,110,KNN por soma,2,317.3,119.2
2,111,KNN por soma,1,284.8,85.3
2,112,KNN por soma,0,301.9,87.9
2,113,KNN por soma,1,271.7,82.0
2,114,KNN por soma,2,281.6,117.9
2,115,KNN por soma,3,242.1,101.7
2,116,KNN por soma,0,278.1,106.8
2,117,KNN por soma,2,276.3,102.5
2,118,KNN por soma,2,301.3,143.6
2,119,KNN por soma,2,286.9,94.7
2,120,KNN por soma,1,288.4,93.2
2,121,KNN por soma,3,262.6,116.5
2,122,KNN por soma,0,306.2,129.2
2,123,KNN por soma,3,258.0,93.8
2,124,KNN por soma,1,279.1,94.6
2,125,KNN por soma,5,260.6,131.6
2,126,KNN por soma,0,307.4,91.7
2,127,KNN por soma,0,286.9,90.1
2,128,KNN por soma,3,276.0,121.7
2,129,KNN por soma,1,282.3,84.1
2,130,KNN por soma,4,286.4,110.0
2,131,KNN por soma,1,280.3,78.4
2,132,KNN por soma,3,253.7,86.8
2,133,KNN por soma,1,323.0,103.2
2,134,KNN por soma,0,332.3,101.9
2,135,KNN por soma,3,318.7,133.1
2,136,KNN por soma,1,229.1,80.4
2,137,KNN por soma,2,296.1,109.4
2,138,KNN por soma,3,278.1,120.2
2,139,KNN por soma,0,245.9,92.0
2,140,KNN por soma,1,288.9,97.6
2,141,KNN por soma,2,260.7,76.4
2,142,KNN por soma,0,310.7,108.0
2,143,KNN por soma,2,318.3,101.1
2,144,KNN por soma,5,235.5,99.9
2,145,KNN por soma,3,237.3,106.7
2,146,KNN por soma,0,309.7,95.6
2,147,KNN por soma,1,271.8,88.4
2,148,KNN por soma,1,276.3,111.4
2,149,KNN por soma,1,267.1,84.4
2,150,KNN por soma,0,270.9,89.2
2,151,KNN por soma,7,277.7,125.4
2,152,KNN por soma,0,311.4,102.9
2,153,KNN por soma,0,228.4,89.9
2,154,KNN por soma,2,270.6,107.8
2,156,KNN por soma,1,231.6,100.5
2,157,KNN por soma,2,311.9,109.1
2,158,KNN por soma,4,225.7,114.4
2,159,KNN por soma,0,331.2,102.0
2,160,KNN por soma,2,253.5,102.3
2,161,KNN por soma,1,286.2,107.1
2,162,KNN por soma,0,282.0,103.8
2,163,KNN por soma,1,289.3,115.8
2,164,KNN por soma,2,315.2,96.1
2,165,KNN por soma,0,289.0,94.7
2,166,KNN por soma,0,319.0,98.5
2,167,KNN por soma,1,298.2,127.4
2,168,KNN por soma,0,290.1,90.0
2,169,KNN por soma,0,263.9,105.8
2,170,KNN por soma,0,286.7,91.4
2,171,KNN por soma,1,291.1,91.8
2,173,KNN por soma,2,310.0,93.3
2,174,KNN por soma,1,306.2,114.5
2,175,KNN por soma,3,279.0,116.8
2,176,KNN por soma,1,270.5,93.3
2,177,KNN por soma,4,233.9,92.7
2,178,KNN por soma,7,261.2,103.2
2,179,KNN por soma,2,320.5,94.6
2,180,KNN por soma,1,289.8,125.0
2,181,KNN por soma,0,318.4,88.8
2,182,KNN por soma,1,272.8,124.6
2,183,KNN por soma,0,281.5,112.2
2,184,KNN por soma,4,240.1,107.3
2,185,KNN por soma,0,267.6,96.3
2,186,KNN por soma,1,314.7,96.8
2,187,KNN por soma,0,298.2,134.1
2,188,KNN por soma,4,263.0,111.6
2,189,KNN por soma,5,225.0,116.7
2,190,KNN por soma,2,307.9,91.2
2,191,KNN por soma,1,303.1,93.8
2,192,KNN por soma,1,278.8,90.6
2,193,KNN por soma,1,292.6,95.6
2,194,KNN por soma,5,256.9,135.8
2,195,KNN por soma,1,287.7,109.4
2,196,KNN por soma,0,309.0,99.3
2,197,KNN por soma,2,273.7,118.3
2,198,KNN por soma,6,234.2,120.2
2,199,KNN por soma,0,283.7,82.6
2,200,KNN por soma,4,291.4,130.2
2,201,KNN por soma,4,218.8,96.8
2,202,KNN por soma,0,288.0,96.8
2,203,KNN por soma,0,292.5,100.8
2,204,KNN por soma,1,306.8,97.0
2,205,KNN por soma,1,292.0,91.2
2,206,KNN por soma,1,310.5,96.2
2,207,KNN por soma,2,236.4,108.2
2,208,KNN por soma,0,310.9,127.8
2,209,KNN por soma,1,290.6,106.5
2,210,KNN por soma,3,272.0,122.4
2,211,KNN por soma,0,305.0,99.2
2,212,KNN por soma,0,275.6,109.2
2,213,KNN por soma,5,258.3,117.9
2,214,KNN por soma,7,255.9,100.0
2,215,KNN por soma,4,271.0,128.0
2,216,KNN por soma,2,257.2,128.3
2,217,KNN por soma,2,300.4,119.7
2,218,KNN por soma,1,286.9,120.0
2,219,KNN por soma,0,292.8,127.7
2,220,KNN por soma,0,287.5,90.6
2,221,KNN por soma,4,287.8,118.3
2,222,KNN por soma,8,221.3,103.6
2,223,KNN por soma,0,323.5,116.3
2,224,KNN por soma,1,308.6,115.5
2,225,KNN por soma,0,316.6,114.4
2,226,KNN por soma,1,302.9,113.1
2,227,KNN por soma,0,264.1,107.5
2,229,KNN por soma,1,272.1,89.6
2,230,KNN por soma,4,257.7,106.5
2,231,KNN por soma,0,273.1,89.9
2,232,KNN por soma,2,237.2,93.6
2,233,KNN por soma,3,200.5,68.6
2,234,KNN por soma,5,196.8,110.5
2,235,KNN por soma,1,268.3,118.8
2,236,KNN por soma,2,226.0,81.7
2,237,KNN por soma,2,242.6,93.6
2,238,KNN por soma,0,318.3,100.7
2,239,KNN por soma,4,252.1,87.0
2,240,KNN por soma,1,277.1,91.3
2,241,KNN por soma,0,281.7,83.5
2,242,KNN por soma,0,285.0,96.4
2,243,KNN por soma,1,284.8,115.8
2,244,KNN por soma,4,273.4,122.6
2,245,KNN por soma,0,301.2,100.8
2,246,KNN por soma,2,243.7,116.8
2,247,KNN por soma,0,274.8,98.6
2,248,KNN por soma,2,251.2,89.6
2,249,KNN por soma,7,248.8,101.5
2,250,KNN por soma,3,281.4,99.2
2,251,KNN por soma,2,258.2,111.7
2,252,KNN por soma,0,241.0,80.5
2,253,KNN por soma,3,288.0,123.0
2,254,KNN por soma,3,290.9,135.3
2,255,KNN por soma,0,321.0,116.6
2,256,KNN por soma,6,280.2,113.7
2,257,KNN por soma,1,236.5,83.2
2,259,KNN por soma,0,295.7,124.3
2,260,KNN por soma,0,311.7,96.8
2,261,KNN por soma,0,309.8,98.9
2,262,KNN por soma,0,268.7,111.4
2,263,KNN por soma,3,259.2,103.7
2,264,KNN por soma,0,291.3,122.8
2,265,KNN por soma,0,262.1,77.1
2,266,KNN por soma,1,284.9,93.1
2,267,KNN por soma,5,216.2,118.9
2,268,KNN por soma,5,275.5,141.1
2,269,KNN por soma,6,212.8,96.7
2,270,KNN por soma,1,291.3,108.2
2,271,KNN por soma,6,235.7,118.0
2,272,KNN por soma,2,260.2,127.9
2,273,KNN por soma,0,329.1,111.6
2,274,KNN por soma,2,292.1,108.4
2,275,KNN por soma,2,306.4,143.7
2,276,KNN por soma,6,254.5,125.3
2,277,KNN por soma,0,264.2,80.1
2,278,KNN por soma,1,282.6,98.8
2,279,KNN por soma,1,247.1,100.9
2,280,KNN por soma,2,242.8,96.5
2,281,KNN por soma,0,312.5,99.4
2,282,KNN por soma,0,316.7,99.8
2,283,KNN por soma,1,289.0,111.5
2,284,KNN por soma,1,268.4,79.2
2,285,KNN por soma,2,308.8,96.8
2,286,KNN por soma,2,274.3,105.8
2,287,KNN por soma,2,311.3,119.2
2,288,KNN por soma,2,230.1,74.4
2,290,KNN por soma,4,248.0,112.2
2,291,KNN por soma,5,258.2,125.8
2,292,KNN por soma,2,216.2,104.5
2,293,KNN por soma,6,216.6,122.4
2,294,KNN por soma,2,309.0,102.2
2,295,KNN por soma,4,222.6,105.6
2,296,KNN por soma,3,244.8,94.0
2,297,KNN por soma,2,252.6,103.0
2,298,KNN por soma,6,254.1,120.1
2,299,KNN por soma,4,212.8,102.6
2,300,KNN por soma,0,329.5,109.7
2,301,KNN por soma,7,240.7,111.2
2,302,KNN por soma,0,318.3,101.5
2,303,KNN por soma,8,287.6,134.7
2,304,KNN por soma,1,321.5,103.2
2,305,KNN por soma,5,216.1,91.3
2,306,KNN por soma,0,275.3,94.0
2,307,KNN por soma,3,290.0,117.0
2,308,KNN por soma,7,208.4,98.8
2,309,KNN por soma,0,314.5,98.2
2,311,KNN por soma,7,243.4,119.1
2,312,KNN por soma,5,239.6,101.2
2,313,KNN por soma,7,228.7,120.5
2,314,KNN por soma,1,319.1,124.3
2,315,KNN por soma,1,240.8,87.1
2,316,KNN por soma,1,236.2,76.2
2,317,KNN por soma,1,282.0,91.8
2,318,KNN por soma,3,259.6,109.5
2,319,KNN por soma,0,339.9,114.4
2,320,KNN por soma,1,265.8,123.3
2,321,KNN por soma,2,241.6,106.6
2,322,KNN por soma,2,264.4,96.7
2,323,KNN por soma,0,224.8,96.2
2,324,KNN por soma,1,302.1,88.2
2,325,KNN por soma,1,249.4,115.0
2,326,KNN por soma,6,269.2,130.1
2,327,KNN por soma,3,216.6,94.9
2,328,KNN por soma,3,263.7,117.3
2,329,KNN por soma,2,226.0,74.5
2,330,KNN por soma,3,249.6,118.7
2,331,KNN por soma,0,283.7,91.7
2,332,KNN por soma,3,256.7,113.2
2,333,KNN por soma,0,284.7,107.8
2,334,KNN por soma,9,268.8,114.8
2,335,KNN por soma,0,285.4,98.3
2,336,KNN por soma,1,312.8,129.0
2,337,KNN por soma,0,295.3,121.1
2,338,KNN por soma,2,260.6,97.1
2,339,KNN por soma,8,269.1,135.0
2,340,KNN por soma,2,266.8,112.1
2,341,KNN por soma,0,332.8,107.4
2,342,KNN por soma,0,264.6,115.3
2,343,KNN por soma,4,255.9,131.5
2,344,KNN por soma,3,223.7,101.7
2,345,KNN por soma,2,241.0,90.3
2,346,KNN por soma,7,317.7,153.8
2,347,KNN por soma,5,282.6,111.8
2,348,KNN por soma,0,320.7,100.8
2,349,KNN por soma,0,285.5,105.3
2,350,KNN por soma,2,257.6,95.9
2,351,KNN por soma,0,301.0,91.7
2,352,KNN por soma,4,281.0,125.9
2,353,KNN por soma,2,322.5,110.4
2,354,KNN por soma,2,254.6,89.3
2,355,KNN por soma,0,341.7,113.2
2,356,KNN por soma,1,306.7,97.2
2,357,KNN por soma,2,342.3,113.2
2,358,KNN por soma,1,239.1,80.6
2,359,KNN por soma,0,286.2,91.4
2,360,KNN por soma,5,249.5,104.7
2,361,KNN por soma,2,256.2,115.0
2,362,KNN por soma,1,320.9,96.3
2,363,KNN por soma,3,280.4,115.9
2,364,KNN por soma,0,314.3,95.5
2,365,KNN por soma,2,306.7,95.5
2,366,KNN por soma,1,306.7,118.7
2,367,KNN por soma,1,281.6,108.4
2,368,KNN por soma,2,257.0,111.3
2,369,KNN por soma,2,318.1,116.0
2,370,KNN por soma,3,273.9,88.8
2,371,KNN por soma,4,272.8,118.1
2,372,KNN por soma,0,301.7,94.4
2,373,KNN por soma,5,274.3,130.5
2,374,KNN por soma,6,295.4,109.9
2,375,KNN por soma,2,303.8,118.1
2,376,KNN por soma,0,264.1,92.9
2,377,KNN por soma,1,306.4,100.5
2,378,KNN por soma,4,255.3,115.0
2,379,KNN por soma,7,265.5,139.0
2,380,KNN por soma,3,248.0,109.0
2,381,KNN por soma,1,263.3,125.4
2,382,KNN por soma,1,298.4,111.3
2,383,KNN por soma,3,285.2,113.0
2,384,KNN por soma,2,277.9,113.2
2,385,KNN por soma,6,227.8,104.8
2,386,KNN por soma,1,269.2,110.8
2,387,KNN por soma,5,250.5,119.0
2,388,KNN por soma,0,294.8,88.1
2,389,KNN por soma,7,278.0,133.8
2,390,KNN por soma,1,289.7,84.1
2,391,KNN por soma,5,199.8,93.8
2,392,KNN por soma,3,256.0,104.7
2,393,KNN por soma,6,280.5,100.1
2,394,KNN por soma,7,298.9,148.0
2,395,KNN por soma,2,268.1,115.0
2,396,KNN por soma,0,332.7,106.2
2,397,KNN por soma,4,246.1,99.7
2,398,KNN por soma,2,219.4,122.4
2,399,KNN por soma,2,266.8,91.0
2,400,KNN por soma,0,306.8,98.1
2,401,KNN por soma,3,245.6,84.0
2,402,KNN por soma,2,265.4,104.7
2,403,KNN por soma,2,298.9,104.6
2,404,KNN por soma,2,312.3,102.6
2,405,KNN por soma,5,283.9,136.5
2,406,KNN por soma,7,247.4,127.9
2,407,KNN por soma,6,277.0,143.6
2,408,KNN por soma,1,305.8,100.9
2,409,KNN por soma,8,245.3,100.1
2,410,KNN por soma,3,306.2,102.7
2,411,KNN por soma,3,286.2,140.1
2,412,KNN por soma,3,302.8,149.5
2,413,KNN por soma,1,280.7,90.6
2,414,KNN por soma,1,301.6,90.1
2,415,KNN por soma,0,316.6,131.0
2,416,KNN por soma,9,282.9,125.5
2,417,KNN por soma,4,295.3,154.5
2,418,KNN por soma,1,300.3,98.6
2,419,KNN por soma,1,267.1,103.5
2,420,KNN por soma,1,270.1,95.8
2,421,KNN por soma,6,284.2,117.1
2,422,KNN por soma,5,301.0,94.7
2,423,KNN por soma,3,268.0,84.0
2,424,KNN por soma,1,258.8,81.1
2,425,KNN por soma,4,256.8,112.6
2,426,KNN por soma,3,250.7,108.5
2,427,KNN por soma,0,296.4,103.2
2,428,KNN por soma,2,324.3,105.2
2,429,KNN por soma,7,214.2,126.2
2,430,KNN por soma,5,304.8,130.9
2,431,KNN por soma,1,328.6,100.9
2,432,KNN por soma,1,301.7,95.0
2,433,KNN por soma,1,278.4,89.2
2,434,KNN por soma,0,331.1,104.6
2,435,KNN por soma,9,261.7,126.5
2,436,KNN por soma,3,276.5,88.4
2,437,KNN por soma,7,239.4,109.2
2,438,KNN por soma,2,312.6,117.0
2,439,KNN por soma,1,257.2,96.3
2,440,KNN por soma,1,304.6,102.7
2,441,KNN por soma,1,304.7,100.4
2,442,KNN por soma,3,299.1,145.5
2,443,KNN por soma,0,320.3,101.2
2,444,KNN por soma,2,307.2,99.2
2,445,KNN por soma,1,286.8,118.9
2,446,KNN por soma,2,272.3,85.2
2,447,KNN por soma,3,278.0,121.5
2,448,KNN por soma,1,299.6,99.3
2,449,KNN por soma,2,282.9,111.0
2,450,KNN por soma,9,259.5,125.3
2,451,KNN por soma,0,331.0,99.9
2,452,KNN por soma,6,248.4,112.8
2,453,KNN por soma,5,311.9,130.2
2,454,KNN por soma,6,329.3,100.9
2,455,KNN por soma,4,253.5,96.9
2,456,KNN por soma,3,271.2,115.0
2,457,KNN por soma,10,274.3,138.3
2,458,KNN por soma,4,257.1,100.5
2,459,KNN por soma,3,295.6,122.4
2,460,KNN por soma,2,240.5,86.2
2,461,KNN por soma,1,303.3,101.7
2,462,KNN por soma,1,303.8,95.8
2,463,KNN por soma,4,278.2,81.3
2,464,KNN por soma,0,272.3,96.0
2,465,KNN por soma,4,246.1,85.2
2,466,KNN por soma,3,271.9,103.5
2,467,KNN por soma,2,266.1,104.6
2,468,KNN por soma,4,254.6,126.6
2,469,KNN por soma,2,280.6,111.9
2,470,KNN por soma,2,288.7,96.4
2,471,KNN por soma,1,283.6,109.2
2,472,KNN por soma,6,283.7,125.3
2,473,KNN por soma,0,308.6,111.2
2,474,KNN por soma,9,262.7,102.8
2,475,KNN por soma,1,284.7,102.5
2,476,KNN por soma,0,328.2,120.6
2,477,KNN por soma,0,307.7,113.9
2,478,KNN por soma,3,318.4,130.8
2,479,KNN por soma,6,312.7,133.4
2,480,KNN por soma,1,269.5,99.6
2,481,KNN por soma,2,246.6,108.6
2,482,KNN por soma,1,296.3,86.8
2,483,KNN por soma,1,301.3,110.5
2,484,KNN por soma,5,294.4,135.4
2,485,KNN por soma,1,298.9,94.2
2,486,KNN por soma,2,252.7,83.9
2,487,KNN por soma,9,290.8,126.2
2,488,KNN por soma,2,244.6,88.6
2,489,KNN por soma,3,310.1,92.2
2,490,KNN por soma,0,258.5,92.4
2,491,KNN por soma,1,262.7,89.7
2,492,KNN por soma,3,274.2,107.0
2,493,KNN por soma,7,328.3,124.2
2,494,KNN por soma,4,299.0,97.4
2,495,KNN por soma,6,303.6,144.6
2,496,KNN por soma,4,296.4,145.7
2,497,KNN por soma,8,292.5,133.1
2,498,KNN por soma,6,254.0,112.5
2,499,KNN por soma,3,232.1,83.0
2,500,KNN por soma,2,248.5,99.7
2,501,KNN por soma,2,282.0,99.9
2,502,KNN por soma,0,310.8,101.4
2,503,KNN por soma,6,249.8,110.3
2,504,KNN por soma,2,273.4,111.8
2,505,KNN por soma,0,232.3,76.0
2,506,KNN por soma,1,298.1,139.1
2,507,KNN por soma,1,286.1,88.3
2,508,KNN por soma,2,273.0,125.9
2,509,KNN por soma,1,299.1,97.3
2,510,KNN por soma,0,321.0,94.1
2,511,KNN por soma,1,326.0,111.6
2,512,KNN por soma,1,306.3,104.5
2,513,KNN por soma,1,317.7,121.8
2,514,KNN por soma,6,251.3,106.5
2,515,KNN por soma,1,316.6,94.2
2,516,KNN por soma,1,277.5,96.2
2,517,KNN por soma,1,302.8,102.9
2,518,KNN por soma,2,336.9,119.9
2,519,KNN por soma,0,314.1,103.0
2,520,KNN por soma,0,306.4,91.8
2,521,KNN por soma,2,252.0,105.7
2,522,KNN por soma,3,306.9,150.9
2,523,KNN por soma,2,316.0,113.5
2,524,KNN por soma,6,227.0,93.9
2,525,KNN por soma,0,316.9,99.6
2,526,KNN por soma,2,253.8,79.1
2,527,KNN por soma,5,297.3,126.9
2,528,KNN por soma,3,311.9,138.4
2,529,KNN por soma,0,304.9,89.1
2,530,KNN por soma,2,246.0,102.7
2,531,KNN por soma,0,300.2,94.7
2,532,KNN por soma,2,288.1,137.8
2,533,KNN por soma,7,310.1,122.4
2,534,KNN por soma,0,337.8,112.9
2,535,KNN por soma,6,254.4,108.5
2,536,KNN por soma,4,277.3,129.8
2,537,KNN por soma,8,206.4,91.8
2,538,KNN por soma,5,263.4,113.4
2,539,KNN por soma,1,289.7,97.2
2,540,KNN por soma,2,311.5,111.7
2,541,KNN por soma,2,276.1,132.3
2,542,KNN por soma,5,249.9,120.2
2,543,KNN por soma,2,269.0,138.0
2,544,KNN por soma,0,310.6,101.3
2,545,KNN por soma,1,261.1,115.9
2,546,KNN por soma,1,272.3,94.1
2,547,KNN por soma,1,327.5,103.3
2,548,KNN por soma,1,244.4,90.9
2,549,KNN por soma,1,288.2,96.2
2,550,KNN por soma,0,287.0,86.4
2,551,KNN por soma,7,312.2,138.7
2,552,KNN por soma,0,258.5,73.0
2,553,KNN por soma,3,226.4,97.5
2,554,KNN por soma,4,261.4,114.9
2,555,KNN por soma,1,271.1,95.3
2,556,KNN por soma,1,299.3,112.1
2,557,KNN por soma,1,309.2,113.0
2,558,KNN por soma,1,251.0,108.7
2,559,KNN por soma,1,277.6,107.8
2,560,KNN por soma,0,250.6,103.9
2,561,KNN por soma,4,216.3,114.0
2,562,KNN por soma,0,268.9,110.6
2,563,KNN por soma,1,312.2,116.0
2,564,KNN por soma,0,296.8,91.0
2,565,KNN por soma,0,302.7,138.4
2,566,KNN por soma,3,204.9,102.0
2,567,KNN por soma,3,197.6,74.8
2,568,KNN por soma,0,255.8,104.9
2,569,KNN por soma,2,261.7,87.9
2,570,KNN por soma,1,310.3,94.9
2,572,KNN por soma,0,271.3,95.3
2,573,KNN por soma,1,300.3,115.0
2,574,KNN por soma,2,283.1,89.1
2,575,KNN por soma,1,273.0,119.7
2,576,KNN por soma,1,288.7,103.7
2,577,KNN por soma,3,223.9,102.2
2,579,KNN por soma,2,303.5,104.8
2,580,KNN por soma,0,272.7,88.1
2,581,KNN por soma,1,239.9,93.1
2,582,KNN por soma,0,265.2,86.8
2,583,KNN por soma,1,270.6,104.2
2,584,KNN por soma,1,298.1,110.2
2,585,KNN por soma,0,270.3,108.9
2,586,KNN por soma,3,277.3,100.2
2,587,KNN por soma,1,323.7,90.4
2,588,KNN por soma,1,226.9,82.2
2,589,KNN por soma,1,308.4,93.8
2,590,KNN por soma,2,271.7,97.4
2,591,KNN por soma,1,265.7,113.2
2,592,KNN por soma,8,238.6,90.6
2,593,KNN por soma,4,271.1,123.9
2,594,KNN por soma,0,238.8,82.0
2,595,KNN por soma,0,272.9,92.4
2,596,KNN por soma,0,291.0,92.8
2,597,KNN por soma,0,268.5,86.2
2,598,KNN por soma,0,312.3,92.9
2,599,KNN por soma,0,294.6,98.5
2,600,KNN por soma,2,260.0,134.7
2,601,KNN por soma,3,231.2,107.1
2,602,KNN por soma,0,284.3,97.6
2,603,KNN por soma,4,308.8,113.4
2,604,KNN por soma,0,303.9,106.5
2,605,KNN por soma,1,287.9,117.6
2,606,KNN por soma,3,209.7,96.9
2,607,KNN por soma,0,260.6,116.4
2,608,KNN por soma,1,193.1,72.7
2,609,KNN por soma,0,335.3,108.9
2,610,KNN por soma,1,245.0,95.3
2,611,KNN por soma,0,276.5,80.1
2,612,KNN por soma,0,300.0,90.2
2,613,KNN por soma,0,297.3,127.9
2,614,KNN por soma,1,332.7,106.4
2,615,KNN por soma,0,271.5,117.5
2,616,KNN por soma,2,277.3,84.5
2,617,KNN por soma,2,269.0,109.9
2,618,KNN por soma,6,269.9,141.3
2,619,KNN por soma,0,273.0,105.4
2,620,KNN por soma,0,248.7,88.1
2,621,KNN por soma,1,276.9,112.8
2,622,KNN por soma,2,209.9,101.6
2,623,KNN por soma,1,307.4,106.0
2,624,KNN por soma,2,265.8,78.6
2,625,KNN por soma,1,265.0,121.7
2,626,KNN por soma,0,290.5,85.7
2,627,KNN por soma,0,275.0,127.3
2,628,KNN por soma,1,324.4,90.0
2,629,KNN por soma,1,239.8,98.7
2,630,KNN por soma,2,270.5,90.7
2,631,KNN por soma,1,295.1,104.2
2,632,KNN por soma,1,215.4,106.8
2,633,KNN por soma,0,309.5,119.0
2,634,KNN por soma,2,273.4,77.9
2,636,KNN por soma,0,298.9,91.3
2,637,KNN por soma,1,284.3,89.2
2,638,KNN por soma,1,296.3,130.3
2,639,KNN por soma,0,254.7,110.9
2,640,KNN por soma,1,311.3,128.2
2,642,KNN por soma,2,291.8,112.4
2,643,KNN por soma,1,204.7,109.7
2,644,KNN por soma,3,305.9,99.4
2,645,KNN por soma,1,208.6,100.2
2,647,KNN por soma,0,295.9,117.5
2,648,KNN por soma,2,254.9,106.9
2,649,KNN por soma,0,285.8,99.0
2,650,KNN por soma,1,173.1,107.9
2,651,KNN por soma,0,266.5,88.6
2,653,KNN por soma,1,204.5,99.3
2,654,KNN por soma,1,228.4,94.3
2,655,KNN por soma,0,168.2,83.0
2,658,KNN por soma,0,230.5,109.0
2,1,SVD,0,76.3,
2,2,SVD,0,104.6,
2,3,SVD,1,121.8,
2,4,SVD,0,68.8,
2,5,SVD,2,114.0,
2,6,SVD,2,61.3,
2,7,SVD,3,68.7,
2,8,SVD,0,114.3,
2,9,SVD,1,91.1,
2,10,SVD,2,75.2,
2,11,SVD,0,80.2,
2,12,SVD,1,111.3,
2,13,SVD,2,60.2,
2,14,SVD,0,86.4,
2,15,SVD,0,95.3,
2,16,SVD,0,141.3,
2,17,SVD,0,105.6,
2,18,SVD,2,62.4,
2,19,SVD,0,124.3,
2,20,SVD,0,49.1,
2,21,SVD,0,108.7,
2,22,SVD,0,111.3,
2,23,SVD,1,87.9,
2,24,SVD,1,109.4,
2,25,SVD,0,131.4,
2,26,SVD,1,158.8,
2,27,SVD,0,191.5,
2,28,SVD,0,122.8,
2,29,SVD,0,100.7,
2,30,SVD,0,100.7,
2,31,SVD,0,106.4,
2,32,SVD,0,142.7,
2,33,SVD,0,136.2,
2,34,SVD,0,123.5,
2,35,SVD,0,90.4,
2,36,SVD,0,66.2,
2,37,SVD,0,102.0,
2,38,SVD,0,84.3,
2,39,SVD,0,134.2,
2,40,SVD,0,136.2,
2,41,SVD,0,112.4,
2,42,SVD,0,105.2,
2,43,SVD,3,115.4,
2,44,SVD,0,75.5,
2,45,SVD,1,136.2,
2,46,SVD,0,100.7,
2,47,SVD,0,124.3,
2,48,SVD,1,110.6,
2,49,SVD,0,111.0,
2,50,SVD,0,70.5,
2,51,SVD,0,129.5,
2,52,SVD,0,93.5,
2,53,SVD,1,100.7,
2,54,SVD,0,70.9,
2,55,SVD,0,140.1,
2,56,SVD,1,93.1,
2,57,SVD,2,151.3,
2,58,SVD,2,70.6,
2,59,SVD,3,85.6,
2,60,SVD,1,96.4,
2,61,SVD,0,130.7,
2,62,SVD,3,114.4,
2,63,SVD,0,122.2,
2,64,SVD,2,115.5,
2,65,SVD,0,92.3,
2,66,SVD,1,206.3,
2,67,SVD,0,121.3,
2,68,SVD,0,105.0,
2,69,SVD,1,147.0,
2,70,SVD,1,135.4,
2,71,SVD,0,111.0,
2,72,SVD,1,77.3,
2,73,SVD,1,82.0,
2,74,SVD,1,140.0,
2,75,SVD,1,144.6,
2,76,SVD,0,112.2,
2,77,SVD,1,86.3,
2,78,SVD,0,136.6,
2,79,SVD,0,60.4,
2,80,SVD,0,96.4,
2,81,SVD,0,160.4,
2,82,SVD,0,108.2,
2,83,SVD,3,156.2,
2,84,SVD,0,108.5,
2,85,SVD,1,82.5,
2,86,SVD,0,124.3,
2,87,SVD,3,181.0,
2,88,SVD,0,68.3,
2,89,SVD,0,98.7,
2,90,SVD,3,75.1,
2,91,SVD,2,95.2,
2,92,SVD,2,147.4,
2,93,SVD,0,90.3,
2,94,SVD,1,90.5,
2,95,SVD,0,114.0,
2,96,SVD,1,70.8,
2,97,SVD,1,66.3,
2,98,SVD,0,112.6,
2,99,SVD,1,169.1,
2,100,SVD,0,169.4,
2,101,SVD,0,131.3,
2,102,SVD,0,100.7,
2,103,SVD,0,88.3,
2,104,SVD,0,100.1,
2,105,SVD,0,100.7,
2,106,SVD,0,101.1,
2,107,SVD,0,134.8,
2,108,SVD,0,83.0,
2,109,SVD,2,158.4,
2,110,SVD,2,110.9,
2,111,SVD,0,124.3,
2,112,SVD,0,111.6,
2,113,SVD,1,137.6,
2,114,SVD,1,67.9,
2,115,SVD,0,54.6,
2,116,SVD,0,135.4,
2,117,SVD,0,104.6,
2,118,SVD,0,121.3,
2,119,SVD,0,72.8,
2,120,SVD,0,106.9,
2,121,SVD,0,107.1,
2,122,SVD,0,63.5,
2,123,SVD,1,89.6,
2,124,SVD,0,68.2,
2,125,SVD,4,191.9,
2,126,SVD,0,134.2,
2,127,SVD,0,150.5,
2,128,SVD,1,104.3,
2,129,SVD,0,111.2,
2,130,SVD,1,92.4,
2,131,SVD,1,160.6,
2,132,SVD,1,95.1,
2,133,SVD,0,147.9,
2,134,SVD,0,238.4,
2,135,SVD,0,116.1,
2,136,SVD,0,94.5,
2,137,SVD,0,28.1,
2,138,SVD,1,66.1,
2,139,SVD,0,100.7,
2,140,SVD,0,128.7,
2,141,SVD,3,161.3,
2,142,SVD,1,148.6,
2,143,SVD,0,51.3,
2,144,SVD,1,103.4,
2,145,SVD,2,155.8,
2,146,SVD,0,100.0,
2,147,SVD,0,106.3,
2,148,SVD,1,137.7,
2,149,SVD,1,125.1,
2,150,SVD,0,109.0,
2,151,SVD,5,146.4,
2,152,SVD,1,141.2,
2,153,SVD,0,78.2,
2,154,SVD,1,141.6,
2,156,SVD,0,105.6,
2,157,SVD,1,113.0,
2,158,SVD,0,99.5,
2,159,SVD,0,107.7,
2,160,SVD,1,78.0,
2,161,SVD,0,116.3,
2,162,SVD,0,79.6,
2,163,SVD,0,76.0,
2,164,SVD,0,97.2,
2,165,SVD,0,98.8,
2,166,SVD,0,110.6,
2,167,SVD,1,141.5,
2,168,SVD,0,192.6,
2,169,SVD,0,110.6,
2,170,SVD,0,91.1,
2,171,SVD,0,124.3,
2,173,SVD,0,128.2,
2,174,SVD,0,119.2,
2,175,SVD,1,126.1,
2,176,SVD,0,86.4,
2,177,SVD,1,84.2,
2,178,SVD,3,134.1,
2,179,SVD,0,116.6,
2,180,SVD,0,95.1,
2,181,SVD,0,188.6,
2,182,SVD,0,151.3,
2,183,SVD,0,89.3,
2,184,SVD,2,94.5,
2,185,SVD,0,99.2,
2,186,SVD,0,127.9,
2,187,SVD,0,98.7,
2,188,SVD,2,109.1,
2,189,SVD,1,73.2,
2,190,SVD,1,209.3,
2,191,SVD,0,100.7,
2,192,SVD,1,147.7,
2,193,SVD,0,115.0,
2,194,SVD,1,115.4,
2,195,SVD,1,187.2,
2,196,SVD,0,104.6,
2,197,SVD,3,157.6,
2,198,SVD,0,75.5,
2,199,SVD,0,124.6,
2,200,SVD,1,41.6,
2,201,SVD,1,88.3,
2,202,SVD,0,118.4,
2,203,SVD,0,111.4,
2,204,SVD,0,100.0,
2,205,SVD,0,136.6,
2,206,SVD,0,160.7,
2,207,SVD,1,66.8,
2,208,SVD,0,192.6,
2,209,SVD,0,84.1,
2,210,SVD,1,110.0,
2,211,SVD,0,79.2,
2,212,SVD,0,85.5,
2,213,SVD,2,88.2,
2,214,SVD,3,83.5,
2,215,SVD,1,100.6,
2,216,SVD,1,125.5,
2,217,SVD,0,116.5,
2,218,SVD,0,92.8,
2,219,SVD,0,80.8,
2,220,SVD,0,115.6,
2,221,SVD,0,97.7,
2,222,SVD,1,92.7,
2,223,SVD,0,161.1,
2,224,SVD,2,163.1,
2,225,SVD,0,146.9,
2,226,SVD,2,193.7,
2,227,SVD,0,119.7,
2,229,SVD,0,45.3,
2,230,SVD,1,124.5,
2,231,SVD,0,64.8,
2,232,SVD,0,89.4,
2,233,SVD,2,91.3,
2,234,SVD,3,64.9,
2,235,SVD,1,109.5,
2,236,SVD,2,128.8,
2,237,SVD,3,75.2,
2,238,SVD,0,91.1,
2,239,SVD,2,56.9,
2,240,SVD,1,86.0,
2,241,SVD,0,115.3,
2,242,SVD,0,100.7,
2,243,SVD,0,68.2,
2,244,SVD,1,128.8,
2,245,SVD,0,91.6,
2,246,SVD,0,89.4,
2,247,SVD,0,153.8,
2,248,SVD,1,107.7,
2,249,SVD,2,102.2,
2,250,SVD,0,110.1,
2,251,SVD,1,123.7,
2,252,SVD,0,123.3,
2,253,SVD,0,116.2,
2,254,SVD,3,166.4,
2,255,SVD,0,182.5,
2,256,SVD,0,67.1,
2,257,SVD,0,93.5,
2,259,SVD,0,123.3,
2,260,SVD,0,104.7,
2,261,SVD,0,126.8,
2,262,SVD,0,70.5,
2,263,SVD,3,86.3,
2,264,SVD,0,105.8,
2,265,SVD,0,118.8,
2,266,SVD,0,151.3,
2,267,SVD,3,108.2,
2,268,SVD,3,121.9,
2,269,SVD,3,61.7,
2,270,SVD,0,74.6,
2,271,SVD,3,119.6,
2,272,SVD,1,110.8,
2,273,SVD,0,114.7,
2,274,SVD,1,102.4,
2,275,SVD,1,127.0,
2,276,SVD,2,144.4,
2,277,SVD,0,106.5,
2,278,SVD,0,136.2,
2,279,SVD,2,44.3,
2,280,SVD,0,51.0,
2,281,SVD,0,94.7,
2,282,SVD,0,136.2,
2,283,SVD,0,102.6,
2,284,SVD,0,93.5,
2,285,SVD,0,114.7,
2,286,SVD,0,70.5,
2,287,SVD,1,128.2,
2,288,SVD,1,79.8,
2,290,SVD,2,79.1,
2,291,SVD,0,115.3,
2,292,SVD,1,118.5,
2,293,SVD,2,128.7,
2,294,SVD,1,138.2,
2,295,SVD,0,68.8,
2,296,SVD,0,98.4,
2,297,SVD,2,93.9,
2,298,SVD,3,134.2,
2,299,SVD,2,89.6,
2,300,SVD,0,85.7,
2,301,SVD,1,49.4,
2,302,SVD,0,117.2,
2,303,SVD,6,172.1,
2,304,SVD,0,110.9,
2,305,SVD,0,51.3,
2,306,SVD,0,121.9,
2,307,SVD,0,101.6,
2,308,SVD,2,55.6,
2,309,SVD,0,163.0,
2,311,SVD,1,72.8,
2,312,SVD,1,64.9,
2,313,SVD,4,112.5,
2,314,SVD,1,114.4,
2,315,SVD,1,98.4,
2,316,SVD,1,69.0,
2,317,SVD,0,107.2,
2,318,SVD,1,158.3,
2,319,SVD,0,161.0,
2,320,SVD,0,92.4,
2,321,SVD,1,86.8,
2,322,SVD,0,105.9,
2,323,SVD,0,97.2,
2,324,SVD,0,116.5,
2,325,SVD,0,68.1,
2,326,SVD,2,107.7,
2,327,SVD,2,106.2,
2,328,SVD,0,72.5,
2,329,SVD,1,77.4,
2,330,SVD,0,69.8,
2,331,SVD,0,95.6,
2,332,SVD,1,80.5,
2,333,SVD,0,166.4,
2,334,SVD,3,121.5,
2,335,SVD,0,123.3,
2,336,SVD,0,162.6,
2,337,SVD,0,106.5,
2,338,SVD,3,100.2,
2,339,SVD,4,112.0,
2,340,SVD,1,238.5,
2,341,SVD,0,105.0,
2,342,SVD,0,124.1,
2,343,SVD,2,83.5,
2,344,SVD,0,86.8,
2,345,SVD,1,117.6,
2,346,SVD,3,144.6,
2,347,SVD,1,90.9,
2,348,SVD,0,120.7,
2,349,SVD,0,137.5,
2,350,SVD,0,87.9,
2,351,SVD,0,151.3,
2,352,SVD,0,155.2,
2,353,SVD,0,179.2,
2,354,SVD,0,38.1,
2,355,SVD,0,108.6,
2,356,SVD,0,148.3,
2,357,SVD,0,170.4,
2,358,SVD,1,96.5,
2,359,SVD,1,123.7,
2,360,SVD,1,94.9,
2,361,SVD,1,127.9,
2,362,SVD,0,129.9,
2,363,SVD,1,97.4,
2,364,SVD,0,121.5,
2,365,SVD,1,108.3,
2,366,SVD,1,145.5,
2,367,SVD,0,89.1,
2,368,SVD,0,68.8,
2,369,SVD,1,131.3,
2,370,SVD,0,69.3,
2,371,SVD,3,168.0,
2,372,SVD,0,94.6,
2,373,SVD,2,98.8,
2,374,SVD,3,204.3,
2,375,SVD,0,173.3,
2,376,SVD,0,100.7,
2,377,SVD,0,136.2,
2,378,SVD,0,87.7,
2,379,SVD,2,123.3,
2,380,SVD,0,57.1,
2,381,SVD,0,100.8,
2,382,SVD,0,85.1,
2,383,SVD,1,107.4,
2,384,SVD,0,136.2,
2,385,SVD,3,85.0,
2,386,SVD,0,91.1,
2,387,SVD,2,109.6,
2,388,SVD,0,190.1,
2,389,SVD,3,116.1,
2,390,SVD,0,157.8,
2,391,SVD,3,96.7,
2,392,SVD,1,154.7,
2,393,SVD,1,65.0,
2,394,SVD,0,123.3,
2,395,SVD,0,84.7,
2,396,SVD,0,78.1,
2,397,SVD,2,121.5,
2,398,SVD,0,104.8,
2,399,SVD,1,86.8,
2,400,SVD,0,134.2,
2,401,SVD,1,132.5,
2,402,SVD,1,132.4,
2,403,SVD,0,120.5,
2,404,SVD,0,116.9,
2,405,SVD,3,144.6,
2,406,SVD,2,76.7,
2,407,SVD,2,129.8,
2,408,SVD,0,91.5,
2,409,SVD,4,104.0,
2,410,SVD,0,123.3,
2,411,SVD,1,133.3,
2,412,SVD,2,105.4,
2,413,SVD,0,104.3,
2,414,SVD,0,103.3,
2,415,SVD,0,117.9,
2,416,SVD,3,116.7,
2,417,SVD,1,113.9,
2,418,SVD,0,132.0,
2,419,SVD,0,100.7,
2,420,SVD,1,97.4,
2,421,SVD,0,98.1,
2,422,SVD,2,132.6,
2,423,SVD,0,100.7,
2,424,SVD,0,89.2,
2,425,SVD,1,114.1,
2,426,SVD,1,88.9,
2,427,SVD,0,89.8,
2,428,SVD,0,136.2,
2,429,SVD,2,90.4,
2,430,SVD,1,115.4,
2,431,SVD,0,161.0,
2,432,SVD,0,88.8,
2,433,SVD,0,117.1,
2,434,SVD,0,90.8,
2,435,SVD,4,146.7,
2,436,SVD,0,83.8,
2,437,SVD,2,73.6,
2,438,SVD,0,118.1,
2,439,SVD,0,93.5,
2,440,SVD,0,136.6,
2,441,SVD,0,169.4,
2,442,SVD,1,146.9,
2,443,SVD,0,209.0,
2,444,SVD,0,127.7,
2,445,SVD,0,141.9,
2,446,SVD,0,136.2,
2,447,SVD,1,141.0,
2,448,SVD,0,106.9,
2,449,SVD,1,78.9,
2,450,SVD,2,63.1,
2,451,SVD,0,250.1,
2,452,SVD,2,86.8,
2,453,SVD,2,160.6,
2,454,SVD,6,231.4,
2,455,SVD,0,78.4,
2,456,SVD,1,81.5,
2,457,SVD,4,114.8,
2,458,SVD,4,127.1,
2,459,SVD,1,143.6,
2,460,SVD,0,119.8,
2,461,SVD,0,111.4,
2,462,SVD,1,109.6,
2,463,SVD,1,133.5,
2,464,SVD,0,106.5,
2,465,SVD,4,109.0,
2,466,SVD,0,71.8,
2,467,SVD,0,93.3,
2,468,SVD,2,117.9,
2,469,SVD,1,98.7,
2,470,SVD,0,140.7,
2,471,SVD,0,90.2,
2,472,SVD,0,20.2,
2,473,SVD,0,110.6,
2,474,SVD,3,92.6,
2,475,SVD,0,95.4,
2,476,SVD,0,156.3,
2,477,SVD,0,136.2,
2,478,SVD,4,155.0,
2,479,SVD,3,139.9,
2,480,SVD,2,85.7,
2,481,SVD,0,100.7,
2,482,SVD,0,123.7,
2,483,SVD,0,103.5,
2,484,SVD,2,136.2,
2,485,SVD,0,112.9,
2,486,SVD,1,133.8,
2,487,SVD,2,136.1,
2,488,SVD,2,141.7,
2,489,SVD,0,67.7,
2,490,SVD,0,85.7,
2,491,SVD,0,141.9,
2,492,SVD,3,123.3,
2,493,SVD,2,145.7,
2,494,SVD,3,215.8,
2,495,SVD,1,85.3,
2,496,SVD,1,108.6,
2,497,SVD,2,80.5,
2,498,SVD,2,76.9,
2,499,SVD,1,91.0,
2,500,SVD,0,52.8,
2,501,SVD,0,124.3,
2,502,SVD,0,79.7,
2,503,SVD,2,98.7,
2,504,SVD,1,73.3,
2,505,SVD,0,76.5,
2,506,SVD,1,180.0,
2,507,SVD,0,89.3,
2,508,SVD,0,112.3,
2,509,SVD,1,144.0,
2,510,SVD,0,185.6,
2,511,SVD,0,111.3,
2,512,SVD,1,123.3,
2,513,SVD,0,110.6,
2,514,SVD,2,58.0,
2,515,SVD,0,37.6,
2,516,SVD,0,85.7,
2,517,SVD,0,92.7,
2,518,SVD,0,172.0,
2,519,SVD,0,155.8,
2,520,SVD,0,150.7,
2,521,SVD,0,78.3,
2,522,SVD,1,146.9,
2,523,SVD,1,74.9,
2,524,SVD,1,59.1,
2,525,SVD,0,156.3,
2,526,SVD,0,120.9,
2,527,SVD,2,139.9,
2,528,SVD,2,191.5,
2,529,SVD,0,106.5,
2,530,SVD,1,85.7,
2,531,SVD,0,109.3,
2,532,SVD,1,170.8,
2,533,SVD,2,80.7,
2,534,SVD,0,155.3,
2,535,SVD,2,72.4,
2,536,SVD,3,160.2,
2,537,SVD,3,98.6,
2,538,SVD,1,96.1,
2,539,SVD,1,88.6,
2,540,SVD,0,94.9,
2,541,SVD,0,105.5,
2,542,SVD,1,100.0,
2,543,SVD,0,119.9,
2,544,SVD,0,115.2,
2,545,SVD,0,110.6,
2,546,SVD,0,76.2,
2,547,SVD,0,127.8,
2,548,SVD,0,143.6,
2,549,SVD,1,161.0,
2,550,SVD,0,125.7,
2,551,SVD,3,88.4,
2,552,SVD,0,104.6,
2,553,SVD,1,100.0,
2,554,SVD,1,138.7,
2,555,SVD,0,41.5,
2,556,SVD,0,114.5,
2,557,SVD,0,104.6,
2,558,SVD,0,107.2,
2,559,SVD,0,68.0,
2,560,SVD,0,82.9,
2,561,SVD,0,102.2,
2,562,SVD,0,79.3,
2,563,SVD,1,210.1,
2,564,SVD,0,90.3,
2,565,SVD,0,100.7,
2,566,SVD,1,75.5,
2,567,SVD,1,45.8,
2,568,SVD,0,144.5,
2,569,SVD,1,124.3,
2,570,SVD,0,93.3,
2,572,SVD,0,105.0,
2,573,SVD,0,110.6,
2,574,SVD,0,103.1,
2,575,SVD,0,102.1,
2,576,SVD,0,123.7,
2,577,SVD,0,51.7,
2,579,SVD,0,91.2,
2,580,SVD,0,73.3,
2,581,SVD,0,78.6,
2,582,SVD,0,122.4,
2,583,SVD,0,113.5,
2,584,SVD,1,123.7,
2,585,SVD,1,82.3,
2,586,SVD,0,49.7,
2,587,SVD,1,108.5,
2,588,SVD,1,73.0,
2,589,SVD,1,178.6,
2,590,SVD,1,84.5,
2,591,SVD,0,101.9,
2,592,SVD,5,176.2,
2,593,SVD,0,118.6,
2,594,SVD,0,89.3,
2,595,SVD,0,139.3,
2,596,SVD,0,130.2,
2,597,SVD,0,122.4,
2,598,SVD,0,100.7,
2,599,SVD,0,157.1,
2,600,SVD,1,165.8,
2,601,SVD,1,71.8,
2,602,SVD,0,123.7,
2,603,SVD,0,90.3,
2,604,SVD,0,116.9,
2,605,SVD,1,115.7,
2,606,SVD,1,80.3,
2,607,SVD,0,109.5,
2,608,SVD,0,56.4,
2,609,SVD,0,105.0,
2,610,SVD,1,118.6,
2,611,SVD,0,85.5,
2,612,SVD,0,89.5,
2,613,SVD,0,69.5,
2,614,SVD,0,87.3,
2,615,SVD,0,150.7,
2,616,SVD,0,105.0,
2,617,SVD,0,95.4,
2,618,SVD,3,154.7,
2,619,SVD,0,114.3,
2,620,SVD,0,46.2,
2,621,SVD,0,121.5,
2,622,SVD,1,107.4,
2,623,SVD,1,170.1,
2,624,SVD,0,100.7,
2,625,SVD,0,117.1,
2,626,SVD,0,150.2,
2,627,SVD,0,107.1,
2,628,SVD,0,90.9,
2,629,SVD,0,72.7,
2,630,SVD,0,70.3,
2,631,SVD,0,136.2,
2,632,SVD,0,67.0,
2,633,SVD,0,110.9,
2,634,SVD,0,123.2,
2,636,SVD,0,72.9,
2,637,SVD,0,154.0,
2,638,SVD,1,184.6,
2,639,SVD,0,69.1,
2,640,SVD,0,124.1,
2,642,SVD,1,91.8,
2,643,SVD,0,83.5,
2,644,SVD,0,60.0,
2,645,SVD,0,103.5,
2,647,SVD,0,136.2,
2,648,SVD,1,123.0,
2,649,SVD,0,91.1,
2,650,SVD,0,102.7,
2,651,SVD,0,105.1,
2,653,SVD,1,94.2,
2,654,SVD,1,85.2,
2,655,SVD,0,28.8,
2,658,SVD,0,103.7,
2,1,Mais populares,3,340.1,
2,2,Mais populares,1,351.1,
2,3,Mais populares,1,382.4,
2,4,Mais populares,2,366.6,
2,5,Mais populares,2,364.1,
2,6,Mais populares,2,341.8,
2,7,Mais populares,6,349.8,
2,8,Mais populares,1,347.5,
2,9,Mais populares,1,371.3,
2,10,Mais populares,2,357.7,
2,11,Mais populares,2,377.9,
2,12,Mais populares,0,372.3,
2,13,Mais populares,3,306.5,
2,14,Mais populares,2,349.9,
2,15,Mais populares,2,360.7,
2,16,Mais populares,3,344.5,
2,17,Mais populares,1,379.9,
2,18,Mais populares,1,337.2,
2,19,Mais populares,0,376.0,
2,20,Mais populares,2,366.7,
2,21,Mais populares,1,315.4,
2,22,Mais populares,0,339.7,
2,23,Mais populares,3,355.8,
2,24,Mais populares,3,349.7,
2,25,Mais populares,0,341.5,
2,26,Mais populares,3,348.4,
2,27,Mais populares,0,376.4,
2,28,Mais populares,2,340.6,
2,29,Mais populares,1,383.7,
2,30,Mais populares,3,352.8,
2,31,Mais populares,0,390.3,
2,32,Mais populares,1,351.1,
2,33,Mais populares,0,377.5,
2,34,Mais populares,0,381.4,
2,35,Mais populares,0,389.4,
2,36,Mais populares,1,390.3,
2,37,Mais populares,3,386.0,
2,38,Mais populares,0,376.9,
2,39,Mais populares,0,368.7,
2,40,Mais populares,0,373.3,
2,41,Mais populares,0,342.6,
2,42,Mais populares,2,354.4,
2,43,Mais populares,5,272.9,
2,44,Mais populares,4,344.8,
2,45,Mais populares,1,357.8,
2,46,Mais populares,1,344.6,
2,47,Mais populares,1,384.2,
2,48,Mais populares,1,360.3,
2,49,Mais populares,1,326.8,
2,50,Mais populares,1,376.0,
2,51,Mais populares,0,370.4,
2,52,Mais populares,2,379.7,
2,53,Mais populares,1,348.6,
2,54,Mais populares,4,354.5,
2,55,Mais populares,1,373.7,
2,56,Mais populares,4,312.7,
2,57,Mais populares,2,325.0,
2,58,Mais populares,4,338.1,
2,59,Mais populares,4,341.1,
2,60,Mais populares,4,384.2,
2,61,Mais populares,2,383.7,
2,62,Mais populares,5,324.6,
2,63,Mais populares,1,330.4,
2,64,Mais populares,3,339.4,
2,65,Mais populares,2,375.7,
2,66,Mais populares,4,353.0,
2,67,Mais populares,0,386.2,
2,68,Mais populares,2,363.5,
2,69,Mais populares,3,360.8,
2,70,Mais populares,2,369.7,
2,71,Mais populares,0,359.0,
2,72,Mais populares,2,343.7,
2,73,Mais populares,0,363.6,
2,74,Mais populares,3,373.3,
2,75,Mais populares,1,380.6,
2,76,Mais populares,3,357.5,
2,77,Mais populares,1,347.1,
2,78,Mais populares,0,380.9,
2,79,Mais populares,0,340.6,
2,80,Mais populares,1,377.8,
2,81,Mais populares,2,387.9,
2,82,Mais populares,2,335.5,
2,83,Mais populares,2,351.1,
2,84,Mais populares,2,362.3,
2,85,Mais populares,1,338.6,
2,86,Mais populares,0,369.2,
2,87,Mais populares,4,385.3,
2,88,Mais populares,0,384.2,
2,89,Mais populares,2,360.4,
2,90,Mais populares,3,374.8,
2,91,Mais populares,3,371.4,
2,92,Mais populares,6,341.2,
2,93,Mais populares,1,388.8,
2,94,Mais populares,5,310.3,
2,95,Mais populares,3,340.9,
2,96,Mais populares,4,363.8,
2,97,Mais populares,1,366.8,
2,98,Mais populares,0,390.3,
2,99,Mais populares,4,316.4,
2,100,Mais populares,1,371.8,
2,101,Mais populares,1,371.7,
2,102,Mais populares,1,291.0,
2,103,Mais populares,0,348.8,
2,104,Mais populares,1,342.9,
2,105,Mais populares,1,376.5,
2,106,Mais populares,0,372.0,
2,107,Mais populares,0,381.7,
2,108,Mais populares,2,351.2,
2,109,Mais populares,5,312.7,
2,110,Mais populares,2,389.4,
2,111,Mais populares,1,384.2,
2,112,Mais populares,0,365.0,
2,113,Mais populares,1,346.4,
2,114,Mais populares,0,382.5,
2,115,Mais populares,2,359.0,
2,116,Mais populares,1,345.1,
2,117,Mais populares,3,333.6,
2,118,Mais populares,2,373.0,
2,119,Mais populares,3,332.8,
2,120,Mais populares,3,369.9,
2,121,Mais populares,3,339.8,
2,122,Mais populares,0,390.3,
2,123,Mais populares,3,364.8,
2,124,Mais populares,0,375.2,
2,125,Mais populares,4,373.4,
2,126,Mais populares,1,363.5,
2,127,Mais populares,0,344.6,
2,128,Mais populares,2,346.3,
2,129,Mais populares,1,377.5,
2,130,Mais populares,6,308.6,
2,131,Mais populares,1,372.0,
2,132,Mais populares,1,361.7,
2,133,Mais populares,0,368.1,
2,134,Mais populares,0,360.1,
2,135,Mais populares,0,376.0,
2,136,Mais populares,1,373.4,
2,137,Mais populares,3,376.5,
2,138,Mais populares,0,376.6,
2,139,Mais populares,0,370.0,
2,140,Mais populares,1,380.2,
2,141,Mais populares,4,322.9,
2,142,Mais populares,0,371.7,
2,143,Mais populares,0,363.5,
2,144,Mais populares,4,313.6,
2,145,Mais populares,3,308.9,
2,146,Mais populares,1,374.5,
2,147,Mais populares,0,376.5,
2,148,Mais populares,1,373.9,
2,149,Mais populares,1,381.7,
2,150,Mais populares,1,349.8,
2,151,Mais populares,5,355.6,
2,152,Mais populares,0,373.9,
2,153,Mais populares,1,381.5,
2,154,Mais populares,1,362.2,
2,156,Mais populares,0,382.5,
2,157,Mais populares,3,379.0,
2,158,Mais populares,1,322.5,
2,159,Mais populares,1,365.3,
2,160,Mais populares,1,364.3,
2,161,Mais populares,1,382.4,
2,162,Mais populares,1,354.6,
2,163,Mais populares,1,381.4,
2,164,Mais populares,2,378.7,
2,165,Mais populares,0,366.9,
2,166,Mais populares,0,377.5,
2,167,Mais populares,0,387.9,
2,168,Mais populares,2,351.3,
2,169,Mais populares,2,366.8,
2,170,Mais populares,0,373.3,
2,171,Mais populares,1,381.4,
2,173,Mais populares,0,365.0,
2,174,Mais populares,1,367.1,
2,175,Mais populares,0,377.8,
2,176,Mais populares,1,323.3,
2,177,Mais populares,3,329.5,
2,178,Mais populares,7,304.5,
2,179,Mais populares,0,377.5,
2,180,Mais populares,1,381.4,
2,181,Mais populares,0,357.9,
2,182,Mais populares,1,361.9,
2,183,Mais populares,0,358.0,
2,184,Mais populares,2,340.4,
2,185,Mais populares,1,360.4,
2,186,Mais populares,1,358.2,
2,187,Mais populares,0,389.4,
2,188,Mais populares,2,338.5,
2,189,Mais populares,1,334.8,
2,190,Mais populares,0,350.5,
2,191,Mais populares,1,381.4,
2,192,Mais populares,1,373.0,
2,193,Mais populares,3,351.2,
2,194,Mais populares,2,348.8,
2,195,Mais populares,1,362.9,
2,196,Mais populares,0,384.2,
2,197,Mais populares,1,326.8,
2,198,Mais populares,3,342.8,
2,199,Mais populares,1,368.1,
2,200,Mais populares,4,328.0,
2,201,Mais populares,3,331.2,
2,202,Mais populares,1,384.2,
2,203,Mais populares,1,346.6,
2,204,Mais populares,0,367.9,
2,205,Mais populares,0,376.0,
2,206,Mais populares,0,371.8,
2,207,Mais populares,2,335.6,
2,208,Mais populares,0,390.3,
2,209,Mais populares,2,368.7,
2,210,Mais populares,3,362.6,
2,211,Mais populares,0,372.3,
2,212,Mais populares,0,384.2,
2,213,Mais populares,4,335.0,
2,214,Mais populares,3,360.9,
2,215,Mais populares,2,373.8,
2,216,Mais populares,2,350.9,
2,217,Mais populares,2,369.1,
2,218,Mais populares,0,379.7,
2,219,Mais populares,1,390.3,
2,220,Mais populares,2,372.3,
2,221,Mais populares,3,353.5,
2,222,Mais populares,6,272.4,
2,223,Mais populares,0,349.4,
2,224,Mais populares,0,373.3,
2,225,Mais populares,0,384.2,
2,226,Mais populares,1,376.5,
2,227,Mais populares,0,354.7,
2,229,Mais populares,1,376.5,
2,230,Mais populares,4,339.8,
2,231,Mais populares,0,361.7,
2,232,Mais populares,0,334.7,
2,233,Mais populares,0,350.6,
2,234,Mais populares,3,290.7,
2,235,Mais populares,0,362.5,
2,236,Mais populares,2,339.3,
2,237,Mais populares,1,374.2,
2,238,Mais populares,1,359.9,
2,239,Mais populares,2,371.8,
2,240,Mais populares,0,378.7,
2,241,Mais populares,1,374.5,
2,242,Mais populares,1,383.7,
2,243,Mais populares,1,384.2,
2,244,Mais populares,2,339.7,
2,245,Mais populares,0,358.2,
2,246,Mais populares,1,332.4,
2,247,Mais populares,0,340.6,
2,248,Mais populares,1,348.1,
2,249,Mais populares,4,332.1,
2,250,Mais populares,5,375.5,
2,251,Mais populares,2,309.8,
2,252,Mais populares,1,372.9,
2,253,Mais populares,2,360.2,
2,254,Mais populares,1,354.6,
2,255,Mais populares,0,366.7,
2,256,Mais populares,5,340.8,
2,257,Mais populares,1,342.8,
2,259,Mais populares,0,368.4,
2,260,Mais populares,0,381.7,
2,261,Mais populares,1,382.4,
2,262,Mais populares,1,362.9,
2,263,Mais populares,3,343.4,
2,264,Mais populares,1,375.5,
2,265,Mais populares,1,323.0,
2,266,Mais populares,1,382.5,
2,267,Mais populares,1,336.1,
2,268,Mais populares,4,333.7,
2,269,Mais populares,1,345.6,
2,270,Mais populares,3,362.6,
2,271,Mais populares,5,305.8,
2,272,Mais populares,1,386.1,
2,273,Mais populares,0,384.2,
2,274,Mais populares,3,342.4,
2,275,Mais populares,3,365.9,
2,276,Mais populares,8,330.5,
2,277,Mais populares,0,348.5,
2,278,Mais populares,2,383.7,
2,279,Mais populares,0,350.1,
2,280,Mais populares,3,313.1,
2,281,Mais populares,1,381.7,
2,282,Mais populares,0,371.8,
2,283,Mais populares,1,365.4,
2,284,Mais populares,0,373.8,
2,285,Mais populares,1,369.2,
2,286,Mais populares,2,343.6,
2,287,Mais populares,2,371.5,
2,288,Mais populares,0,328.7,
2,290,Mais populares,0,358.8,
2,291,Mais populares,3,340.2,
2,292,Mais populares,2,344.5,
2,293,Mais populares,2,335.2,
2,294,Mais populares,4,335.6,
2,295,Mais populares,3,358.3,
2,296,Mais populares,3,323.9,
2,297,Mais populares,4,333.5,
2,298,Mais populares,2,354.3,
2,299,Mais populares,2,320.6,
2,300,Mais populares,2,375.5,
2,301,Mais populares,6,308.5,
2,302,Mais populares,0,376.0,
2,303,Mais populares,7,328.6,
2,304,Mais populares,2,387.9,
2,305,Mais populares,2,320.0,
2,306,Mais populares,1,374.8,
2,307,Mais populares,3,354.0,
2,308,Mais populares,2,339.3,
2,309,Mais populares,0,373.8,
2,311,Mais populares,4,350.2,
2,312,Mais populares,2,356.5,
2,313,Mais populares,3,361.2,
2,314,Mais populares,2,385.3,
2,315,Mais populares,1,365.2,
2,316,Mais populares,0,356.6,
2,317,Mais populares,1,389.4,
2,318,Mais populares,1,346.3,
2,319,Mais populares,0,390.3,
2,320,Mais populares,3,351.3,
2,321,Mais populares,1,359.9,
2,322,Mais populares,0,364.3,
2,323,Mais populares,1,312.7,
2,324,Mais populares,3,367.1,
2,325,Mais populares,1,364.8,
2,326,Mais populares,2,373.8,
2,327,Mais populares,5,302.0,
2,328,Mais populares,5,319.7,
2,329,Mais populares,1,316.0,
2,330,Mais populares,1,336.4,
2,331,Mais populares,1,379.9,
2,332,Mais populares,4,302.1,
2,333,Mais populares,1,380.7,
2,334,Mais populares,6,353.7,
2,335,Mais populares,1,387.9,
2,336,Mais populares,1,366.8,
2,337,Mais populares,0,367.1,
2,338,Mais populares,0,365.4,
2,339,Mais populares,4,345.5,
2,340,Mais populares,1,378.9,
2,341,Mais populares,0,380.9,
2,342,Mais populares,2,371.3,
2,343,Mais populares,2,329.3,
2,344,Mais populares,4,320.7,
2,345,Mais populares,4,330.0,
2,346,Mais populares,3,378.2,
2,347,Mais populares,6,326.7,
2,348,Mais populares,2,366.9,
2,349,Mais populares,0,379.7,
2,350,Mais populares,2,367.7,
2,351,Mais populares,1,376.5,
2,352,Mais populares,2,382.9,
2,353,Mais populares,1,382.9,
2,354,Mais populares,4,375.0,
2,355,Mais populares,1,386.6,
2,356,Mais populares,0,368.7,
2,357,Mais populares,1,372.3,
2,358,Mais populares,0,382.6,
2,359,Mais populares,3,366.4,
2,360,Mais populares,3,374.2,
2,361,Mais populares,1,358.0,
2,362,Mais populares,0,368.7,
2,363,Mais populares,2,353.9,
2,364,Mais populares,1,381.4,
2,365,Mais populares,2,380.4,
2,366,Mais populares,0,387.9,
2,367,Mais populares,0,353.9,
2,368,Mais populares,2,362.1,
2,369,Mais populares,1,383.3,
2,370,Mais populares,1,375.1,
2,371,Mais populares,1,376.6,
2,372,Mais populares,0,381.4,
2,373,Mais populares,1,366.0,
2,374,Mais populares,4,331.7,
2,375,Mais populares,1,389.4,
2,376,Mais populares,1,379.7,
2,377,Mais populares,2,361.8,
2,378,Mais populares,6,319.6,
2,379,Mais populares,5,346.9,
2,380,Mais populares,2,340.7,
2,381,Mais populares,0,356.8,
2,382,Mais populares,1,384.2,
2,383,Mais populares,1,384.2,
2,384,Mais populares,1,376.5,
2,385,Mais populares,1,363.9,
2,386,Mais populares,0,364.4,
2,387,Mais populares,5,325.3,
2,388,Mais populares,0,341.5,
2,389,Mais populares,5,368.4,
2,390,Mais populares,1,354.1,
2,391,Mais populares,0,337.7,
2,392,Mais populares,3,335.0,
2,393,Mais populares,4,321.7,
2,394,Mais populares,5,370.8,
2,395,Mais populares,3,320.8,
2,396,Mais populares,0,386.2,
2,397,Mais populares,3,351.0,
2,398,Mais populares,0,347.2,
2,399,Mais populares,1,364.5,
2,400,Mais populares,2,381.7,
2,401,Mais populares,0,337.5,
2,402,Mais populares,3,368.4,
2,403,Mais populares,4,351.9,
2,404,Mais populares,2,373.0,
2,405,Mais populares,2,376.9,
2,406,Mais populares,6,328.6,
2,407,Mais populares,6,340.1,
2,408,Mais populares,1,376.0,
2,409,Mais populares,3,340.8,
2,410,Mais populares,0,382.9,
2,411,Mais populares,3,387.7,
2,412,Mais populares,1,387.7,
2,413,Mais populares,2,351.3,
2,414,Mais populares,2,371.3,
2,415,Mais populares,0,382.6,
2,416,Mais populares,9,360.3,
2,417,Mais populares,3,359.2,
2,418,Mais populares,2,389.4,
2,419,Mais populares,2,359.8,
2,420,Mais populares,1,384.2,
2,421,Mais populares,2,377.8,
2,422,Mais populares,5,367.7,
2,423,Mais populares,0,361.5,
2,424,Mais populares,2,337.9,
2,425,Mais populares,6,315.4,
2,426,Mais populares,0,369.6,
2,427,Mais populares,0,373.8,
2,428,Mais populares,1,373.0,
2,429,Mais populares,5,311.5,
2,430,Mais populares,6,365.9,
2,431,Mais populares,1,377.2,
2,432,Mais populares,3,357.6,
2,433,Mais populares,1,368.6,
2,434,Mais populares,1,385.3,
2,435,Mais populares,4,341.7,
2,436,Mais populares,2,377.4,
2,437,Mais populares,3,370.5,
2,438,Mais populares,3,372.5,
2,439,Mais populares,1,380.6,
2,440,Mais populares,0,381.7,
2,441,Mais populares,1,368.2,
2,442,Mais populares,1,360.3,
2,443,Mais populares,2,383.7,
2,444,Mais populares,2,362.2,
2,445,Mais populares,1,357.2,
2,446,Mais populares,0,389.4,
2,447,Mais populares,6,346.1,
2,448,Mais populares,0,372.3,
2,449,Mais populares,2,381.4,
2,450,Mais populares,8,347.7,
2,451,Mais populares,1,365.0,
2,452,Mais populares,3,349.9,
2,453,Mais populares,4,375.6,
2,454,Mais populares,5,382.0,
2,455,Mais populares,7,338.3,
2,456,Mais populares,3,360.1,
2,457,Mais populares,7,343.3,
2,458,Mais populares,2,355.3,
2,459,Mais populares,5,342.5,
2,460,Mais populares,1,373.9,
2,461,Mais populares,0,376.0,
2,462,Mais populares,1,372.4,
2,463,Mais populares,4,368.8,
2,464,Mais populares,3,373.6,
2,465,Mais populares,2,349.6,
2,466,Mais populares,3,339.6,
2,467,Mais populares,4,369.8,
2,468,Mais populares,5,339.6,
2,469,Mais populares,0,384.2,
2,470,Mais populares,3,362.4,
2,471,Mais populares,1,377.8,
2,472,Mais populares,4,352.1,
2,473,Mais populares,0,390.3,
2,474,Mais populares,8,352.7,
2,475,Mais populares,1,368.7,
2,476,Mais populares,1,382.4,
2,477,Mais populares,0,383.7,
2,478,Mais populares,2,376.8,
2,479,Mais populares,6,373.3,
2,480,Mais populares,1,351.2,
2,481,Mais populares,0,360.8,
2,482,Mais populares,1,348.3,
2,483,Mais populares,2,366.8,
2,484,Mais populares,6,364.2,
2,485,Mais populares,0,384.2,
2,486,Mais populares,5,351.7,
2,487,Mais populares,8,346.7,
2,488,Mais populares,2,326.1,
2,489,Mais populares,1,377.5,
2,490,Mais populares,0,358.1,
2,491,Mais populares,1,364.9,
2,492,Mais populares,1,376.0,
2,493,Mais populares,6,380.4,
2,494,Mais populares,4,357.6,
2,495,Mais populares,4,377.4,
2,496,Mais populares,2,387.5,
2,497,Mais populares,6,344.7,
2,498,Mais populares,3,366.6,
2,499,Mais populares,0,346.6,
2,500,Mais populares,3,348.3,
2,501,Mais populares,3,371.8,
2,502,Mais populares,0,377.5,
2,503,Mais populares,2,352.8,
2,504,Mais populares,3,353.7,
2,505,Mais populares,0,335.3,
2,506,Mais populares,2,374.5,
2,507,Mais populares,1,343.1,
2,508,Mais populares,1,377.4,
2,509,Mais populares,3,376.3,
2,510,Mais populares,0,381.7,
2,511,Mais populares,1,386.6,
2,512,Mais populares,1,362.2,
2,513,Mais populares,1,365.0,
2,514,Mais populares,2,330.6,
2,515,Mais populares,1,365.0,
2,516,Mais populares,2,384.2,
2,517,Mais populares,2,360.5,
2,518,Mais populares,1,378.9,
2,519,Mais populares,1,390.3,
2,520,Mais populares,1,367.6,
2,521,Mais populares,3,345.2,
2,522,Mais populares,1,390.3,
2,523,Mais populares,2,380.4,
2,524,Mais populares,3,377.4,
2,525,Mais populares,3,368.2,
2,526,Mais populares,2,323.6,
2,527,Mais populares,3,373.8,
2,528,Mais populares,3,376.0,
2,529,Mais populares,1,369.2,
2,530,Mais populares,1,373.3,
2,531,Mais populares,0,378.7,
2,532,Mais populares,2,367.8,
2,533,Mais populares,8,365.1,
2,534,Mais populares,1,359.2,
2,535,Mais populares,3,354.8,
2,536,Mais populares,2,377.4,
2,537,Mais populares,3,291.7,
2,538,Mais populares,4,333.2,
2,539,Mais populares,0,375.1,
2,540,Mais populares,3,351.0,
2,541,Mais populares,2,364.6,
2,542,Mais populares,2,360.3,
2,543,Mais populares,0,390.3,
2,544,Mais populares,1,378.2,
2,545,Mais populares,1,347.5,
2,546,Mais populares,3,331.4,
2,547,Mais populares,1,383.7,
2,548,Mais populares,4,303.8,
2,549,Mais populares,2,355.0,
2,550,Mais populares,1,337.0,
2,551,Mais populares,7,356.6,
2,552,Mais populares,1,299.5,
2,553,Mais populares,1,353.7,
2,554,Mais populares,4,320.0,
2,555,Mais populares,1,341.9,
2,556,Mais populares,1,375.8,
2,557,Mais populares,1,372.3,
2,558,Mais populares,0,376.0,
2,559,Mais populares,1,389.0,
2,560,Mais populares,3,354.8,
2,561,Mais populares,2,343.7,
2,562,Mais populares,0,351.9,
2,563,Mais populares,1,376.3,
2,564,Mais populares,1,355.9,
2,565,Mais populares,0,390.3,
2,566,Mais populares,3,347.9,
2,567,Mais populares,1,366.0,
2,568,Mais populares,0,382.5,
2,569,Mais populares,3,342.4,
2,570,Mais populares,0,372.3,
2,572,Mais populares,1,372.7,
2,573,Mais populares,1,360.0,
2,574,Mais populares,2,371.8,
2,575,Mais populares,0,369.4,
2,576,Mais populares,1,355.9,
2,577,Mais populares,2,322.9,
2,579,Mais populares,4,352.5,
2,580,Mais populares,1,326.4,
2,581,Mais populares,1,373.3,
2,582,Mais populares,2,334.5,
2,583,Mais populares,0,366.5,
2,584,Mais populares,1,370.4,
2,585,Mais populares,0,384.2,
2,586,Mais populares,1,357.3,
2,587,Mais populares,1,363.5,
2,588,Mais populares,3,301.4,
2,589,Mais populares,1,365.0,
2,590,Mais populares,1,384.2,
2,591,Mais populares,1,379.8,
2,592,Mais populares,8,330.5,
2,593,Mais populares,3,335.7,
2,594,Mais populares,0,359.0,
2,595,Mais populares,0,326.6,
2,596,Mais populares,2,359.4,
2,597,Mais populares,1,346.4,
2,598,Mais populares,0,373.8,
2,599,Mais populares,0,376.9,
2,600,Mais populares,1,368.6,
2,601,Mais populares,3,337.2,
2,602,Mais populares,0,346.1,
2,603,Mais populares,2,366.2,
2,604,Mais populares,0,377.4,
2,605,Mais populares,1,345.9,
2,606,Mais populares,5,309.3,
2,607,Mais populares,0,378.8,
2,608,Mais populares,0,329.4,
2,609,Mais populares,0,367.4,
2,610,Mais populares,0,353.3,
2,611,Mais populares,1,381.4,
2,612,Mais populares,0,374.5,
2,613,Mais populares,1,373.8,
2,614,Mais populares,1,363.4,
2,615,Mais populares,0,371.5,
2,616,Mais populares,1,372.3,
2,617,Mais populares,1,387.5,
2,618,Mais populares,4,358.5,
2,619,Mais populares,1,329.0,
2,620,Mais populares,2,335.0,
2,621,Mais populares,1,357.6,
2,622,Mais populares,1,311.0,
2,623,Mais populares,1,356.5,
2,624,Mais populares,1,311.6,
2,625,Mais populares,2,330.8,
2,626,Mais populares,0,368.1,
2,627,Mais populares,1,359.5,
2,628,Mais populares,0,368.7,
2,629,Mais populares,0,305.3,
2,630,Mais populares,3,314.6,
2,631,Mais populares,0,380.9,
2,632,Mais populares,0,336.3,
2,633,Mais populares,0,373.2,
2,634,Mais populares,2,320.7,
2,636,Mais populares,0,367.1,
2,637,Mais populares,1,331.0,
2,638,Mais populares,1,369.0,
2,639,Mais populares,0,370.6,
2,640,Mais populares,0,390.3,
2,642,Mais populares,1,356.0,
2,643,Mais populares,1,325.4,
2,644,Mais populares,4,370.5,
2,645,Mais populares,0,341.6,
2,647,Mais populares,0,376.9,
2,648,Mais populares,2,311.7,
2,649,Mais populares,1,365.3,
2,650,Mais populares,0,260.4,
2,651,Mais populares,0,375.8,
2,653,Mais populares,1,274.4,
2,654,Mais populares,2,290.6,
2,655,Mais populares,0,218.3,
2,658,Mais populares,0,350.8,
3,1,KNN por nota,0,2.5,1.3
3,2,KNN por nota,0,4.6,1.2
3,3,KNN por nota,0,6.6,2.1
3,4,KNN por nota,0,7.0,1.6
3,5,KNN por nota,0,3.3,1.1
3,6,KNN por nota,0,2.6,1.2
3,7,KNN por nota,0,2.5,1.2
3,8,KNN por nota,0,5.1,1.4
3,9,KNN por nota,0,3.9,1.1
3,10,KNN por nota,0,3.7,1.3
3,11,KNN por nota,0,2.4,1.1
3,12,KNN por nota,0,3.3,1.0
3,13,KNN por nota,0,2.5,1.2
3,14,KNN por nota,0,5.7,1.4
3,15,KNN por nota,0,7.0,1.2
3,16,KNN por nota,0,2.8,1.3
3,17,KNN por nota,0,5.7,1.6
3,18,KNN por nota,0,2.4,1.4
3,19,KNN por nota,0,3.2,1.3
3,20,KNN por nota,0,4.8,1.3
3,21,KNN por nota,0,2.0,1.1
3,22,KNN por nota,0,3.0,1.3
3,23,KNN por nota,0,3.8,1.1
3,24,KNN por nota,0,4.1,1.4
3,25,KNN por nota,0,6.1,1.1
3,26,KNN por nota,0,3.7,1.2
3,28,KNN por nota,0,4.7,1.3
3,29,KNN por nota,0,4.9,1.7
3,30,KNN por nota,0,4.0,1.0
3,31,KNN por nota,0,4.3,1.3
3,32,KNN por nota,0,4.7,1.3
3,33,KNN por nota,0,8.0,1.8
3,34,KNN por nota,0,4.8,1.3
3,35,KNN por nota,0,10.6,1.9
3,37,KNN por nota,0,4.4,1.7
3,38,KNN por nota,0,6.3,1.6
3,39,KNN por nota,0,2.9,1.1
3,40,KNN por nota,0,3.5,1.4
3,41,KNN por nota,0,3.4,1.2
3,42,KNN por nota,0,4.4,1.3
3,43,KNN por nota,0,7.0,1.5
3,44,KNN por nota,0,3.8,1.4
3,45,KNN por nota,0,4.2,1.2
3,46,KNN por nota,0,3.0,1.1
3,47,KNN por nota,0,2.8,1.2
3,48,KNN por nota,0,3.1,1.0
3,49,KNN por nota,0,2.8,1.3
3,50,KNN por nota,0,4.9,1.3
3,51,KNN por nota,0,5.0,1.1
3,52,KNN por nota,0,3.7,1.2
3,53,KNN por nota,0,4.8,1.3
3,54,KNN por nota,0,5.5,1.8
3,55,KNN por nota,0,4.5,1.3
3,56,KNN por nota,0,4.0,1.5
3,57,KNN por nota,0,5.4,1.5
3,58,KNN por nota,0,3.6,1.4
3,59,KNN por nota,0,3.7,1.2
3,60,KNN por nota,0,3.0,1.6
3,62,KNN por nota,0,4.1,1.7
3,63,KNN por nota,0,4.6,1.1
3,64,KNN por nota,0,3.7,1.1
3,65,KNN por nota,0,4.4,1.0
3,66,KNN por nota,0,6.2,1.3
3,67,KNN por nota,0,3.7,1.2
3,69,KNN por nota,0,3.5,1.1
3,70,KNN por nota,0,4.2,1.2
3,71,KNN por nota,0,4.6,1.1
3,72,KNN por nota,0,3.2,1.3
3,73,KNN por nota,0,3.1,1.4
3,74,KNN por nota,0,5.5,1.1
3,75,KNN por nota,0,3.4,1.0
3,76,KNN por nota,0,2.4,1.1
3,77,KNN por nota,0,4.9,1.6
3,78,KNN por nota,0,9.9,2.6
3,79,KNN por nota,0,7.4,1.1
3,80,KNN por nota,0,4.5,1.3
3,81,KNN por nota,0,6.0,1.8
3,82,KNN por nota,0,3.8,1.5
3,83,KNN por nota,0,3.0,1.2
3,84,KNN por nota,0,3.1,1.1
3,85,KNN por nota,0,3.9,1.0
3,86,KNN por nota,0,4.4,1.1
3,87,KNN por nota,0,6.6,1.0
3,88,KNN por nota,0,9.5,2.0
3,89,KNN por nota,0,5.7,1.3
3,90,KNN por nota,0,3.5,1.4
3,91,KNN por nota,0,4.1,1.0
3,92,KNN por nota,0,6.0,2.3
3,94,KNN por nota,0,2.8,1.4
3,95,KNN por nota,0,3.7,1.0
3,96,KNN por nota,0,4.0,1.6
3,97,KNN por nota,0,4.0,1.3
3,98,KNN por nota,0,3.5,1.2
3,99,KNN por nota,0,5.7,1.4
3,100,KNN por nota,0,4.6,1.2
3,101,KNN por nota,0,3.8,1.2
3,102,KNN por nota,0,4.3,1.2
3,103,KNN por nota,0,3.8,1.4
3,104,KNN por nota,0,6.7,1.3
3,106,KNN por nota,0,2.7,1.1
3,107,KNN por nota,0,5.3,1.2
3,108,KNN por nota,0,2.9,1.3
3,109,KNN por nota,0,5.5,1.4
3,110,KNN por nota,0,4.2,1.2
3,111,KNN por nota,0,7.7,1.3
3,112,KNN por nota,0,6.9,1.3
3,113,KNN por nota,0,8.1,1.0
3,114,KNN por nota,0,3.7,1.1
3,115,KNN por nota,0,2.5,1.6
3,116,KNN por nota,0,3.6,1.2
3,117,KNN por nota,0,5.9,2.0
3,118,KNN por nota,0,3.5,1.6
3,119,KNN por nota,0,4.5,1.4
3,121,KNN por nota,0,3.1,1.3
3,122,KNN por nota,0,4.1,1.5
3,123,KNN por nota,0,2.8,1.3
3,124,KNN por nota,0,3.4,1.3
3,125,KNN por nota,0,4.3,1.0
3,126,KNN por nota,0,4.0,1.1
3,127,KNN por nota,0,4.5,1.2
3,128,KNN por nota,0,3.4,1.0
3,129,KNN por nota,0,5.3,1.2
3,130,KNN por nota,0,5.0,1.0
3,131,KNN por nota,0,3.6,1.4
3,132,KNN por nota,0,3.3,2.0
3,133,KNN por nota,0,4.5,1.2
3,134,KNN por nota,0,3.4,1.3
3,135,KNN por nota,0,3.2,1.3
3,136,KNN por nota,0,4.2,1.1
3,137,KNN por nota,0,4.4,1.1
3,138,KNN por nota,0,3.0,1.3
3,139,KNN por nota,0,3.8,1.4
3,140,KNN por nota,0,5.3,1.1
3,141,KNN por nota,0,11.3,1.6
3,142,KNN por nota,0,4.1,1.0
3,143,KNN por nota,0,4.7,1.3
3,144,KNN por nota,0,3.1,1.2
3,145,KNN por nota,0,3.8,1.7
3,146,KNN por nota,0,3.3,1.1
3,147,KNN por nota,0,5.3,1.2
3,148,KNN por nota,0,3.6,1.2
3,149,KNN por nota,0,6.4,1.2
3,150,KNN por nota,0,4.9,1.4
3,151,KNN por nota,0,2.3,1.1
3,152,KNN por nota,0,3.3,1.3
3,153,KNN por nota,0,4.1,1.4
3,154,KNN por nota,0,4.1,1.4
3,156,KNN por nota,0,5.2,1.2
3,157,KNN por nota,0,4.4,1.2
3,158,KNN por nota,0,2.8,1.2
3,159,KNN por nota,0,6.9,1.9
3,160,KNN por nota,0,4.9,1.2
3,161,KNN por nota,0,3.1,1.3
3,162,KNN por nota,0,7.4,1.3
3,163,KNN por nota,0,2.8,1.2
3,164,KNN por nota,0,12.4,1.0
3,165,KNN por nota,0,5.5,1.0
3,166,KNN por nota,0,8.1,1.0
3,167,KNN por nota,0,4.7,1.4
3,168,KNN por nota,0,5.1,1.0
3,169,KNN por nota,0,4.4,1.4
3,170,KNN por nota,0,4.6,1.2
3,171,KNN por nota,0,3.7,1.1
3,172,KNN por nota,0,4.0,1.8
3,173,KNN por nota,0,4.5,1.0
3,174,KNN por nota,0,6.7,1.1
3,175,KNN por nota,0,3.8,1.2
3,176,KNN por nota,0,4.2,1.2
3,177,KNN por nota,0,5.2,1.4
3,178,KNN por nota,0,3.7,1.1
3,179,KNN por nota,0,4.5,1.8
3,180,KNN por nota,0,5.0,1.4
3,181,KNN por nota,0,7.7,1.0
3,182,KNN por nota,0,3.3,1.2
3,183,KNN por nota,0,3.2,1.0
3,184,KNN por nota,0,2.6,1.1
3,185,KNN por nota,0,2.5,1.3
3,186,KNN por nota,0,3.1,1.0
3,187,KNN por nota,0,4.0,1.4
3,188,KNN por nota,0,4.7,1.5
3,189,KNN por nota,0,3.4,1.1
3,190,KNN por nota,0,5.3,1.0
3,191,KNN por nota,0,3.3,1.3
3,192,KNN por nota,0,4.5,1.4
3,193,KNN por nota,0,3.9,1.2
3,194,KNN por nota,0,3.1,1.2
3,195,KNN por nota,0,3.1,1.2
3,196,KNN por nota,0,2.8,1.5
3,197,KNN por nota,0,2.7,1.3
3,198,KNN por nota,0,4.5,1.3
3,199,KNN por nota,0,7.6,1.2
3,200,KNN por nota,0,5.3,1.1
3,201,KNN por nota,0,3.4,1.2
3,202,KNN por nota,0,7.4,1.2
3,204,KNN por nota,0,3.5,1.1
3,205,KNN por nota,0,4.5,1.3
3,206,KNN por nota,0,5.7,1.5
3,207,KNN por nota,0,2.7,1.2
3,208,KNN por nota,0,6.4,1.2
3,209,KNN por nota,0,4.3,1.2
3,210,KNN por nota,0,3.1,1.2
3,211,KNN por nota,0,3.5,1.1
3,212,KNN por nota,0,2.5,1.2
3,213,KNN por nota,0,3.5,1.3
3,214,KNN por nota,0,4.3,1.0
3,215,KNN por nota,0,3.0,1.3
3,216,KNN por nota,0,3.5,1.2
3,217,KNN por nota,0,10.3,3.4
3,218,KNN por nota,0,2.9,1.2
3,219,KNN por nota,0,2.6,1.2
3,220,KNN por nota,0,5.5,1.4
3,221,KNN por nota,0,3.2,1.2
3,222,KNN por nota,0,4.3,1.4
3,223,KNN por nota,0,5.7,1.3
3,224,KNN por nota,0,9.1,1.7
3,225,KNN por nota,0,3.8,1.2
3,226,KNN por nota,0,5.1,1.7
3,227,KNN por nota,0,4.1,1.5
3,229,KNN por nota,0,6.4,1.5
3,230,KNN por nota,0,3.7,1.4
3,231,KNN por nota,0,8.2,1.4
3,232,KNN por nota,0,4.6,1.0
3,233,KNN por nota,0,2.3,1.2
3,234,KNN por nota,0,2.9,1.5
3,235,KNN por nota,0,3.1,1.1
3,236,KNN por nota,0,3.8,1.0
3,237,KNN por nota,0,3.6,1.2
3,238,KNN por nota,0,5.3,1.1
3,239,KNN por nota,0,4.9,1.6
3,240,KNN por nota,0,5.2,1.1
3,241,KNN por nota,0,4.6,1.2
3,242,KNN por nota,0,4.8,1.3
3,243,KNN por nota,0,3.5,1.2
3,244,KNN por nota,0,5.2,1.5
3,245,KNN por nota,0,4.8,1.2
3,246,KNN por nota,0,3.7,1.1
3,247,KNN por nota,0,4.1,1.1
3,248,KNN por nota,0,4.8,1.1
3,249,KNN por nota,0,3.6,1.3
3,250,KNN por nota,0,4.1,1.2
3,251,KNN por nota,0,3.1,1.3
3,252,KNN por nota,0,4.5,1.4
3,253,KNN por nota,0,4.3,1.3
3,254,KNN por nota,0,3.0,1.1
3,255,KNN por nota,0,7.5,1.4
3,256,KNN por nota,0,4.5,1.0
3,257,KNN por nota,0,4.0,1.3
3,258,KNN por nota,0,6.5,1.0
3,259,KNN por nota,0,3.6,1.2
3,260,KNN por nota,0,3.0,1.5
3,261,KNN por nota,0,7.9,1.5
3,262,KNN por nota,0,2.8,1.1
3,263,KNN por nota,0,3.8,1.2
3,264,KNN por nota,0,4.1,1.0
3,265,KNN por nota,0,3.3,1.1
3,267,KNN por nota,0,2.9,1.1
3,268,KNN por nota,0,4.1,1.6
3,269,KNN por nota,0,2.3,1.4
3,270,KNN por nota,0,3.3,1.1
3,271,KNN por nota,0,3.5,1.4
3,272,KNN por nota,0,2.5,1.1
3,273,KNN por nota,0,2.5,1.1
3,274,KNN por nota,0,3.1,1.1
3,275,KNN por nota,0,4.4,1.1
3,276,KNN por nota,0,3.2,1.3
3,277,KNN por nota,0,6.6,1.3
3,278,KNN por nota,0,7.2,1.6
3,279,KNN por nota,0,3.1,1.0
3,280,KNN por nota,0,4.7,1.5
3,281,KNN por nota,0,9.2,2.3
3,282,KNN por nota,0,5.6,1.4
3,283,KNN por nota,0,4.2,1.3
3,284,KNN por nota,0,3.3,1.2
3,285,KNN por nota,0,5.3,1.1
3,286,KNN por nota,0,4.1,1.0
3,287,KNN por nota,0,4.5,1.5
3,288,KNN por nota,0,4.1,1.2
3,289,KNN por nota,0,3.1,1.1
3,290,KNN por nota,0,4.7,1.0
3,291,KNN por nota,0,3.3,1.1
3,292,KNN por nota,0,2.7,1.1
3,293,KNN por nota,0,3.3,1.2
3,294,KNN por nota,0,4.5,1.2
3,295,KNN por nota,0,2.6,1.1
3,296,KNN por nota,0,3.4,1.4
3,297,KNN por nota,0,3.1,1.3
3,298,KNN por nota,0,5.3,1.2
3,299,KNN por nota,0,3.2,1.3
3,300,KNN por nota,0,6.2,1.2
3,301,KNN por nota,0,3.8,1.8
3,303,KNN por nota,0,3.2,1.2
3,304,KNN por nota,0,4.2,1.2
3,305,KNN por nota,0,3.2,1.2
3,306,KNN por nota,0,3.6,1.4
3,307,KNN por nota,0,3.5,1.1
3,308,KNN por nota,0,3.1,1.1
3,309,KNN por nota,0,4.1,1.3
3,310,KNN por nota,0,5.6,1.4
3,311,KNN por nota,0,4.0,1.2
3,312,KNN por nota,0,3.3,1.2
3,313,KNN por nota,0,2.8,1.2
3,314,KNN por nota,0,5.6,1.1
3,315,KNN por nota,0,2.8,1.3
3,316,KNN por nota,0,5.4,1.4
3,317,KNN por nota,0,9.9,2.3
3,318,KNN por nota,0,5.9,1.1
3,319,KNN por nota,0,2.8,1.1
3,320,KNN por nota,0,5.4,1.5
3,321,KNN por nota,0,3.2,1.6
3,322,KNN por nota,0,4.0,1.4
3,323,KNN por nota,0,3.9,1.2
3,324,KNN por nota,0,6.3,1.3
3,325,KNN por nota,0,2.7,1.2
3,326,KNN por nota,0,4.6,1.0
3,327,KNN por nota,0,2.4,1.1
3,328,KNN por nota,0,3.4,1.2
3,329,KNN por nota,0,3.7,1.1
3,330,KNN por nota,0,4.8,1.3
3,331,KNN por nota,0,2.6,1.3
3,332,KNN por nota,0,5.3,1.1
3,333,KNN por nota,0,3.3,1.3
3,334,KNN por nota,0,3.3,1.2
3,335,KNN por nota,0,3.9,1.0
3,336,KNN por nota,0,5.5,1.1
3,337,KNN por nota,0,5.3,1.0
3,338,KNN por nota,0,3.6,1.1
3,339,KNN por nota,0,2.8,1.1
3,340,KNN por nota,0,4.0,1.5
3,341,KNN por nota,0,4.3,1.3
3,342,KNN por nota,0,3.8,1.0
3,343,KNN por nota,0,4.2,1.4
3,344,KNN por nota,0,3.2,1.1
3,345,KNN por nota,0,4.2,1.2
3,346,KNN por nota,0,3.1,1.1
3,347,KNN por nota,0,4.3,1.1
3,348,KNN por nota,0,9.0,1.0
3,349,KNN por nota,0,5.7,1.5
3,350,KNN por nota,0,3.2,1.3
3,351,KNN por nota,0,4.2,1.1
3,352,KNN por nota,0,3.3,1.7
3,353,KNN por nota,0,5.2,1.4
3,354,KNN por nota,0,2.6,1.3
3,355,KNN por nota,0,4.2,1.5
3,356,KNN por nota,0,4.3,1.1
3,357,KNN por nota,0,5.7,1.3
3,358,KNN por nota,1,3.7,1.0
3,359,KNN por nota,0,6.8,1.3
3,360,KNN por nota,0,3.2,1.1
3,361,KNN por nota,0,3.5,1.2
3,362,KNN por nota,0,4.7,1.2
3,363,KNN por nota,0,2.9,1.2
3,364,KNN por nota,0,7.4,1.6
3,365,KNN por nota,0,4.5,1.2
3,366,KNN por nota,0,4.4,1.9
3,367,KNN por nota,0,3.2,1.2
3,368,KNN por nota,0,3.5,1.1
3,369,KNN por nota,0,3.7,1.4
3,370,KNN por nota,0,4.5,1.5
3,371,KNN por nota,0,3.9,1.5
3,372,KNN por nota,0,9.9,2.2
3,373,KNN por nota,0,3.4,1.2
3,374,KNN por nota,0,6.0,1.0
3,375,KNN por nota,0,3.1,1.0
3,376,KNN por nota,0,5.6,1.5
3,377,KNN por nota,0,14.0,4.4
3,378,KNN por nota,0,4.0,1.3
3,379,KNN por nota,0,3.5,1.4
3,380,KNN por nota,0,4.5,1.4
3,381,KNN por nota,0,3.1,1.2
3,382,KNN por nota,0,4.6,1.2
3,383,KNN por nota,0,3.8,1.2
3,384,KNN por nota,0,4.6,1.3
3,385,KNN por nota,0,3.6,1.2
3,386,KNN por nota,0,4.3,1.7
3,387,KNN por nota,0,3.7,1.2
3,388,KNN por nota,0,7.1,1.0
3,389,KNN por nota,0,3.2,1.3
3,390,KNN por nota,0,4.7,1.2
3,391,KNN por nota,0,2.4,1.3
3,392,KNN por nota,0,2.6,1.3
3,393,KNN por nota,0,6.3,1.7
3,394,KNN por nota,0,4.5,1.4
3,395,KNN por nota,0,4.9,1.1
3,396,KNN por nota,0,4.1,1.0
3,397,KNN por nota,0,3.2,1.1
3,398,KNN por nota,0,5.9,1.6
3,399,KNN por nota,0,3.5,1.0
3,400,KNN por nota,0,5.7,1.0
3,401,KNN por nota,0,3.1,1.1
3,402,KNN por nota,0,3.4,1.5
3,403,KNN por nota,0,3.7,1.0
3,404,KNN por nota,0,2.7,1.1
3,405,KNN por nota,0,3.8,1.5
3,406,KNN por nota,0,2.9,1.5
3,407,KNN por nota,0,2.9,1.1
3,408,KNN por nota,0,4.7,1.2
3,409,KNN por nota,0,2.7,1.1
3,410,KNN por nota,0,7.7,1.3
3,411,KNN por nota,0,5.1,1.2
3,412,KNN por nota,0,4.1,1.5
3,413,KNN por nota,0,4.1,1.1
3,414,KNN por nota,0,5.2,1.2
3,415,KNN por nota,0,8.0,2.1
3,416,KNN por nota,0,3.3,1.2
3,417,KNN por nota,0,4.4,1.1
3,418,KNN por nota,0,9.4,1.4
3,419,KNN por nota,0,2.9,1.1
3,420,KNN por nota,0,5.2,1.1
3,421,KNN por nota,0,4.4,1.5
3,422,KNN por nota,0,3.5,1.0
3,423,KNN por nota,0,3.8,1.4
3,424,KNN por nota,0,4.0,1.2
3,425,KNN por nota,0,3.5,1.0
3,426,KNN por nota,0,3.8,1.0
3,427,KNN por nota,0,4.3,1.3
3,428,KNN por nota,0,7.5,1.5
3,429,KNN por nota,0,3.0,1.3
3,430,KNN por nota,0,4.2,1.4
3,432,KNN por nota,0,4.5,1.2
3,433,KNN por nota,0,3.0,1.4
3,434,KNN por nota,0,6.4,1.6
3,435,KNN por nota,0,3.7,1.2
3,436,KNN por nota,0,3.6,1.0
3,437,KNN por nota,0,2.4,1.2
3,438,KNN por nota,0,6.2,1.3
3,439,KNN por nota,0,3.0,1.3
3,440,KNN por nota,0,8.4,2.3
3,441,KNN por nota,0,4.2,1.0
3,442,KNN por nota,0,3.7,1.1
3,443,KNN por nota,0,5.1,1.5
3,444,KNN por nota,0,9.9,1.7
3,445,KNN por nota,0,3.6,1.1
3,447,KNN por nota,0,3.0,1.1
3,448,KNN por nota,0,2.8,1.1
3,449,KNN por nota,0,3.1,1.4
3,450,KNN por nota,0,3.8,1.2
3,451,KNN por nota,0,8.1,1.4
3,452,KNN por nota,0,3.7,1.3
3,453,KNN por nota,0,5.9,1.3
3,454,KNN por nota,0,3.1,1.1
3,455,KNN por nota,0,3.5,1.2
3,456,KNN por nota,0,3.6,1.2
3,457,KNN por nota,0,4.0,1.8
3,458,KNN por nota,0,2.6,1.6
3,459,KNN por nota,0,8.3,1.8
3,460,KNN por nota,0,4.4,1.0
3,461,KNN por nota,0,4.4,1.4
3,462,KNN por nota,0,8.3,1.2
3,463,KNN por nota,0,7.6,1.7
3,464,KNN por nota,0,3.6,1.2
3,465,KNN por nota,0,3.4,1.1
3,466,KNN por nota,0,6.7,1.3
3,467,KNN por nota,0,3.7,1.6
3,468,KNN por nota,0,3.7,1.1
3,469,KNN por nota,0,3.7,1.4
3,470,KNN por nota,0,5.0,1.4
3,471,KNN por nota,0,4.4,1.6
3,472,KNN por nota,0,5.6,1.2
3,473,KNN por nota,0,6.1,1.2
3,474,KNN por nota,0,2.9,1.1
3,475,KNN por nota,0,3.9,1.1
3,476,KNN por nota,0,2.6,1.3
3,477,KNN por nota,0,3.0,1.4
3,478,KNN por nota,0,2.6,1.2
3,479,KNN por nota,0,3.0,1.2
3,480,KNN por nota,0,4.1,1.1
3,481,KNN por nota,0,4.8,1.1
3,482,KNN por nota,0,5.8,1.2
3,483,KNN por nota,0,7.4,1.2
3,484,KNN por nota,0,4.3,1.7
3,485,KNN por nota,0,5.3,1.0
3,486,KNN por nota,0,6.7,1.9
3,487,KNN por nota,0,5.2,1.9
3,488,KNN por nota,0,6.5,1.1
3,489,KNN por nota,0,2.9,1.2
3,490,KNN por nota,0,4.8,1.7
3,491,KNN por nota,0,4.5,1.1
3,492,KNN por nota,0,2.6,1.4
3,493,KNN por nota,0,3.9,1.1
3,494,KNN por nota,0,3.5,1.1
3,495,KNN por nota,0,3.6,1.4
3,496,KNN por nota,0,2.9,1.2
3,497,KNN por nota,0,4.9,1.4
3,498,KNN por nota,0,3.5,1.4
3,499,KNN por nota,0,3.6,1.1
3,500,KNN por nota,0,3.5,1.2
3,501,KNN por nota,0,3.6,1.2
3,502,KNN por nota,0,7.6,1.3
3,503,KNN por nota,0,3.1,1.0
3,504,KNN por nota,0,3.4,1.1
3,505,KNN por nota,0,7.6,1.8
3,506,KNN por nota,0,2.6,1.4
3,507,KNN por nota,0,6.6,2.2
3,508,KNN por nota,0,3.0,1.3
3,509,KNN por nota,0,4.7,1.6
3,510,KNN por nota,0,6.3,1.3
3,511,KNN por nota,0,9.0,2.1
3,512,KNN por nota,0,4.7,1.2
3,513,KNN por nota,0,6.8,1.2
3,514,KNN por nota,0,4.5,1.1
3,515,KNN por nota,0,9.7,2.0
3,516,KNN por nota,0,5.0,1.2
3,517,KNN por nota,0,4.8,1.2
3,518,KNN por nota,0,4.4,1.2
3,519,KNN por nota,0,3.1,1.0
3,520,KNN por nota,0,4.0,1.3
3,521,KNN por nota,0,5.1,1.3
3,522,KNN por nota,0,4.2,1.6
3,523,KNN por nota,0,5.1,1.1
3,524,KNN por nota,0,2.3,1.2
3,525,KNN por nota,0,4.2,1.2
3,526,KNN por nota,0,3.5,1.4
3,527,KNN por nota,0,2.6,1.3
3,528,KNN por nota,0,4.3,1.4
3,529,KNN por nota,0,5.4,1.1
3,530,KNN por nota,0,5.0,1.5
3,531,KNN por nota,0,10.7,1.9
3,532,KNN por nota,0,3.5,1.5
3,533,KNN por nota,0,5.5,1.2
3,534,KNN por nota,0,6.9,1.5
3,535,KNN por nota,0,5.1,1.0
3,536,KNN por nota,0,3.8,1.2
3,537,KNN por nota,0,3.0,1.1
3,538,KNN por nota,0,3.1,1.0
3,539,KNN por nota,0,5.9,1.4
3,540,KNN por nota,0,4.0,1.8
3,541,KNN por nota,0,4.7,1.5
3,542,KNN por nota,0,3.8,1.6
3,543,KNN por nota,0,2.3,1.3
3,544,KNN por nota,0,7.9,1.6
3,545,KNN por nota,0,3.3,1.0
3,546,KNN por nota,0,4.1,1.0
3,547,KNN por nota,0,3.1,1.4
3,548,KNN por nota,0,8.1,1.8
3,549,KNN por nota,0,8.0,1.5
3,550,KNN por nota,0,6.8,1.5
3,551,KNN por nota,0,3.3,1.2
3,552,KNN por nota,0,11.5,2.2
3,553,KNN por nota,0,2.6,1.1
3,554,KNN por nota,0,3.0,1.3
3,555,KNN por nota,0,6.9,1.0
3,556,KNN por nota,0,4.8,1.4
3,557,KNN por nota,0,4.3,1.5
3,558,KNN por nota,0,2.9,1.3
3,559,KNN por nota,0,3.0,1.1
3,560,KNN por nota,0,3.4,1.0
3,561,KNN por nota,0,2.8,1.2
3,562,KNN por nota,0,4.3,1.2
3,563,KNN por nota,0,4.8,1.2
3,564,KNN por nota,0,5.2,1.0
3,565,KNN por nota,0,3.1,1.8
3,566,KNN por nota,0,2.7,1.5
3,567,KNN por nota,0,5.7,1.3
3,568,KNN por nota,0,2.8,1.0
3,569,KNN por nota,0,5.6,1.4
3,570,KNN por nota,0,3.3,1.2
3,571,KNN por nota,0,5.0,1.6
3,572,KNN por nota,0,4.1,1.9
3,573,KNN por nota,0,3.4,1.1
3,574,KNN por nota,0,5.4,1.1
3,575,KNN por nota,0,4.1,1.2
3,576,KNN por nota,0,5.2,1.0
3,577,KNN por nota,0,5.4,1.4
3,579,KNN por nota,0,4.3,1.5
3,580,KNN por nota,0,4.3,1.4
3,581,KNN por nota,0,3.5,1.1
3,582,KNN por nota,0,7.3,1.5
3,583,KNN por nota,0,4.3,1.3
3,584,KNN por nota,0,6.9,1.4
3,585,KNN por nota,0,2.1,1.1
3,586,KNN por nota,0,5.8,2.0
3,587,KNN por nota,0,3.8,1.3
3,588,KNN por nota,0,4.5,1.3
3,589,KNN por nota,0,10.0,1.4
3,590,KNN por nota,0,2.3,1.0
3,591,KNN por nota,0,3.9,1.2
3,592,KNN por nota,0,4.3,1.2
3,593,KNN por nota,0,4.4,1.0
3,595,KNN por nota,0,4.7,1.6
3,596,KNN por nota,0,5.7,1.4
3,597,KNN por nota,0,6.5,1.6
3,598,KNN por nota,0,4.6,1.1
3,599,KNN por nota,0,5.8,1.3
3,600,KNN por nota,0,3.5,1.3
3,601,KNN por nota,0,3.2,1.4
3,602,KNN por nota,0,5.4,1.3
3,603,KNN por nota,0,5.6,1.5
3,604,KNN por nota,0,3.4,1.4
3,605,KNN por nota,0,3.6,1.0
3,606,KNN por nota,0,9.1,1.8
3,607,KNN por nota,0,3.4,1.0
3,608,KNN por nota,0,3.8,1.2
3,609,KNN por nota,0,3.5,1.5
3,610,KNN por nota,0,3.0,1.2
3,611,KNN por nota,0,6.4,1.3
3,612,KNN por nota,0,5.3,1.0
3,613,KNN por nota,0,4.4,1.3
3,614,KNN por nota,0,4.6,1.3
3,615,KNN por nota,0,2.3,1.4
3,616,KNN por nota,0,4.7,1.3
3,617,KNN por nota,0,2.8,1.4
3,618,KNN por nota,0,3.2,1.1
3,619,KNN por nota,0,5.8,1.2
3,620,KNN por nota,0,10.0,1.4
3,621,KNN por nota,0,3.4,1.2
3,622,KNN por nota,0,3.0,1.3
3,623,KNN por nota,0,4.9,1.2
3,624,KNN por nota,0,6.1,1.6
3,625,KNN por nota,0,4.2,1.3
3,626,KNN por nota,0,4.1,1.4
3,627,KNN por nota,0,4.8,1.4
3,628,KNN por nota,0,5.9,1.0
3,629,KNN por nota,0,3.2,1.3
3,630,KNN por nota,0,6.3,1.1
3,631,KNN por nota,0,3.3,1.2
3,632,KNN por nota,0,3.8,1.3
3,633,KNN por nota,0,5.6,1.5
3,634,KNN por nota,0,3.7,1.1
3,635,KNN por nota,0,4.8,1.3
3,636,KNN por nota,0,5.1,1.1
3,637,KNN por nota,0,6.7,1.0
3,638,KNN por nota,0,7.0,1.9
3,639,KNN por nota,0,3.1,1.3
3,640,KNN por nota,0,4.1,1.0
3,641,KNN por nota,0,3.5,1.3
3,642,KNN por nota,0,4.0,1.2
3,643,KNN por nota,0,3.2,1.2
3,644,KNN por nota,0,13.3,1.3
3,645,KNN por nota,0,2.4,1.0
3,646,KNN por nota,0,3.7,1.5
3,647,KNN por nota,0,4.5,1.3
3,648,KNN por nota,0,4.1,1.3
3,649,KNN por nota,0,5.1,1.8
3,650,KNN por nota,0,3.2,1.2
3,651,KNN por nota,0,4.2,1.1
3,652,KNN por nota,0,4.2,1.0
3,653,KNN por nota,0,4.4,1.8
3,654,KNN por nota,0,3.5,1.1
3,655,KNN por nota,0,3.4,1.7
3,656,KNN por nota,0,3.4,1.8
3,657,KNN por nota,0,8.5,1.8
3,658,KNN por nota,0,3.2,1.3
3,659,KNN por nota,0,2.2,1.0
3,660,KNN por nota,0,2.9,1.2
3,661,KNN por nota,0,3.2,1.3
3,662,KNN por nota,0,2.0,1.4
3,663,KNN por nota,0,4.8,1.7
3,664,KNN por nota,0,3.2,1.0
3,665,KNN por nota,0,4.4,1.4
3,666,KNN por nota,0,3.4,1.0
3,667,KNN por nota,0,4.2,1.5
3,668,KNN por nota,0,4.8,1.6
3,669,KNN por nota,0,3.6,1.3
3,670,KNN por nota,0,3.6,1.2
3,671,KNN por nota,0,5.7,1.3
3,672,KNN por nota,0,3.5,1.2
3,673,KNN por nota,0,2.9,1.3
3,674,KNN por nota,0,4.3,1.2
3,675,KNN por nota,0,2.5,1.3
3,676,KNN por nota,0,4.4,1.4
3,677,KNN por nota,1,6.2,2.3
3,678,KNN por nota,0,4.4,1.9
3,679,KNN por nota,0,5.0,1.3
3,680,KNN por nota,0,3.2,1.2
3,681,KNN por nota,0,7.4,1.5
3,682,KNN por nota,0,4.6,1.2
3,683,KNN por nota,0,4.7,1.4
3,684,KNN por nota,0,3.9,1.2
3,686,KNN por nota,0,2.7,1.5
3,687,KNN por nota,0,9.6,1.2
3,688,KNN por nota,0,26.9,5.5
3,689,KNN por nota,0,8.9,1.4
3,690,KNN por nota,0,5.2,1.3
3,691,KNN por nota,0,4.8,1.6
3,692,KNN por nota,0,4.9,1.2
3,693,KNN por nota,0,3.5,1.3
3,694,KNN por nota,0,2.8,1.3
3,695,KNN por nota,0,3.6,1.4
3,696,KNN por nota,0,5.1,1.3
3,697,KNN por nota,0,2.6,1.2
3,698,KNN por nota,0,9.0,1.9
3,699,KNN por nota,0,4.2,1.3
3,700,KNN por nota,0,3.6,1.5
3,701,KNN por nota,0,3.3,1.4
3,702,KNN por nota,0,4.1,1.1
3,703,KNN por nota,0,5.7,1.1
3,704,KNN por nota,0,4.7,1.4
3,705,KNN por nota,0,8.7,2.1
3,706,KNN por nota,0,11.9,1.9
3,707,KNN por nota,0,3.3,1.1
3,708,KNN por nota,0,9.7,1.3
3,709,KNN por nota,0,5.4,1.3
3,710,KNN por nota,0,2.6,1.3
3,711,KNN por nota,0,2.6,1.2
3,712,KNN por nota,0,4.6,1.0
3,713,KNN por nota,0,4.4,1.2
3,714,KNN por nota,0,6.1,1.2
3,715,KNN por nota,0,3.9,1.2
3,716,KNN por nota,0,3.4,1.8
3,717,KNN por nota,0,4.9,1.3
3,718,KNN por nota,0,4.4,1.4
3,719,KNN por nota,0,3.6,1.2
3,720,KNN por nota,0,7.2,2.1
3,721,KNN por nota,0,3.9,1.0
3,722,KNN por nota,0,4.7,1.2
3,723,KNN por nota,0,5.6,1.3
3,724,KNN por nota,0,4.6,1.0
3,725,KNN por nota,0,5.5,1.2
3,726,KNN por nota,0,4.2,1.4
3,727,KNN por nota,0,3.1,1.3
3,728,KNN por nota,0,3.6,1.1
3,729,KNN por nota,0,4.6,1.3
3,730,KNN por nota,0,5.3,1.6
3,731,KNN por nota,0,3.4,1.2
3,732,KNN por nota,0,4.5,1.1
3,733,KNN por nota,0,3.4,1.2
3,734,KNN por nota,0,3.1,1.2
3,735,KNN por nota,0,3.7,1.2
3,736,KNN por nota,0,5.4,1.7
3,737,KNN por nota,0,4.8,1.7
3,738,KNN por nota,0,3.6,1.8
3,739,KNN por nota,0,7.6,1.3
3,740,KNN por nota,0,3.5,1.2
3,741,KNN por nota,0,3.1,1.2
3,742,KNN por nota,0,3.6,1.3
3,743,KNN por nota,0,3.5,1.1
3,744,KNN por nota,0,3.1,1.3
3,745,KNN por nota,0,3.3,1.6
3,746,KNN por nota,0,3.6,1.2
3,747,KNN por nota,0,2.9,1.4
3,748,KNN por nota,0,2.5,1.1
3,749,KNN por nota,0,4.2,1.3
3,750,KNN por nota,0,5.4,1.5
3,751,KNN por nota,0,3.0,1.1
3,752,KNN por nota,0,5.6,1.8
3,753,KNN por nota,0,3.4,1.1
3,754,KNN por nota,0,5.3,1.3
3,755,KNN por nota,0,4.2,1.0
3,756,KNN por nota,0,3.5,1.1
3,757,KNN por nota,0,6.9,1.9
3,758,KNN por nota,0,3.0,1.2
3,759,KNN por nota,0,7.2,1.1
3,760,KNN por nota,0,5.6,1.3
3,761,KNN por nota,0,5.7,1.1
3,762,KNN por nota,0,5.8,1.3
3,763,KNN por nota,0,3.1,1.6
3,764,KNN por nota,0,4.7,1.3
3,765,KNN por nota,0,2.3,1.3
3,766,KNN por nota,0,3.6,1.1
3,767,KNN por nota,0,2.6,1.1
3,768,KNN por nota,0,3.5,1.4
3,769,KNN por nota,0,5.3,1.1
3,770,KNN por nota,0,3.9,1.2
3,771,KNN por nota,0,5.1,1.2
3,772,KNN por nota,0,3.8,1.1
3,773,KNN por nota,0,3.5,1.3
3,774,KNN por nota,0,3.4,1.2
3,775,KNN por nota,0,4.0,1.5
3,776,KNN por nota,0,2.9,1.5
3,777,KNN por nota,0,3.7,1.0
3,778,KNN por nota,0,5.5,1.5
3,779,KNN por nota,0,4.7,1.3
3,780,KNN por nota,0,5.2,1.3
3,781,KNN por nota,0,2.6,1.2
3,782,KNN por nota,0,12.5,2.9
3,783,KNN por nota,0,5.5,1.6
3,784,KNN por nota,0,5.7,1.2
3,785,KNN por nota,0,6.4,1.5
3,786,KNN por nota,0,4.4,1.3
3,787,KNN por nota,0,5.8,1.1
3,788,KNN por nota,0,3.0,1.2
3,789,KNN por nota,0,4.1,1.3
3,790,KNN por nota,0,7.4,1.5
3,791,KNN por nota,0,6.0,1.3
3,792,KNN por nota,0,3.7,1.3
3,793,KNN por nota,0,4.0,1.4
3,794,KNN por nota,0,3.0,1.1
3,795,KNN por nota,0,3.3,1.1
3,796,KNN por nota,0,3.2,1.2
3,797,KNN por nota,0,5.6,1.2
3,798,KNN por nota,0,3.7,2.0
3,799,KNN por nota,0,4.0,1.1
3,800,KNN por nota,0,3.4,1.1
3,801,KNN por nota,0,9.2,1.2
3,802,KNN por nota,0,4.4,1.2
3,803,KNN por nota,0,2.4,1.2
3,804,KNN por nota,0,3.7,1.2
3,805,KNN por nota,0,3.0,1.3
3,806,KNN por nota,0,4.1,1.1
3,807,KNN por nota,0,4.6,1.2
3,808,KNN por nota,0,7.9,1.7
3,809,KNN por nota,0,5.0,1.6
3,810,KNN por nota,0,7.4,1.5
3,811,KNN por nota,0,5.7,1.4
3,812,KNN por nota,0,7.5,1.2
3,813,KNN por nota,0,3.4,1.3
3,814,KNN por nota,0,5.5,1.1
3,815,KNN por nota,0,2.8,1.2
3,816,KNN por nota,0,10.1,2.6
3,817,KNN por nota,0,4.2,1.1
3,818,KNN por nota,0,4.6,1.7
3,819,KNN por nota,0,6.2,1.2
3,821,KNN por nota,0,3.2,1.1
3,823,KNN por nota,0,3.6,1.3
3,825,KNN por nota,0,5.8,1.2
3,826,KNN por nota,0,5.1,1.6
3,827,KNN por nota,0,4.9,1.4
3,828,KNN por nota,0,4.3,1.5
3,829,KNN por nota,0,2.8,1.2
3,830,KNN por nota,0,4.8,1.3
3,831,KNN por nota,0,6.0,1.9
3,832,KNN por nota,0,5.3,1.2
3,833,KNN por nota,0,3.1,1.6
3,834,KNN por nota,0,3.9,1.1
3,835,KNN por nota,0,4.2,1.1
3,836,KNN por nota,0,2.5,1.3
3,837,KNN por nota,0,5.5,1.4
3,838,KNN por nota,0,4.2,1.4
3,839,KNN por nota,0,4.4,1.6
3,840,KNN por nota,0,2.4,1.1
3,841,KNN por nota,0,5.6,1.6
3,843,KNN por nota,0,13.3,5.6
3,844,KNN por nota,0,4.5,1.2
3,845,KNN por nota,0,7.4,1.1
3,846,KNN por nota,0,3.5,1.2
3,847,KNN por nota,0,4.3,1.5
3,848,KNN por nota,0,3.5,1.3
3,849,KNN por nota,0,4.4,1.4
3,850,KNN por nota,0,6.4,1.6
3,851,KNN por nota,0,9.0,2.6
3,852,KNN por nota,0,4.1,1.2
3,853,KNN por nota,0,8.5,1.3
3,854,KNN por nota,0,3.5,1.1
3,856,KNN por nota,0,2.6,1.1
3,857,KNN por nota,0,5.0,1.3
3,858,KNN por nota,0,4.4,1.3
3,859,KNN por nota,0,4.0,1.3
3,860,KNN por nota,0,2.5,1.3
3,861,KNN por nota,0,2.9,1.1
3,862,KNN por nota,0,2.6,1.2
3,863,KNN por nota,0,13.3,2.8
3,864,KNN por nota,0,3.8,2.0
3,866,KNN por nota,0,4.3,1.5
3,867,KNN por nota,0,3.0,1.1
3,868,KNN por nota,0,2.6,1.3
3,870,KNN por nota,0,2.8,1.1
3,871,KNN por nota,0,5.2,1.2
3,875,KNN por nota,0,3.2,1.4
3,876,KNN por nota,0,4.1,1.1
3,1,KNN por soma,5,251.6,120.3
3,2,KNN por soma,4,281.4,89.0
3,3,KNN por soma,0,324.0,112.8
3,4,KNN por soma,0,307.4,89.1
3,5,KNN por soma,0,260.7,115.1
3,6,KNN por soma,6,220.0,103.8
3,7,KNN por soma,6,219.8,108.9
3,8,KNN por soma,2,271.8,112.1
3,9,KNN por soma,0,295.2,95.2
3,10,KNN por soma,2,234.3,113.8
3,11,KNN por soma,0,291.4,108.7
3,12,KNN por soma,2,254.4,89.0
3,13,KNN por soma,6,196.0,99.3
3,14,KNN por soma,2,213.3,85.0
3,15,KNN por soma,0,264.0,76.2
3,16,KNN por soma,2,286.1,126.2
3,17,KNN por soma,1,336.4,106.2
3,18,KNN por soma,4,176.3,80.9
3,19,KNN por soma,0,302.1,111.1
3,20,KNN por soma,0,251.5,87.1
3,21,KNN por soma,0,289.5,112.2
3,22,KNN por soma,2,280.4,131.2
3,23,KNN por soma,0,213.9,89.4
3,24,KNN por soma,2,266.9,106.3
3,25,KNN por soma,1,267.1,94.7
3,26,KNN por soma,1,265.0,86.9
3,28,KNN por soma,0,260.9,117.0
3,29,KNN por soma,1,312.7,100.9
3,30,KNN por soma,1,293.9,105.1
3,31,KNN por soma,0,278.5,107.9
3,32,KNN por soma,0,293.9,95.4
3,33,KNN por soma,0,301.3,95.0
3,34,KNN por soma,0,299.9,95.0
3,35,KNN por soma,0,314.9,95.7
3,37,KNN por soma,2,283.0,138.2
3,38,KNN por soma,0,310.5,102.5
3,39,KNN por soma,0,314.5,97.4
3,40,KNN por soma,0,319.5,95.5
3,41,KNN por soma,2,229.9,92.4
3,42,KNN por soma,3,258.3,121.9
3,43,KNN por soma,4,255.7,113.6
3,44,KNN por soma,2,215.2,109.7
3,45,KNN por soma,0,268.7,100.2
3,46,KNN por soma,1,253.6,86.2
3,47,KNN por soma,0,303.3,92.0
3,48,KNN por soma,1,261.3,123.3
3,49,KNN por soma,0,218.8,100.8
3,50,KNN por soma,0,329.8,108.9
3,51,KNN por soma,2,292.6,128.5
3,52,KNN por soma,2,313.1,126.4
3,53,KNN por soma,1,290.2,103.3
3,54,KNN por soma,1,289.3,83.5
3,55,KNN por soma,1,297.7,142.7
3,56,KNN por soma,4,261.0,118.0
3,57,KNN por soma,0,274.4,113.8
3,58,KNN por soma,3,221.1,96.5
3,59,KNN por soma,7,195.6,99.0
3,60,KNN por soma,3,224.9,103.5
3,62,KNN por soma,2,184.9,95.9
3,63,KNN por soma,0,247.9,89.3
3,64,KNN por soma,2,217.9,104.2
3,65,KNN por soma,1,293.5,118.0
3,66,KNN por soma,0,284.1,93.9
3,67,KNN por soma,0,333.9,139.1
3,69,KNN por soma,1,243.8,94.9
3,70,KNN por soma,2,289.2,144.2
3,71,KNN por soma,0,230.0,89.4
3,72,KNN por soma,3,237.4,104.9
3,73,KNN por soma,1,252.6,111.1
3,74,KNN por soma,1,285.2,85.5
3,75,KNN por soma,1,312.1,111.7
3,76,KNN por soma,0,256.8,111.0
3,77,KNN por soma,0,198.4,98.3
3,78,KNN por soma,0,314.8,106.0
3,79,KNN por soma,0,263.1,86.1
3,80,KNN por soma,0,294.0,114.2
3,81,KNN por soma,0,286.6,125.9
3,82,KNN por soma,1,236.9,123.2
3,83,KNN por soma,0,269.0,115.5
3,84,KNN por soma,0,300.9,127.7
3,85,KNN por soma,6,245.1,119.5
3,86,KNN por soma,0,306.8,98.2
3,87,KNN por soma,1,235.9,118.1
3,88,KNN por soma,0,295.5,80.0
3,89,KNN por soma,2,307.4,104.9
3,90,KNN por soma,6,235.5,99.5
3,91,KNN por soma,1,274.1,108.3
3,92,KNN por soma,3,252.8,111.7
3,94,KNN por soma,2,188.8,95.8
3,95,KNN por soma,2,241.0,115.4
3,96,KNN por soma,2,243.4,96.5
3,97,KNN por soma,1,281.5,116.5
3,98,KNN por soma,0,289.3,96.2
3,99,KNN por soma,2,250.3,101.2
3,100,KNN por soma,3,321.4,97.2
3,101,KNN por soma,0,296.6,108.0
3,102,KNN por soma,1,257.0,118.6
3,103,KNN por soma,1,286.3,121.5
3,104,KNN por soma,2,276.5,85.8
3,106,KNN por soma,1,282.6,124.0
3,107,KNN por soma,0,278.3,86.6
3,108,KNN por soma,1,245.3,100.4
3,109,KNN por soma,5,226.8,93.3
3,110,KNN por soma,2,297.6,100.4
3,111,KNN por soma,2,290.4,84.3
3,112,KNN por soma,1,308.6,84.7
3,113,KNN por soma,1,295.7,94.2
3,114,KNN por soma,2,294.1,127.0
3,115,KNN por soma,0,203.2,95.8
3,116,KNN por soma,1,308.6,114.6
3,117,KNN por soma,1,261.7,105.1
3,118,KNN por soma,0,276.6,138.8
3,119,KNN por soma,2,284.7,96.5
3,121,KNN por soma,1,221.4,98.6
3,122,KNN por soma,0,289.9,106.5
3,123,KNN por soma,0,249.9,89.6
3,124,KNN por soma,0,246.9,92.0
3,125,KNN por soma,1,256.0,118.2
3,126,KNN por soma,0,322.6,90.8
3,127,KNN por soma,0,291.8,89.5
3,128,KNN por soma,0,264.9,114.1
3,129,KNN por soma,0,283.0,76.5
3,130,KNN por soma,2,220.1,86.7
3,131,KNN por soma,1,269.7,83.4
3,132,KNN por soma,0,274.8,129.5
3,133,KNN por soma,1,317.9,99.6
3,134,KNN por soma,0,287.1,88.0
3,135,KNN por soma,0,297.3,141.3
3,136,KNN por soma,3,249.4,90.2
3,137,KNN por soma,0,282.3,103.4
3,138,KNN por soma,0,278.8,136.1
3,139,KNN por soma,1,288.5,120.5
3,140,KNN por soma,0,276.1,87.3
3,141,KNN por soma,1,274.1,74.5
3,142,KNN por soma,0,313.0,107.6
3,143,KNN por soma,1,311.0,95.1
3,144,KNN por soma,3,236.4,109.1
3,145,KNN por soma,3,267.1,121.1
3,146,KNN por soma,1,308.6,87.3
3,147,KNN por soma,0,262.3,86.6
3,148,KNN por soma,2,284.4,112.7
3,149,KNN por soma,0,262.5,75.3
3,150,KNN por soma,0,287.7,94.4
3,151,KNN por soma,3,192.7,97.7
3,152,KNN por soma,1,316.7,108.0
3,153,KNN por soma,1,256.1,94.3
3,154,KNN por soma,0,266.4,118.3
3,156,KNN por soma,0,259.1,115.9
3,157,KNN por soma,0,286.8,97.0
3,158,KNN por soma,1,210.2,108.7
3,159,KNN por soma,0,330.2,99.3
3,160,KNN por soma,1,225.3,98.5
3,161,KNN por soma,0,214.6,90.4
3,162,KNN por soma,0,281.0,93.4
3,163,KNN por soma,1,296.4,116.2
3,164,KNN por soma,1,292.5,87.7
3,165,KNN por soma,0,287.4,88.5
3,166,KNN por soma,1,321.2,96.9
3,167,KNN por soma,0,303.6,143.2
3,168,KNN por soma,1,299.1,89.9
3,169,KNN por soma,1,285.5,91.3
3,170,KNN por soma,0,321.8,97.9
3,171,KNN por soma,1,288.7,86.2
3,172,KNN por soma,0,304.7,129.6
3,173,KNN por soma,0,303.4,88.7
3,174,KNN por soma,1,305.3,118.5
3,175,KNN por soma,1,276.3,126.6
3,176,KNN por soma,0,273.3,92.6
3,177,KNN por soma,1,208.1,84.8
3,178,KNN por soma,7,237.3,98.4
3,179,KNN por soma,0,324.3,90.0
3,180,KNN por soma,1,296.7,105.2
3,181,KNN por soma,0,307.8,90.0
3,182,KNN por soma,1,275.3,121.2
3,183,KNN por soma,0,276.5,111.8
3,184,KNN por soma,2,201.4,95.7
3,185,KNN por soma,0,252.6,98.7
3,186,KNN por soma,0,314.4,106.6
3,187,KNN por soma,0,299.6,130.7
3,188,KNN por soma,1,233.1,107.1
3,189,KNN por soma,1,262.2,132.2
3,190,KNN por soma,0,271.6,72.4
3,191,KNN por soma,1,302.4,87.1
3,192,KNN por soma,1,279.6,100.4
3,193,KNN por soma,0,269.6,87.2
3,194,KNN por soma,2,195.9,106.9
3,195,KNN por soma,0,279.6,101.9
3,196,KNN por soma,0,307.4,107.1
3,197,KNN por soma,1,252.7,105.2
3,198,KNN por soma,4,226.9,116.4
3,199,KNN por soma,1,297.8,83.9
3,200,KNN por soma,2,256.1,123.7
3,201,KNN por soma,4,215.0,100.4
3,202,KNN por soma,0,314.8,95.7
3,204,KNN por soma,0,291.5,99.7
3,205,KNN por soma,0,309.6,97.2
3,206,KNN por soma,1,282.2,81.0
3,207,KNN por soma,2,229.0,111.6
3,208,KNN por soma,0,283.2,121.7
3,209,KNN por soma,1,289.9,100.9
3,210,KNN por soma,0,244.4,116.6
3,211,KNN por soma,0,291.7,100.3
3,212,KNN por soma,1,314.9,118.3
3,213,KNN por soma,0,234.4,113.3
3,214,KNN por soma,2,183.6,71.2
3,215,KNN por soma,3,277.0,123.5
3,216,KNN por soma,6,282.5,129.4
3,217,KNN por soma,1,293.5,121.8
3,218,KNN por soma,0,283.4,110.3
3,219,KNN por soma,0,314.3,106.7
3,220,KNN por soma,1,315.8,103.6
3,221,KNN por soma,1,245.1,106.3
3,222,KNN por soma,5,232.5,112.3
3,223,KNN por soma,0,311.5,114.9
3,224,KNN por soma,0,314.0,107.9
3,225,KNN por soma,0,318.4,123.1
3,226,KNN por soma,0,312.5,112.5
3,227,KNN por soma,2,264.4,99.6
3,229,KNN por soma,0,313.7,91.7
3,230,KNN por soma,3,251.9,99.2
3,231,KNN por soma,1,309.6,99.7
3,232,KNN por soma,1,221.2,92.8
3,233,KNN por soma,2,294.9,116.2
3,234,KNN por soma,8,215.9,110.8
3,235,KNN por soma,2,269.3,121.4
3,236,KNN por soma,4,265.4,99.0
3,237,KNN por soma,0,273.7,101.5
3,238,KNN por soma,0,290.0,89.4
3,239,KNN por soma,1,214.3,77.9
3,240,KNN por soma,1,315.4,99.6
3,241,KNN por soma,0,309.0,94.2
3,242,KNN por soma,0,317.0,108.2
3,243,KNN por soma,1,285.0,114.7
3,244,KNN por soma,1,221.0,109.8
3,245,KNN por soma,0,305.3,106.5
3,246,KNN por soma,2,281.8,132.6
3,247,KNN por soma,1,274.9,89.4
3,248,KNN por soma,1,255.5,92.2
3,249,KNN por soma,2,213.0,104.3
3,250,KNN por soma,2,216.7,78.7
3,251,KNN por soma,0,267.8,115.2
3,252,KNN por soma,0,300.2,106.5
3,253,KNN por soma,0,256.8,112.8
3,254,KNN por soma,1,269.7,117.5
3,255,KNN por soma,1,308.9,107.0
3,256,KNN por soma,0,245.7,102.7
3,257,KNN por soma,1,266.6,99.1
3,258,KNN por soma,0,320.4,90.8
3,259,KNN por soma,0,296.7,128.0
3,260,KNN por soma,0,313.3,100.7
3,261,KNN por soma,0,308.8,98.1
3,262,KNN por soma,2,249.4,112.2
3,263,KNN por soma,3,268.3,105.4
3,264,KNN por soma,2,320.5,127.3
3,265,KNN por soma,2,281.2,78.0
3,267,KNN por soma,4,261.8,134.2
3,268,KNN por soma,3,210.7,110.5
3,269,KNN por soma,0,159.4,86.1
3,270,KNN por soma,0,265.9,103.8
3,271,KNN por soma,5,207.0,109.3
3,272,KNN por soma,0,235.9,126.3
3,273,KNN por soma,0,330.3,107.3
3,274,KNN por soma,0,266.3,102.0
3,275,KNN por soma,0,270.8,119.3
3,276,KNN por soma,8,262.4,135.9
3,277,KNN por soma,0,263.4,78.0
3,278,KNN por soma,1,294.6,90.4
3,279,KNN por soma,0,248.7,101.7
3,280,KNN por soma,0,201.4,80.2
3,281,KNN por soma,0,307.9,93.1
3,282,KNN por soma,0,305.9,98.9
3,283,KNN por soma,0,286.8,126.3
3,284,KNN por soma,1,325.5,97.6
3,285,KNN por soma,0,286.1,82.5
3,286,KNN por soma,2,239.4,95.6
3,287,KNN por soma,1,284.1,115.6
3,288,KNN por soma,1,254.6,94.6
3,289,KNN por soma,0,331.5,135.3
3,290,KNN por soma,2,293.7,134.0
3,291,KNN por soma,3,259.6,123.8
3,292,KNN por soma,2,241.3,121.9
3,293,KNN por soma,4,206.4,118.6
3,294,KNN por soma,2,286.8,95.5
3,295,KNN por soma,4,250.5,108.8
3,296,KNN por soma,3,274.2,111.5
3,297,KNN por soma,1,239.8,98.3
3,298,KNN por soma,0,253.5,116.5
3,299,KNN por soma,2,200.6,101.7
3,300,KNN por soma,0,322.9,99.1
3,301,KNN por soma,5,241.5,111.1
3,303,KNN por soma,6,224.7,118.1
3,304,KNN por soma,0,327.0,100.5
3,305,KNN por soma,2,185.7,87.8
3,306,KNN por soma,0,279.0,95.3
3,307,KNN por soma,4,247.7,102.3
3,308,KNN por soma,6,227.2,112.0
3,309,KNN por soma,1,323.7,108.0
3,310,KNN por soma,1,309.2,104.1
3,311,KNN por soma,3,211.5,103.9
3,312,KNN por soma,4,227.2,95.3
3,313,KNN por soma,2,190.5,96.4
3,314,KNN por soma,1,310.0,106.8
3,315,KNN por soma,0,244.7,96.0
3,316,KNN por soma,0,209.2,68.0
3,317,KNN por soma,0,268.8,92.2
3,318,KNN por soma,1,263.0,112.7
3,319,KNN por soma,0,327.6,108.4
3,320,KNN por soma,4,271.7,120.5
3,321,KNN por soma,1,261.3,112.9
3,322,KNN por soma,1,272.2,104.0
3,323,KNN por soma,1,247.1,103.8
3,324,KNN por soma,0,262.1,83.9
3,325,KNN por soma,2,210.6,100.6
3,326,KNN por soma,3,245.6,125.4
3,327,KNN por soma,1,192.7,88.2
3,328,KNN por soma,4,252.0,113.9
3,329,KNN por soma,0,222.2,77.1
3,330,KNN por soma,3,272.1,115.3
3,331,KNN por soma,2,272.4,95.1
3,332,KNN por soma,6,276.3,116.5
3,333,KNN por soma,2,297.0,100.2
3,334,KNN por soma,6,224.7,113.4
3,335,KNN por soma,0,302.9,94.9
3,336,KNN por soma,0,287.2,119.3
3,337,KNN por soma,1,325.1,128.6
3,338,KNN por soma,1,269.9,94.1
3,339,KNN por soma,8,235.1,128.4
3,340,KNN por soma,0,236.2,91.5
3,341,KNN por soma,0,339.4,111.1
3,342,KNN por soma,0,266.3,111.8
3,343,KNN por soma,6,291.2,135.1
3,344,KNN por soma,2,236.6,109.9
3,345,KNN por soma,3,219.7,91.4
3,346,KNN por soma,3,231.1,108.5
3,347,KNN por soma,1,244.2,93.2
3,348,KNN por soma,0,321.8,97.1
3,349,KNN por soma,1,301.8,121.3
3,350,KNN por soma,2,241.6,91.5
3,351,KNN por soma,0,299.3,88.9
3,352,KNN por soma,4,258.4,114.2
3,353,KNN por soma,1,291.1,89.6
3,354,KNN por soma,0,232.7,82.3
3,355,KNN por soma,0,304.5,109.7
3,356,KNN por soma,0,317.5,97.9
3,357,KNN por soma,0,332.0,116.0
3,358,KNN por soma,0,268.8,95.7
3,359,KNN por soma,1,292.3,94.3
3,360,KNN por soma,2,227.4,95.1
3,361,KNN por soma,0,237.0,112.1
3,362,KNN por soma,0,300.1,88.0
3,363,KNN por soma,3,242.7,110.0
3,364,KNN por soma,1,323.8,99.2
3,365,KNN por soma,1,289.1,92.2
3,366,KNN por soma,0,310.5,117.1
3,367,KNN por soma,2,298.6,124.3
3,368,KNN por soma,1,277.8,103.2
3,369,KNN por soma,0,305.5,104.0
3,370,KNN por soma,3,253.3,82.0
3,371,KNN por soma,2,284.9,134.3
3,372,KNN por soma,1,312.3,92.0
3,373,KNN por soma,6,263.1,116.8
3,374,KNN por soma,1,268.9,102.2
3,375,KNN por soma,0,307.4,116.7
3,376,KNN por soma,0,266.4,89.3
3,377,KNN por soma,1,281.0,92.8
3,378,KNN por soma,2,217.4,95.8
3,379,KNN por soma,4,220.6,131.1
3,380,KNN por soma,3,246.5,106.9
3,381,KNN por soma,0,266.0,129.6
3,382,KNN por soma,1,200.7,82.8
3,383,KNN por soma,0,279.1,105.1
3,384,KNN por soma,1,293.6,98.8
3,385,KNN por soma,2,189.9,85.4
3,386,KNN por soma,0,284.7,118.7
3,387,KNN por soma,3,198.2,98.0
3,388,KNN por soma,1,334.7,100.5
3,389,KNN por soma,2,211.9,119.4
3,390,KNN por soma,0,272.7,82.4
3,391,KNN por soma,4,249.9,109.2
3,392,KNN por soma,1,259.8,107.1
3,393,KNN por soma,4,273.6,105.9
3,394,KNN por soma,1,240.5,114.4
3,395,KNN por soma,2,258.6,110.5
3,396,KNN por soma,0,315.8,105.1
3,397,KNN por soma,3,264.9,112.9
3,398,KNN por soma,4,256.6,133.0
3,399,KNN por soma,0,260.8,95.2
3,400,KNN por soma,2,329.0,103.8
3,401,KNN por soma,1,274.5,104.4
3,402,KNN por soma,1,269.7,109.4
3,403,KNN por soma,2,291.9,101.4
3,404,KNN por soma,0,309.8,84.0
3,405,KNN por soma,4,248.6,119.9
3,406,KNN por soma,6,177.9,99.5
3,407,KNN por soma,4,246.6,134.9
3,408,KNN por soma,1,296.7,94.6
3,409,KNN por soma,2,216.9,97.2
3,410,KNN por soma,0,286.7,74.7
3,411,KNN por soma,2,267.2,118.0
3,412,KNN por soma,0,312.8,145.6
3,413,KNN por soma,2,301.1,96.6
3,414,KNN por soma,1,307.9,97.2
3,415,KNN por soma,0,309.8,130.9
3,416,KNN por soma,8,238.3,113.3
3,417,KNN por soma,3,263.7,119.1
3,418,KNN por soma,1,304.2,89.0
3,419,KNN por soma,2,291.8,117.8
3,420,KNN por soma,0,273.6,91.1
3,421,KNN por soma,3,271.4,116.0
3,422,KNN por soma,0,270.8,92.7
3,423,KNN por soma,0,240.5,78.9
3,424,KNN por soma,0,270.8,88.7
3,425,KNN por soma,4,244.3,97.0
3,426,KNN por soma,4,242.0,103.4
3,427,KNN por soma,1,310.4,111.4
3,428,KNN por soma,0,349.1,96.5
3,429,KNN por soma,8,266.3,139.5
3,430,KNN por soma,2,258.7,103.1
3,432,KNN por soma,0,271.5,89.8
3,433,KNN por soma,0,295.8,103.4
3,434,KNN por soma,0,339.4,102.4
3,435,KNN por soma,7,257.1,127.2
3,436,KNN por soma,1,294.9,105.1
3,437,KNN por soma,4,222.7,112.0
3,438,KNN por soma,0,281.8,94.2
3,439,KNN por soma,0,310.9,110.6
3,440,KNN por soma,1,323.6,103.1
3,441,KNN por soma,0,309.2,96.7
3,442,KNN por soma,4,268.0,127.9
3,443,KNN por soma,1,308.7,92.1
3,444,KNN por soma,0,291.5,88.5
3,445,KNN por soma,0,269.3,120.4
3,447,KNN por soma,2,266.6,114.5
3,448,KNN por soma,0,312.3,89.4
3,449,KNN por soma,0,284.3,111.9
3,450,KNN por soma,8,218.8,117.7
3,451,KNN por soma,2,288.9,87.6
3,452,KNN por soma,5,260.1,108.0
3,453,KNN por soma,3,255.7,120.7
3,454,KNN por soma,4,244.4,90.0
3,455,KNN por soma,4,239.8,95.8
3,456,KNN por soma,4,227.2,110.9
3,457,KNN por soma,8,254.2,135.5
3,458,KNN por soma,4,201.4,85.2
3,459,KNN por soma,2,261.5,96.7
3,460,KNN por soma,2,251.0,84.5
3,461,KNN por soma,0,290.6,82.2
3,462,KNN por soma,2,307.1,97.8
3,463,KNN por soma,1,276.0,85.4
3,464,KNN por soma,1,279.7,96.8
3,465,KNN por soma,1,275.0,128.1
3,466,KNN por soma,3,271.4,79.5
3,467,KNN por soma,0,251.6,91.8
3,468,KNN por soma,3,229.8,117.3
3,469,KNN por soma,1,285.1,129.5
3,470,KNN por soma,1,295.2,103.0
3,471,KNN por soma,0,320.4,135.1
3,472,KNN por soma,7,280.3,110.1
3,473,KNN por soma,1,309.4,102.4
3,474,KNN por soma,9,244.2,113.9
3,475,KNN por soma,2,280.6,97.0
3,476,KNN por soma,0,321.7,121.3
3,477,KNN por soma,0,314.9,113.7
3,478,KNN por soma,0,279.7,132.6
3,479,KNN por soma,6,255.0,115.9
3,480,KNN por soma,2,258.2,107.9
3,481,KNN por soma,2,285.9,116.6
3,482,KNN por soma,1,319.2,98.2
3,483,KNN por soma,0,280.1,101.5
3,484,KNN por soma,6,306.1,140.9
3,485,KNN por soma,0,287.6,91.1
3,486,KNN por soma,1,249.1,80.1
3,487,KNN por soma,4,278.0,130.6
3,488,KNN por soma,4,280.1,97.5
3,489,KNN por soma,2,344.1,99.1
3,490,KNN por soma,2,284.3,107.5
3,491,KNN por soma,1,322.1,111.1
3,492,KNN por soma,1,282.8,132.1
3,493,KNN por soma,3,221.0,89.7
3,494,KNN por soma,1,257.7,91.9
3,495,KNN por soma,5,275.7,132.0
3,496,KNN por soma,5,288.9,125.1
3,497,KNN por soma,5,260.1,130.9
3,498,KNN por soma,3,215.8,99.6
3,499,KNN por soma,6,256.5,98.0
3,500,KNN por soma,3,275.3,109.8
3,501,KNN por soma,0,277.1,104.5
3,502,KNN por soma,0,316.8,100.4
3,503,KNN por soma,2,225.7,109.3
3,504,KNN por soma,2,259.8,102.8
3,505,KNN por soma,2,268.3,80.3
3,506,KNN por soma,3,282.0,140.9
3,507,KNN por soma,1,279.7,89.9
3,508,KNN por soma,1,265.6,122.5
3,509,KNN por soma,1,289.9,92.9
3,510,KNN por soma,3,326.7,101.8
3,511,KNN por soma,0,329.0,107.2
3,512,KNN por soma,1,303.7,112.7
3,513,KNN por soma,2,315.6,119.9
3,514,KNN por soma,7,287.3,113.6
3,515,KNN por soma,0,311.6,88.9
3,516,KNN por soma,0,280.0,110.0
3,517,KNN por soma,1,283.9,86.7
3,518,KNN por soma,0,322.9,107.7
3,519,KNN por soma,1,327.9,101.3
3,520,KNN por soma,1,308.7,96.7
3,521,KNN por soma,5,274.5,119.9
3,522,KNN por soma,1,267.3,118.4
3,523,KNN por soma,1,301.4,97.4
3,524,KNN por soma,5,220.9,96.1
3,525,KNN por soma,0,298.0,91.1
3,526,KNN por soma,1,294.2,79.5
3,527,KNN por soma,3,235.0,98.7
3,528,KNN por soma,1,284.2,112.6
3,529,KNN por soma,1,315.8,98.0
3,530,KNN por soma,3,242.6,94.3
3,531,KNN por soma,1,335.4,100.5
3,532,KNN por soma,3,319.2,135.4
3,533,KNN por soma,6,270.6,112.3
3,534,KNN por soma,1,340.5,113.4
3,535,KNN por soma,3,250.8,89.2
3,536,KNN por soma,5,253.9,119.0
3,537,KNN por soma,8,233.2,109.7
3,538,KNN por soma,4,268.2,120.1
3,539,KNN por soma,1,293.7,93.1
3,540,KNN por soma,0,272.5,104.1
3,541,KNN por soma,2,281.3,139.9
3,542,KNN por soma,2,252.2,119.2
3,543,KNN por soma,5,289.9,147.6
3,544,KNN por soma,0,277.4,83.5
3,545,KNN por soma,6,289.8,137.7
3,546,KNN por soma,1,290.4,103.6
3,547,KNN por soma,1,297.4,96.9
3,548,KNN por soma,2,265.9,100.4
3,549,KNN por soma,3,298.9,94.1
3,550,KNN por soma,1,299.0,81.9
3,551,KNN por soma,6,221.5,106.4
3,552,KNN por soma,1,275.8,86.1
3,553,KNN por soma,2,281.2,128.0
3,554,KNN por soma,1,262.7,128.9
3,555,KNN por soma,1,280.7,98.4
3,556,KNN por soma,2,313.9,114.0
3,557,KNN por soma,1,307.2,107.8
3,558,KNN por soma,0,315.8,121.0
3,559,KNN por soma,1,285.4,100.1
3,560,KNN por soma,3,316.5,117.7
3,561,KNN por soma,7,266.7,130.3
3,562,KNN por soma,1,275.4,99.6
3,563,KNN por soma,1,309.0,113.5
3,564,KNN por soma,3,329.0,95.4
3,565,KNN por soma,0,301.8,142.5
3,566,KNN por soma,6,246.0,115.9
3,567,KNN por soma,6,192.0,70.6
3,568,KNN por soma,1,259.6,114.9
3,569,KNN por soma,0,289.2,99.2
3,570,KNN por soma,0,306.3,99.7
3,571,KNN por soma,2,300.2,132.8
3,572,KNN por soma,0,267.7,86.4
3,573,KNN por soma,2,289.6,124.6
3,574,KNN por soma,2,304.7,89.6
3,575,KNN por soma,1,312.9,152.0
3,576,KNN por soma,1,297.3,101.4
3,577,KNN por soma,4,263.7,125.5
3,579,KNN por soma,2,291.1,102.2
3,580,KNN por soma,2,325.1,109.5
3,581,KNN por soma,2,261.2,98.4
3,582,KNN por soma,2,304.5,87.3
3,583,KNN por soma,1,288.2,117.4
3,584,KNN por soma,1,259.0,109.0
3,585,KNN por soma,0,293.7,112.2
3,586,KNN por soma,2,282.3,119.9
3,587,KNN por soma,2,327.1,100.0
3,588,KNN por soma,6,260.6,85.2
3,589,KNN por soma,2,333.1,103.8
3,590,KNN por soma,1,269.8,107.0
3,591,KNN por soma,3,288.5,120.7
3,592,KNN por soma,9,281.9,115.2
3,593,KNN por soma,5,288.2,120.0
3,595,KNN por soma,1,277.4,106.5
3,596,KNN por soma,2,318.7,103.4
3,597,KNN por soma,2,299.1,94.5
3,598,KNN por soma,1,311.4,100.2
3,599,KNN por soma,1,332.5,115.3
3,600,KNN por soma,5,299.5,145.2
3,601,KNN por soma,3,221.6,100.2
3,602,KNN por soma,3,326.8,106.5
3,603,KNN por soma,1,250.7,88.6
3,604,KNN por soma,1,305.2,123.5
3,605,KNN por soma,5,286.7,119.2
3,606,KNN por soma,7,269.3,115.6
3,607,KNN por soma,1,229.7,112.6
3,608,KNN por soma,6,289.6,107.9
3,609,KNN por soma,0,300.2,101.3
3,610,KNN por soma,4,263.8,102.5
3,611,KNN por soma,1,326.0,103.9
3,612,KNN por soma,0,304.2,104.4
3,613,KNN por soma,2,312.9,133.0
3,614,KNN por soma,0,296.2,98.5
3,615,KNN por soma,1,299.1,112.2
3,616,KNN por soma,3,311.3,96.6
3,617,KNN por soma,0,257.3,94.5
3,618,KNN por soma,5,233.1,121.2
3,619,KNN por soma,5,288.8,114.6
3,620,KNN por soma,2,272.2,88.8
3,621,KNN por soma,2,313.7,118.0
3,622,KNN por soma,4,240.9,119.0
3,623,KNN por soma,2,309.6,105.6
3,624,KNN por soma,2,291.7,94.7
3,625,KNN por soma,2,272.1,121.6
3,626,KNN por soma,1,291.3,96.7
3,627,KNN por soma,3,262.8,109.6
3,628,KNN por soma,0,297.9,86.3
3,629,KNN por soma,5,289.1,118.1
3,630,KNN por soma,1,309.2,111.2
3,631,KNN por soma,1,310.7,115.7
3,632,KNN por soma,6,272.3,139.2
3,633,KNN por soma,1,305.3,110.4
3,634,KNN por soma,5,311.5,95.8
3,635,KNN por soma,0,321.7,106.1
3,636,KNN por soma,2,327.3,114.8
3,637,KNN por soma,1,299.9,89.4
3,638,KNN por soma,3,289.2,133.6
3,639,KNN por soma,2,268.9,96.2
3,640,KNN por soma,4,317.8,120.6
3,641,KNN por soma,0,262.6,108.7
3,642,KNN por soma,6,286.2,106.1
3,643,KNN por soma,6,269.7,137.3
3,644,KNN por soma,2,280.9,85.4
3,645,KNN por soma,4,239.2,94.8
3,646,KNN por soma,2,287.9,105.9
3,647,KNN por soma,0,289.2,112.9
3,648,KNN por soma,6,306.7,126.3
3,649,KNN por soma,0,281.2,106.3
3,650,KNN por soma,5,297.0,159.0
3,651,KNN por soma,1,308.1,103.1
3,652,KNN por soma,0,317.3,97.9
3,653,KNN por soma,6,268.4,136.0
3,654,KNN por soma,6,321.8,131.4
3,655,KNN por soma,8,279.8,120.7
3,656,KNN por soma,1,263.0,99.4
3,657,KNN por soma,0,307.7,93.1
3,658,KNN por soma,4,299.6,127.6
3,659,KNN por soma,2,287.3,132.3
3,660,KNN por soma,4,291.4,137.0
3,661,KNN por soma,4,273.2,134.8
3,662,KNN por soma,0,296.2,110.0
3,663,KNN por soma,4,306.4,119.8
3,664,KNN por soma,7,244.3,109.8
3,665,KNN por soma,4,271.9,112.3
3,666,KNN por soma,9,206.7,91.0
3,667,KNN por soma,1,294.6,102.6
3,668,KNN por soma,0,329.5,94.3
3,669,KNN por soma,3,277.0,109.9
3,670,KNN por soma,1,331.5,144.0
3,671,KNN por soma,2,282.9,99.9
3,672,KNN por soma,1,296.7,111.6
3,673,KNN por soma,1,305.5,103.9
3,674,KNN por soma,2,312.0,93.2
3,675,KNN por soma,0,320.1,117.6
3,676,KNN por soma,5,321.2,115.0
3,677,KNN por soma,0,310.1,95.1
3,678,KNN por soma,1,272.3,104.2
3,679,KNN por soma,4,278.0,112.4
3,680,KNN por soma,1,301.1,122.5
3,681,KNN por soma,0,313.8,107.6
3,682,KNN por soma,9,310.7,141.8
3,683,KNN por soma,2,289.2,110.4
3,684,KNN por soma,2,279.3,132.3
3,686,KNN por soma,8,270.1,134.2
3,687,KNN por soma,0,316.6,93.2
3,688,KNN por soma,0,321.8,94.0
3,689,KNN por soma,0,298.1,91.7
3,690,KNN por soma,5,303.6,139.5
3,691,KNN por soma,3,324.3,139.9
3,692,KNN por soma,1,324.9,101.1
3,693,KNN por soma,3,255.3,92.0
3,694,KNN por soma,7,280.6,137.8
3,695,KNN por soma,0,324.5,100.3
3,696,KNN por soma,0,300.8,99.8
3,697,KNN por soma,2,306.2,103.4
3,698,KNN por soma,2,284.2,111.8
3,699,KNN por soma,1,285.5,91.2
3,700,KNN por soma,2,298.3,134.8
3,701,KNN por soma,4,273.3,94.3
3,702,KNN por soma,1,310.7,97.8
3,703,KNN por soma,2,306.5,102.9
3,704,KNN por soma,1,273.5,111.0
3,705,KNN por soma,4,311.5,103.8
3,706,KNN por soma,1,301.9,87.6
3,707,KNN por soma,4,276.2,93.1
3,708,KNN por soma,2,306.8,92.9
3,709,KNN por soma,6,290.1,127.9
3,710,KNN por soma,7,217.8,107.3
3,711,KNN por soma,3,295.6,125.7
3,712,KNN por soma,2,268.9,115.4
3,713,KNN por soma,0,330.4,109.2
3,714,KNN por soma,2,304.8,90.7
3,715,KNN por soma,5,272.0,136.2
3,716,KNN por soma,7,266.4,124.5
3,717,KNN por soma,2,283.9,87.6
3,718,KNN por soma,0,346.3,117.5
3,719,KNN por soma,0,294.9,133.5
3,720,KNN por soma,1,275.8,86.2
3,721,KNN por soma,3,311.2,117.7
3,722,KNN por soma,0,322.9,104.9
3,723,KNN por soma,1,309.0,99.5
3,724,KNN por soma,0,301.0,75.4
3,725,KNN por soma,2,311.3,102.3
3,726,KNN por soma,0,331.4,113.9
3,727,KNN por soma,3,275.8,135.8
3,728,KNN por soma,0,308.5,101.1
3,729,KNN por soma,0,297.7,94.7
3,730,KNN por soma,1,284.9,85.9
3,731,KNN por soma,1,298.1,146.6
3,732,KNN por soma,0,304.5,100.9
3,733,KNN por soma,0,283.9,100.5
3,734,KNN por soma,2,285.9,112.2
3,735,KNN por soma,0,282.0,87.5
3,736,KNN por soma,1,290.8,101.3
3,737,KNN por soma,2,265.1,93.1
3,738,KNN por soma,7,271.5,126.3
3,739,KNN por soma,3,301.9,104.1
3,740,KNN por soma,0,273.0,89.1
3,741,KNN por soma,1,253.9,131.4
3,742,KNN por soma,0,255.2,98.8
3,743,KNN por soma,1,293.9,87.2
3,744,KNN por soma,2,270.9,104.8
3,745,KNN por soma,2,295.3,103.1
3,746,KNN por soma,4,311.0,154.7
3,747,KNN por soma,7,200.7,105.2
3,748,KNN por soma,5,292.9,143.3
3,749,KNN por soma,6,244.9,129.8
3,750,KNN por soma,1,288.1,91.7
3,751,KNN por soma,4,284.5,119.8
3,752,KNN por soma,2,286.5,93.1
3,753,KNN por soma,2,289.3,94.5
3,754,KNN por soma,0,317.0,102.3
3,755,KNN por soma,1,299.9,88.1
3,756,KNN por soma,1,286.2,106.7
3,757,KNN por soma,5,279.0,131.6
3,758,KNN por soma,7,289.0,128.8
3,759,KNN por soma,1,288.8,89.3
3,760,KNN por soma,0,297.6,96.3
3,761,KNN por soma,3,322.9,102.5
3,762,KNN por soma,0,306.9,112.5
3,763,KNN por soma,2,250.7,111.8
3,764,KNN por soma,1,282.4,129.1
3,765,KNN por soma,1,259.3,92.3
3,766,KNN por soma,3,280.4,139.3
3,767,KNN por soma,4,307.9,117.2
3,768,KNN por soma,1,292.3,91.5
3,769,KNN por soma,0,346.3,124.3
3,770,KNN por soma,0,246.1,76.9
3,771,KNN por soma,1,262.3,84.2
3,772,KNN por soma,1,321.6,97.2
3,773,KNN por soma,3,234.3,107.6
3,774,KNN por soma,1,240.1,126.1
3,775,KNN por soma,2,285.5,93.0
3,776,KNN por soma,3,272.6,140.1
3,777,KNN por soma,0,297.5,97.5
3,778,KNN por soma,0,285.4,131.7
3,779,KNN por soma,0,282.2,91.5
3,780,KNN por soma,2,297.3,107.4
3,781,KNN por soma,4,257.3,96.4
3,782,KNN por soma,1,276.1,67.9
3,783,KNN por soma,0,320.7,100.2
3,784,KNN por soma,1,330.9,93.0
3,785,KNN por soma,1,296.5,114.9
3,786,KNN por soma,3,239.9,121.7
3,787,KNN por soma,0,296.8,86.6
3,788,KNN por soma,3,282.8,120.6
3,789,KNN por soma,1,280.3,103.5
3,790,KNN por soma,3,272.4,116.3
3,791,KNN por soma,1,294.6,86.6
3,792,KNN por soma,0,312.1,119.4
3,793,KNN por soma,0,266.2,112.4
3,794,KNN por soma,1,258.3,92.8
3,795,KNN por soma,1,268.8,127.0
3,796,KNN por soma,8,252.5,98.1
3,797,KNN por soma,1,320.4,106.2
3,798,KNN por soma,1,277.8,110.0
3,799,KNN por soma,1,309.6,100.9
3,800,KNN por soma,1,289.9,96.6
3,801,KNN por soma,0,315.5,93.3
3,802,KNN por soma,0,325.8,111.8
3,803,KNN por soma,0,290.5,102.3
3,804,KNN por soma,7,245.2,124.2
3,805,KNN por soma,4,208.7,97.8
3,806,KNN por soma,2,218.8,115.3
3,807,KNN por soma,3,267.5,114.2
3,808,KNN por soma,0,297.7,103.6
3,809,KNN por soma,1,279.9,89.4
3,810,KNN por soma,0,332.8,99.1
3,811,KNN por soma,0,314.8,86.1
3,812,KNN por soma,0,314.6,92.1
3,813,KNN por soma,0,313.8,104.4
3,814,KNN por soma,1,319.4,115.5
3,815,KNN por soma,5,247.1,121.6
3,816,KNN por soma,0,327.0,104.1
3,817,KNN por soma,0,328.0,106.9
3,818,KNN por soma,1,291.2,90.6
3,819,KNN por soma,0,288.1,95.2
3,821,KNN por soma,2,289.6,135.0
3,823,KNN por soma,2,190.2,105.4
3,825,KNN por soma,1,276.0,101.4
3,826,KNN por soma,2,279.7,133.3
3,827,KNN por soma,0,326.6,100.1
3,828,KNN por soma,1,302.7,100.8
3,829,KNN por soma,1,295.8,107.0
3,830,KNN por soma,3,236.6,105.6
3,831,KNN por soma,1,271.7,104.3
3,832,KNN por soma,0,277.5,91.1
3,833,KNN por soma,5,207.9,105.1
3,834,KNN por soma,3,294.1,96.1
3,835,KNN por soma,1,303.8,113.8
3,836,KNN por soma,1,286.6,107.5
3,837,KNN por soma,0,305.8,99.4
3,838,KNN por soma,3,245.5,93.9
3,839,KNN por soma,0,264.3,84.3
3,840,KNN por soma,4,206.5,97.0
3,841,KNN por soma,0,324.8,80.9
3,843,KNN por soma,2,258.7,97.3
3,844,KNN por soma,1,251.4,99.8
3,845,KNN por soma,0,308.3,95.4
3,846,KNN por soma,2,225.4,111.8
3,847,KNN por soma,0,253.3,97.9
3,848,KNN por soma,0,274.6,109.6
3,849,KNN por soma,1,318.9,108.4
3,850,KNN por soma,1,270.0,87.0
3,851,KNN por soma,1,273.8,118.1
3,852,KNN por soma,0,277.5,96.4
3,853,KNN por soma,1,321.2,97.8
3,854,KNN por soma,2,229.6,115.1
3,856,KNN por soma,1,308.0,94.1
3,857,KNN por soma,0,313.4,97.7
3,858,KNN por soma,0,280.3,96.6
3,859,KNN por soma,0,317.6,100.5
3,860,KNN por soma,0,282.0,92.4
3,861,KNN por soma,0,328.3,114.2
3,862,KNN por soma,3,254.2,114.8
3,863,KNN por soma,0,324.3,71.7
3,864,KNN por soma,2,229.2,110.8
3,866,KNN por soma,0,313.7,99.9
3,867,KNN por soma,1,225.9,95.1
3,868,KNN por soma,0,194.6,107.7
3,870,KNN por soma,0,193.3,110.6
3,871,KNN por soma,0,261.0,104.2
3,875,KNN por soma,0,252.2,111.0
3,876,KNN por soma,0,280.7,95.9
3,1,SVD,4,162.5,
3,2,SVD,1,150.2,
3,3,SVD,0,124.6,
3,4,SVD,0,79.2,
3,5,SVD,1,86.8,
3,6,SVD,2,103.9,
3,7,SVD,1,26.8,
3,8,SVD,1,166.7,
3,9,SVD,0,119.9,
3,10,SVD,0,42.7,
3,11,SVD,0,107.6,
3,12,SVD,1,137.4,
3,13,SVD,1,107.6,
3,14,SVD,0,53.0,
3,15,SVD,0,163.2,
3,16,SVD,2,178.8,
3,17,SVD,0,180.4,
3,18,SVD,0,60.6,
3,19,SVD,0,93.9,
3,20,SVD,0,48.9,
3,21,SVD,0,134.9,
3,22,SVD,1,210.9,
3,23,SVD,0,70.2,
3,24,SVD,1,123.8,
3,25,SVD,0,115.5,
3,26,SVD,0,208.4,
3,28,SVD,0,115.5,
3,29,SVD,0,98.2,
3,30,SVD,0,146.8,
3,31,SVD,0,115.1,
3,32,SVD,0,192.4,
3,33,SVD,0,106.6,
3,34,SVD,0,122.0,
3,35,SVD,0,90.4,
3,37,SVD,1,100.2,
3,38,SVD,0,90.9,
3,39,SVD,0,116.0,
3,40,SVD,0,204.7,
3,41,SVD,0,82.0,
3,42,SVD,3,156.2,
3,43,SVD,1,89.7,
3,44,SVD,1,70.2,
3,45,SVD,0,71.9,
3,46,SVD,0,116.9,
3,47,SVD,0,80.4,
3,48,SVD,0,99.8,
3,49,SVD,0,120.2,
3,50,SVD,0,108.7,
3,51,SVD,1,130.7,
3,52,SVD,1,109.2,
3,53,SVD,0,90.8,
3,54,SVD,0,70.7,
3,55,SVD,1,196.5,
3,56,SVD,0,103.9,
3,57,SVD,0,77.4,
3,58,SVD,1,66.1,
3,59,SVD,2,70.6,
3,60,SVD,1,56.1,
3,62,SVD,2,101.9,
3,63,SVD,0,120.1,
3,64,SVD,1,87.5,
3,65,SVD,0,144.4,
3,66,SVD,0,213.9,
3,67,SVD,0,65.1,
3,69,SVD,0,167.0,
3,70,SVD,0,155.5,
3,71,SVD,0,96.3,
3,72,SVD,1,93.9,
3,73,SVD,0,92.3,
3,74,SVD,0,188.9,
3,75,SVD,1,127.3,
3,76,SVD,0,147.9,
3,77,SVD,0,55.8,
3,78,SVD,0,184.5,
3,79,SVD,0,112.3,
3,80,SVD,0,85.1,
3,81,SVD,0,236.7,
3,82,SVD,1,85.9,
3,83,SVD,0,110.8,
3,84,SVD,0,56.8,
3,85,SVD,2,107.8,
3,86,SVD,0,86.0,
3,87,SVD,1,106.1,
3,88,SVD,0,59.6,
3,89,SVD,1,180.4,
3,90,SVD,2,56.3,
3,91,SVD,1,110.8,
3,92,SVD,0,117.2,
3,94,SVD,1,92.4,
3,95,SVD,1,122.4,
3,96,SVD,1,102.5,
3,97,SVD,1,108.1,
3,98,SVD,0,127.8,
3,99,SVD,0,112.0,
3,100,SVD,0,208.5,
3,101,SVD,0,155.1,
3,102,SVD,0,109.0,
3,103,SVD,0,96.9,
3,104,SVD,1,202.5,
3,106,SVD,0,112.4,
3,107,SVD,0,199.6,
3,108,SVD,0,106.7,
3,109,SVD,1,99.1,
3,110,SVD,0,50.4,
3,111,SVD,0,186.9,
3,112,SVD,1,109.5,
3,113,SVD,0,98.0,
3,114,SVD,0,66.7,
3,115,SVD,1,111.6,
3,116,SVD,0,117.8,
3,117,SVD,0,98.2,
3,118,SVD,0,144.2,
3,119,SVD,0,47.5,
3,121,SVD,0,103.9,
3,122,SVD,0,66.9,
3,123,SVD,0,95.1,
3,124,SVD,0,74.7,
3,125,SVD,1,125.3,
3,126,SVD,0,119.1,
3,127,SVD,0,157.7,
3,128,SVD,0,64.9,
3,129,SVD,0,146.4,
3,130,SVD,1,108.0,
3,131,SVD,0,122.6,
3,132,SVD,0,109.0,
3,133,SVD,0,156.7,
3,134,SVD,0,187.3,
3,135,SVD,0,101.9,
3,136,SVD,0,91.1,
3,137,SVD,0,68.2,
3,138,SVD,0,127.8,
3,139,SVD,0,112.0,
3,140,SVD,0,96.1,
3,141,SVD,0,100.5,
3,142,SVD,0,176.6,
3,143,SVD,0,147.9,
3,144,SVD,3,157.0,
3,145,SVD,0,62.7,
3,146,SVD,0,134.0,
3,147,SVD,0,153.9,
3,148,SVD,0,78.8,
3,149,SVD,0,140.2,
3,150,SVD,0,121.2,
3,151,SVD,3,66.4,
3,152,SVD,1,118.4,
3,153,SVD,0,80.0,
3,154,SVD,0,145.5,
3,156,SVD,0,121.9,
3,157,SVD,0,105.2,
3,158,SVD,2,103.4,
3,159,SVD,0,207.3,
3,160,SVD,1,134.5,
3,161,SVD,0,92.6,
3,162,SVD,0,122.7,
3,163,SVD,0,176.5,
3,164,SVD,0,129.8,
3,165,SVD,2,65.6,
3,166,SVD,1,164.4,
3,167,SVD,1,128.8,
3,168,SVD,0,207.2,
3,169,SVD,1,128.0,
3,170,SVD,0,75.5,
3,171,SVD,0,101.9,
3,172,SVD,0,165.4,
3,173,SVD,0,111.7,
3,174,SVD,0,123.9,
3,175,SVD,1,210.8,
3,176,SVD,0,108.5,
3,177,SVD,0,84.1,
3,178,SVD,3,143.7,
3,179,SVD,0,71.4,
3,180,SVD,0,99.5,
3,181,SVD,0,203.3,
3,182,SVD,1,156.3,
3,183,SVD,0,98.7,
3,184,SVD,0,73.4,
3,185,SVD,0,84.5,
3,186,SVD,0,113.6,
3,187,SVD,0,107.6,
3,188,SVD,1,95.8,
3,189,SVD,1,99.6,
3,190,SVD,0,271.3,
3,191,SVD,0,133.4,
3,192,SVD,0,107.0,
3,193,SVD,0,157.9,
3,194,SVD,0,61.9,
3,195,SVD,0,255.1,
3,196,SVD,0,139.7,
3,197,SVD,0,158.3,
3,198,SVD,3,154.5,
3,199,SVD,0,175.9,
3,200,SVD,1,60.4,
3,201,SVD,2,84.7,
3,202,SVD,0,167.6,
3,204,SVD,0,138.8,
3,205,SVD,0,176.8,
3,206,SVD,1,210.8,
3,207,SVD,0,99.9,
3,208,SVD,0,138.5,
3,209,SVD,0,99.5,
3,210,SVD,0,118.3,
3,211,SVD,0,79.5,
3,212,SVD,1,156.9,
3,213,SVD,0,40.0,
3,214,SVD,0,59.3,
3,215,SVD,1,75.6,
3,216,SVD,3,192.8,
3,217,SVD,0,140.4,
3,218,SVD,0,83.3,
3,219,SVD,0,75.7,
3,220,SVD,0,173.5,
3,221,SVD,0,116.7,
3,222,SVD,0,81.1,
3,223,SVD,0,167.9,
3,224,SVD,0,236.8,
3,225,SVD,1,168.2,
3,226,SVD,0,141.7,
3,227,SVD,1,109.2,
3,229,SVD,0,79.1,
3,230,SVD,2,134.2,
3,231,SVD,0,59.5,
3,232,SVD,0,48.4,
3,233,SVD,1,75.3,
3,234,SVD,4,82.5,
3,235,SVD,1,76.2,
3,236,SVD,3,124.6,
3,237,SVD,0,78.9,
3,238,SVD,0,113.7,
3,239,SVD,1,66.3,
3,240,SVD,0,108.5,
3,241,SVD,0,214.6,
3,242,SVD,0,87.1,
3,243,SVD,0,85.1,
3,244,SVD,0,90.8,
3,245,SVD,0,86.2,
3,246,SVD,0,126.8,
3,247,SVD,1,148.2,
3,248,SVD,0,133.2,
3,249,SVD,0,93.6,
3,250,SVD,0,80.8,
3,251,SVD,0,171.8,
3,252,SVD,0,156.0,
3,253,SVD,1,129.0,
3,254,SVD,1,90.1,
3,255,SVD,0,197.2,
3,256,SVD,0,48.5,
3,257,SVD,0,107.6,
3,258,SVD,0,120.2,
3,259,SVD,0,92.0,
3,260,SVD,0,133.7,
3,261,SVD,0,87.3,
3,262,SVD,0,89.3,
3,263,SVD,2,150.5,
3,264,SVD,0,109.9,
3,265,SVD,0,118.6,
3,267,SVD,3,153.5,
3,268,SVD,2,115.4,
3,269,SVD,0,71.8,
3,270,SVD,0,80.0,
3,271,SVD,3,66.6,
3,272,SVD,0,78.9,
3,273,SVD,0,94.9,
3,274,SVD,0,141.0,
3,275,SVD,0,112.2,
3,276,SVD,0,78.8,
3,277,SVD,0,122.0,
3,278,SVD,1,112.1,
3,279,SVD,1,65.3,
3,280,SVD,0,32.8,
3,281,SVD,0,64.4,
3,282,SVD,0,136.9,
3,283,SVD,0,102.9,
3,284,SVD,0,113.9,
3,285,SVD,0,135.5,
3,286,SVD,0,82.7,
3,287,SVD,0,89.7,
3,288,SVD,1,106.1,
3,289,SVD,0,126.7,
3,290,SVD,1,70.4,
3,291,SVD,0,147.3,
3,292,SVD,1,123.3,
3,293,SVD,0,70.6,
3,294,SVD,0,145.1,
3,295,SVD,0,57.4,
3,296,SVD,2,146.7,
3,297,SVD,0,112.1,
3,298,SVD,0,103.6,
3,299,SVD,2,59.3,
3,300,SVD,0,87.9,
3,301,SVD,3,115.9,
3,303,SVD,2,107.7,
3,304,SVD,0,201.5,
3,305,SVD,1,67.2,
3,306,SVD,0,140.2,
3,307,SVD,2,112.4,
3,308,SVD,3,86.6,
3,309,SVD,0,108.2,
3,310,SVD,0,194.6,
3,311,SVD,1,86.8,
3,312,SVD,2,82.7,
3,313,SVD,1,27.5,
3,314,SVD,1,95.4,
3,315,SVD,0,97.2,
3,316,SVD,2,91.4,
3,317,SVD,0,121.2,
3,318,SVD,0,154.8,
3,319,SVD,0,118.5,
3,320,SVD,0,85.4,
3,321,SVD,0,55.4,
3,322,SVD,1,121.0,
3,323,SVD,1,201.1,
3,324,SVD,0,140.0,
3,325,SVD,2,76.2,
3,326,SVD,0,87.7,
3,327,SVD,0,87.6,
3,328,SVD,1,119.4,
3,329,SVD,0,90.7,
3,330,SVD,0,59.0,
3,331,SVD,0,80.0,
3,332,SVD,2,97.8,
3,333,SVD,1,141.8,
3,334,SVD,3,70.1,
3,335,SVD,0,107.8,
3,336,SVD,0,197.3,
3,337,SVD,1,215.7,
3,338,SVD,1,117.5,
3,339,SVD,1,62.0,
3,340,SVD,0,89.2,
3,341,SVD,0,141.4,
3,342,SVD,1,148.4,
3,343,SVD,4,168.8,
3,344,SVD,2,148.5,
3,345,SVD,0,95.0,
3,346,SVD,2,79.7,
3,347,SVD,0,128.9,
3,348,SVD,0,109.8,
3,349,SVD,0,137.3,
3,350,SVD,1,106.3,
3,351,SVD,0,114.8,
3,352,SVD,1,220.3,
3,353,SVD,0,165.3,
3,354,SVD,0,65.1,
3,355,SVD,0,109.6,
3,356,SVD,0,225.9,
3,357,SVD,0,180.6,
3,358,SVD,0,39.3,
3,359,SVD,0,109.2,
3,360,SVD,0,95.4,
3,361,SVD,0,150.6,
3,362,SVD,0,193.2,
3,363,SVD,2,117.6,
3,364,SVD,0,248.9,
3,365,SVD,0,185.8,
3,366,SVD,0,106.6,
3,367,SVD,0,118.6,
3,368,SVD,0,92.5,
3,369,SVD,0,133.3,
3,370,SVD,1,82.6,
3,371,SVD,0,144.4,
3,372,SVD,0,86.9,
3,373,SVD,1,24.3,
3,374,SVD,0,164.3,
3,375,SVD,0,255.1,
3,376,SVD,0,100.0,
3,377,SVD,0,198.2,
3,378,SVD,1,125.0,
3,379,SVD,2,92.6,
3,380,SVD,0,65.5,
3,381,SVD,1,148.1,
3,382,SVD,0,53.4,
3,383,SVD,1,133.2,
3,384,SVD,0,100.7,
3,385,SVD,1,64.0,
3,386,SVD,0,120.0,
3,387,SVD,2,99.5,
3,388,SVD,0,75.4,
3,389,SVD,2,62.2,
3,390,SVD,0,185.9,
3,391,SVD,1,92.4,
3,392,SVD,1,101.2,
3,393,SVD,1,53.0,
3,394,SVD,0,115.9,
3,395,SVD,1,118.1,
3,396,SVD,0,105.7,
3,397,SVD,3,186.5,
3,398,SVD,4,231.8,
3,399,SVD,0,55.0,
3,400,SVD,0,111.9,
3,401,SVD,0,128.0,
3,402,SVD,0,116.8,
3,403,SVD,0,158.8,
3,404,SVD,0,164.2,
3,405,SVD,3,126.9,
3,406,SVD,1,58.2,
3,407,SVD,2,127.2,
3,408,SVD,0,96.6,
3,409,SVD,3,67.2,
3,410,SVD,0,138.8,
3,411,SVD,1,119.8,
3,412,SVD,0,172.5,
3,413,SVD,0,137.9,
3,414,SVD,0,147.8,
3,415,SVD,0,221.4,
3,416,SVD,4,126.1,
3,417,SVD,1,81.2,
3,418,SVD,0,167.4,
3,419,SVD,0,154.5,
3,420,SVD,2,111.3,
3,421,SVD,1,163.2,
3,422,SVD,0,149.1,
3,423,SVD,0,139.4,
3,424,SVD,0,65.0,
3,425,SVD,0,48.9,
3,426,SVD,2,91.0,
3,427,SVD,0,168.5,
3,428,SVD,0,193.3,
3,429,SVD,5,115.8,
3,430,SVD,0,98.5,
3,432,SVD,0,155.1,
3,433,SVD,0,74.9,
3,434,SVD,0,93.1,
3,435,SVD,2,92.5,
3,436,SVD,0,97.5,
3,437,SVD,1,66.5,
3,438,SVD,0,114.4,
3,439,SVD,0,137.3,
3,440,SVD,0,220.6,
3,441,SVD,0,185.2,
3,442,SVD,0,72.5,
3,443,SVD,1,223.5,
3,444,SVD,0,162.8,
3,445,SVD,0,178.6,
3,447,SVD,0,134.4,
3,448,SVD,0,70.3,
3,449,SVD,0,137.5,
3,450,SVD,3,72.7,
3,451,SVD,1,200.3,
3,452,SVD,2,106.6,
3,453,SVD,1,132.4,
3,454,SVD,1,48.7,
3,455,SVD,2,118.9,
3,456,SVD,2,100.6,
3,457,SVD,3,154.2,
3,458,SVD,6,94.8,
3,459,SVD,2,143.6,
3,460,SVD,0,118.0,
3,461,SVD,0,125.0,
3,462,SVD,2,104.2,
3,463,SVD,0,99.9,
3,464,SVD,0,92.3,
3,465,SVD,1,51.0,
3,466,SVD,1,59.3,
3,467,SVD,0,99.5,
3,468,SVD,2,128.0,
3,469,SVD,1,86.8,
3,470,SVD,0,118.2,
3,471,SVD,0,144.0,
3,472,SVD,1,53.4,
3,473,SVD,0,209.3,
3,474,SVD,4,128.6,
3,475,SVD,0,66.3,
3,476,SVD,0,201.7,
3,477,SVD,0,93.4,
3,478,SVD,0,160.5,
3,479,SVD,2,119.5,
3,480,SVD,0,75.6,
3,481,SVD,1,148.9,
3,482,SVD,0,90.0,
3,483,SVD,0,110.8,
3,484,SVD,2,136.4,
3,485,SVD,0,86.2,
3,486,SVD,0,149.7,
3,487,SVD,1,121.4,
3,488,SVD,2,121.1,
3,489,SVD,1,100.2,
3,490,SVD,0,119.8,
3,491,SVD,0,80.6,
3,492,SVD,0,120.9,
3,493,SVD,1,106.2,
3,494,SVD,1,169.6,
3,495,SVD,0,23.1,
3,496,SVD,0,63.2,
3,497,SVD,0,69.8,
3,498,SVD,0,51.4,
3,499,SVD,3,116.7,
3,500,SVD,1,53.0,
3,501,SVD,0,95.7,
3,502,SVD,0,82.6,
3,503,SVD,2,117.6,
3,504,SVD,0,64.0,
3,505,SVD,1,79.7,
3,506,SVD,2,222.8,
3,507,SVD,1,89.1,
3,508,SVD,1,103.2,
3,509,SVD,0,204.7,
3,510,SVD,1,211.2,
3,511,SVD,0,176.0,
3,512,SVD,0,135.3,
3,513,SVD,1,180.0,
3,514,SVD,5,116.6,
3,515,SVD,0,168.4,
3,516,SVD,0,71.6,
3,517,SVD,0,89.2,
3,518,SVD,0,113.9,
3,519,SVD,0,138.6,
3,520,SVD,0,188.9,
3,521,SVD,0,55.0,
3,522,SVD,0,108.4,
3,523,SVD,0,85.2,
3,524,SVD,3,76.0,
3,525,SVD,0,169.4,
3,526,SVD,0,134.3,
3,527,SVD,1,68.8,
3,528,SVD,0,142.2,
3,529,SVD,0,122.1,
3,530,SVD,1,84.3,
3,531,SVD,0,188.3,
3,532,SVD,4,240.4,
3,533,SVD,2,87.1,
3,534,SVD,0,80.2,
3,535,SVD,1,39.3,
3,536,SVD,2,112.0,
3,537,SVD,4,97.9,
3,538,SVD,1,142.6,
3,539,SVD,0,54.2,
3,540,SVD,0,129.1,
3,541,SVD,2,137.1,
3,542,SVD,1,100.6,
3,543,SVD,2,96.8,
3,544,SVD,0,175.1,
3,545,SVD,1,120.8,
3,546,SVD,0,120.5,
3,547,SVD,0,127.9,
3,548,SVD,1,189.6,
3,549,SVD,0,175.7,
3,550,SVD,0,119.8,
3,551,SVD,4,100.9,
3,552,SVD,0,109.0,
3,553,SVD,1,101.8,
3,554,SVD,1,122.6,
3,555,SVD,1,56.1,
3,556,SVD,4,125.8,
3,557,SVD,1,132.6,
3,558,SVD,0,103.5,
3,559,SVD,1,77.9,
3,560,SVD,2,164.9,
3,561,SVD,3,104.3,
3,562,SVD,0,125.7,
3,563,SVD,0,99.6,
3,564,SVD,1,149.1,
3,565,SVD,0,101.9,
3,566,SVD,1,97.6,
3,567,SVD,2,56.8,
3,568,SVD,1,144.7,
3,569,SVD,0,104.6,
3,570,SVD,0,126.6,
3,571,SVD,0,73.3,
3,572,SVD,0,111.9,
3,573,SVD,0,84.7,
3,574,SVD,0,186.0,
3,575,SVD,0,143.5,
3,576,SVD,1,208.1,
3,577,SVD,0,34.4,
3,579,SVD,0,179.1,
3,580,SVD,0,119.4,
3,581,SVD,0,105.0,
3,582,SVD,0,182.7,
3,583,SVD,0,104.9,
3,584,SVD,1,161.8,
3,585,SVD,1,88.0,
3,586,SVD,0,76.4,
3,587,SVD,0,166.9,
3,588,SVD,0,61.6,
3,589,SVD,0,240.5,
3,590,SVD,1,142.9,
3,591,SVD,0,95.7,
3,592,SVD,5,159.8,
3,593,SVD,1,115.8,
3,595,SVD,0,141.1,
3,596,SVD,0,104.6,
3,597,SVD,0,86.5,
3,598,SVD,0,92.2,
3,599,SVD,0,136.6,
3,600,SVD,0,159.9,
3,601,SVD,0,97.7,
3,602,SVD,0,92.5,
3,603,SVD,0,34.7,
3,604,SVD,0,146.2,
3,605,SVD,3,161.5,
3,606,SVD,3,155.4,
3,607,SVD,1,83.7,
3,608,SVD,5,185.8,
3,609,SVD,0,166.4,
3,610,SVD,2,117.6,
3,611,SVD,0,101.0,
3,612,SVD,0,85.5,
3,613,SVD,1,105.9,
3,614,SVD,0,86.6,
3,615,SVD,3,172.7,
3,616,SVD,0,207.0,
3,617,SVD,0,51.4,
3,618,SVD,4,158.8,
3,619,SVD,2,231.4,
3,620,SVD,0,60.8,
3,621,SVD,0,114.6,
3,622,SVD,5,168.7,
3,623,SVD,1,107.8,
3,624,SVD,0,109.2,
3,625,SVD,4,134.8,
3,626,SVD,0,149.9,
3,627,SVD,2,139.2,
3,628,SVD,0,86.0,
3,629,SVD,4,179.4,
3,630,SVD,2,130.8,
3,631,SVD,0,150.5,
3,632,SVD,2,76.2,
3,633,SVD,0,147.8,
3,634,SVD,1,208.2,
3,635,SVD,0,124.4,
3,636,SVD,0,143.2,
3,637,SVD,0,139.9,
3,638,SVD,0,77.6,
3,639,SVD,1,87.7,
3,640,SVD,3,105.8,
3,641,SVD,1,86.4,
3,642,SVD,1,29.5,
3,643,SVD,3,151.4,
3,644,SVD,0,53.2,
3,645,SVD,3,131.7,
3,646,SVD,0,109.0,
3,647,SVD,0,79.1,
3,648,SVD,7,186.4,
3,649,SVD,0,101.1,
3,650,SVD,1,117.4,
3,651,SVD,0,173.3,
3,652,SVD,0,92.5,
3,653,SVD,3,141.8,
3,654,SVD,4,203.7,
3,655,SVD,1,46.7,
3,656,SVD,0,89.1,
3,657,SVD,0,179.4,
3,658,SVD,5,188.0,
3,659,SVD,0,99.9,
3,660,SVD,2,90.2,
3,661,SVD,3,179.4,
3,662,SVD,0,113.9,
3,663,SVD,2,146.5,
3,664,SVD,4,115.2,
3,665,SVD,0,100.0,
3,666,SVD,4,89.2,
3,667,SVD,1,92.2,
3,668,SVD,0,47.5,
3,669,SVD,2,118.1,
3,670,SVD,1,140.3,
3,671,SVD,0,88.5,
3,672,SVD,1,130.8,
3,673,SVD,0,128.4,
3,674,SVD,0,125.5,
3,675,SVD,0,195.7,
3,676,SVD,6,196.5,
3,677,SVD,0,155.7,
3,678,SVD,1,193.4,
3,679,SVD,0,82.8,
3,680,SVD,2,88.2,
3,681,SVD,0,174.5,
3,682,SVD,3,148.3,
3,683,SVD,0,131.0,
3,684,SVD,1,143.1,
3,686,SVD,2,88.5,
3,687,SVD,0,217.6,
3,688,SVD,0,72.1,
3,689,SVD,0,148.4,
3,690,SVD,1,108.6,
3,691,SVD,1,137.6,
3,692,SVD,0,125.6,
3,693,SVD,3,109.5,
3,694,SVD,4,164.2,
3,695,SVD,0,108.7,
3,696,SVD,0,134.6,
3,697,SVD,0,84.5,
3,698,SVD,2,136.8,
3,699,SVD,0,84.9,
3,700,SVD,1,140.8,
3,701,SVD,0,101.9,
3,702,SVD,0,189.1,
3,703,SVD,1,204.5,
3,704,SVD,2,136.7,
3,705,SVD,2,101.3,
3,706,SVD,1,208.1,
3,707,SVD,0,47.1,
3,708,SVD,2,215.9,
3,709,SVD,2,129.9,
3,710,SVD,2,89.2,
3,711,SVD,2,107.1,
3,712,SVD,1,90.4,
3,713,SVD,0,154.1,
3,714,SVD,1,168.0,
3,715,SVD,4,203.9,
3,716,SVD,6,153.6,
3,717,SVD,0,133.5,
3,718,SVD,0,93.1,
3,719,SVD,0,189.8,
3,720,SVD,0,88.2,
3,721,SVD,3,139.6,
3,722,SVD,0,116.4,
3,723,SVD,1,104.2,
3,724,SVD,0,183.1,
3,725,SVD,0,106.1,
3,726,SVD,0,93.1,
3,727,SVD,1,122.8,
3,728,SVD,0,206.3,
3,729,SVD,0,154.7,
3,730,SVD,1,178.0,
3,731,SVD,1,262.0,
3,732,SVD,0,118.2,
3,733,SVD,0,115.1,
3,734,SVD,0,78.4,
3,735,SVD,0,154.0,
3,736,SVD,1,166.0,
3,737,SVD,1,127.7,
3,738,SVD,3,134.2,
3,739,SVD,0,139.5,
3,740,SVD,0,104.3,
3,741,SVD,1,192.6,
3,742,SVD,0,160.5,
3,743,SVD,0,94.5,
3,744,SVD,1,156.3,
3,745,SVD,0,88.8,
3,746,SVD,2,191.7,
3,747,SVD,4,100.2,
3,748,SVD,3,129.2,
3,749,SVD,3,143.3,
3,750,SVD,0,191.4,
3,751,SVD,2,120.7,
3,752,SVD,0,23.3,
3,753,SVD,0,96.5,
3,754,SVD,0,136.7,
3,755,SVD,0,146.8,
3,756,SVD,0,92.5,
3,757,SVD,1,135.4,
3,758,SVD,1,52.3,
3,759,SVD,0,114.9,
3,760,SVD,0,74.4,
3,761,SVD,1,233.2,
3,762,SVD,0,149.1,
3,763,SVD,0,44.5,
3,764,SVD,0,82.3,
3,765,SVD,1,91.4,
3,766,SVD,3,133.3,
3,767,SVD,0,81.6,
3,768,SVD,0,160.3,
3,769,SVD,0,120.8,
3,770,SVD,0,111.6,
3,771,SVD,0,31.1,
3,772,SVD,0,109.0,
3,773,SVD,1,109.3,
3,774,SVD,1,104.1,
3,775,SVD,0,92.5,
3,776,SVD,0,73.3,
3,777,SVD,0,73.3,
3,778,SVD,0,106.7,
3,779,SVD,0,114.5,
3,780,SVD,2,159.2,
3,781,SVD,2,126.6,
3,782,SVD,0,105.5,
3,783,SVD,0,62.3,
3,784,SVD,0,176.9,
3,785,SVD,0,135.3,
3,786,SVD,2,144.6,
3,787,SVD,0,209.0,
3,788,SVD,2,150.0,
3,789,SVD,1,149.8,
3,790,SVD,1,162.3,
3,791,SVD,0,130.1,
3,792,SVD,0,206.3,
3,793,SVD,0,118.4,
3,794,SVD,0,77.1,
3,795,SVD,0,65.6,
3,796,SVD,1,56.3,
3,797,SVD,1,201.5,
3,798,SVD,0,46.1,
3,799,SVD,0,118.3,
3,800,SVD,0,79.0,
3,801,SVD,0,105.3,
3,802,SVD,0,178.5,
3,803,SVD,0,120.7,
3,804,SVD,1,71.7,
3,805,SVD,0,116.1,
3,806,SVD,1,112.2,
3,807,SVD,1,61.8,
3,808,SVD,0,139.1,
3,809,SVD,1,108.0,
3,810,SVD,0,74.7,
3,811,SVD,0,126.7,
3,812,SVD,0,228.1,
3,813,SVD,0,154.8,
3,814,SVD,0,95.7,
3,815,SVD,3,149.0,
3,816,SVD,0,206.3,
3,817,SVD,0,137.8,
3,818,SVD,0,212.9,
3,819,SVD,0,90.2,
3,821,SVD,0,130.1,
3,823,SVD,0,78.9,
3,825,SVD,0,106.1,
3,826,SVD,1,133.0,
3,827,SVD,0,81.6,
3,828,SVD,0,74.3,
3,829,SVD,1,110.3,
3,830,SVD,1,141.5,
3,831,SVD,0,197.9,
3,832,SVD,0,110.5,
3,833,SVD,2,100.5,
3,834,SVD,0,183.3,
3,835,SVD,0,94.4,
3,836,SVD,0,117.1,
3,837,SVD,0,115.1,
3,838,SVD,1,115.6,
3,839,SVD,0,164.0,
3,840,SVD,0,57.0,
3,841,SVD,0,127.6,
3,843,SVD,0,33.3,
3,844,SVD,0,99.0,
3,845,SVD,0,101.1,
3,846,SVD,2,66.9,
3,847,SVD,0,92.7,
3,848,SVD,0,70.5,
3,849,SVD,0,78.0,
3,850,SVD,0,85.9,
3,851,SVD,1,142.1,
3,852,SVD,1,60.9,
3,853,SVD,0,132.5,
3,854,SVD,0,70.5,
3,856,SVD,0,141.1,
3,857,SVD,0,92.2,
3,858,SVD,0,123.5,
3,859,SVD,0,119.9,
3,860,SVD,0,125.2,
3,861,SVD,0,215.8,
3,862,SVD,0,51.7,
3,863,SVD,0,133.9,
3,864,SVD,2,73.3,
3,866,SVD,0,125.7,
3,867,SVD,0,41.0,
3,868,SVD,0,97.3,
3,870,SVD,0,52.4,
3,871,SVD,0,82.6,
3,875,SVD,1,84.1,
3,876,SVD,0,98.6,
3,1,Mais populares,4,336.1,
3,2,Mais populares,4,343.2,
3,3,Mais populares,0,355.0,
3,4,Mais populares,0,349.7,
3,5,Mais populares,1,352.4,
3,6,Mais populares,2,333.0,
3,7,Mais populares,1,273.2,
3,8,Mais populares,1,355.4,
3,9,Mais populares,0,364.0,
3,10,Mais populares,0,337.4,
3,11,Mais populares,0,355.5,
3,12,Mais populares,1,372.4,
3,13,Mais populares,5,250.0,
3,14,Mais populares,1,331.4,
3,15,Mais populares,0,336.1,
3,16,Mais populares,2,334.3,
3,17,Mais populares,1,372.9,
3,18,Mais populares,0,335.1,
3,19,Mais populares,0,367.1,
3,20,Mais populares,0,351.2,
3,21,Mais populares,0,322.9,
3,22,Mais populares,1,352.4,
3,23,Mais populares,0,322.7,
3,24,Mais populares,2,344.6,
3,25,Mais populares,1,345.6,
3,26,Mais populares,1,289.3,
3,28,Mais populares,1,332.9,
3,29,Mais populares,0,373.6,
3,30,Mais populares,0,356.5,
3,31,Mais populares,0,385.7,
3,32,Mais populares,0,344.7,
3,33,Mais populares,0,363.4,
3,34,Mais populares,0,369.9,
3,35,Mais populares,0,377.6,
3,37,Mais populares,1,359.2,
3,38,Mais populares,0,370.8,
3,39,Mais populares,1,370.9,
3,40,Mais populares,0,368.4,
3,41,Mais populares,0,343.8,
3,42,Mais populares,2,371.6,
3,43,Mais populares,7,315.7,
3,44,Mais populares,2,315.9,
3,45,Mais populares,0,349.9,
3,46,Mais populares,1,340.5,
3,47,Mais populares,0,368.5,
3,48,Mais populares,0,352.1,
3,49,Mais populares,0,318.1,
3,50,Mais populares,0,367.8,
3,51,Mais populares,0,368.9,
3,52,Mais populares,1,370.9,
3,53,Mais populares,1,357.5,
3,54,Mais populares,2,338.9,
3,55,Mais populares,1,378.7,
3,56,Mais populares,3,323.3,
3,57,Mais populares,2,334.6,
3,58,Mais populares,2,340.8,
3,59,Mais populares,1,284.4,
3,60,Mais populares,2,361.6,
3,62,Mais populares,3,272.5,
3,63,Mais populares,0,312.4,
3,64,Mais populares,3,311.1,
3,65,Mais populares,1,345.0,
3,66,Mais populares,0,318.4,
3,67,Mais populares,0,383.5,
3,69,Mais populares,2,312.5,
3,70,Mais populares,1,358.8,
3,71,Mais populares,0,353.5,
3,72,Mais populares,1,351.7,
3,73,Mais populares,0,365.9,
3,74,Mais populares,0,347.2,
3,75,Mais populares,1,366.0,
3,76,Mais populares,0,353.4,
3,77,Mais populares,1,348.0,
3,78,Mais populares,1,385.7,
3,79,Mais populares,1,350.4,
3,80,Mais populares,0,367.3,
3,81,Mais populares,0,373.9,
3,82,Mais populares,2,326.2,
3,83,Mais populares,0,347.5,
3,84,Mais populares,2,356.9,
3,85,Mais populares,2,342.3,
3,86,Mais populares,0,364.8,
3,87,Mais populares,0,340.4,
3,88,Mais populares,1,385.0,
3,89,Mais populares,3,376.1,
3,90,Mais populares,1,351.8,
3,91,Mais populares,0,352.6,
3,92,Mais populares,5,320.0,
3,94,Mais populares,3,326.1,
3,95,Mais populares,0,328.4,
3,96,Mais populares,1,350.3,
3,97,Mais populares,0,370.4,
3,98,Mais populares,0,385.7,
3,99,Mais populares,3,282.6,
3,100,Mais populares,2,373.7,
3,101,Mais populares,1,361.8,
3,102,Mais populares,1,310.4,
3,103,Mais populares,1,358.9,
3,104,Mais populares,1,322.6,
3,106,Mais populares,0,371.5,
3,107,Mais populares,0,364.8,
3,108,Mais populares,0,337.0,
3,109,Mais populares,4,297.4,
3,110,Mais populares,0,363.0,
3,111,Mais populares,0,375.2,
3,112,Mais populares,0,372.2,
3,113,Mais populares,1,345.1,
3,114,Mais populares,0,379.1,
3,115,Mais populares,0,338.8,
3,116,Mais populares,1,352.9,
3,117,Mais populares,0,323.3,
3,118,Mais populares,1,370.4,
3,119,Mais populares,3,310.4,
3,121,Mais populares,1,331.8,
3,122,Mais populares,0,385.7,
3,123,Mais populares,0,344.7,
3,124,Mais populares,0,370.4,
3,125,Mais populares,1,335.7,
3,126,Mais populares,0,356.9,
3,127,Mais populares,0,343.2,
3,128,Mais populares,1,321.1,
3,129,Mais populares,0,364.8,
3,130,Mais populares,3,265.9,
3,131,Mais populares,0,370.0,
3,132,Mais populares,0,379.1,
3,133,Mais populares,0,364.7,
3,134,Mais populares,1,364.7,
3,135,Mais populares,0,367.1,
3,136,Mais populares,1,365.2,
3,137,Mais populares,0,351.0,
3,138,Mais populares,0,374.6,
3,139,Mais populares,2,382.6,
3,140,Mais populares,0,361.0,
3,141,Mais populares,1,302.1,
3,142,Mais populares,0,374.8,
3,143,Mais populares,0,368.5,
3,144,Mais populares,3,287.2,
3,145,Mais populares,2,293.5,
3,146,Mais populares,0,364.7,
3,147,Mais populares,0,375.2,
3,148,Mais populares,2,368.9,
3,149,Mais populares,0,375.2,
3,150,Mais populares,0,343.2,
3,151,Mais populares,3,318.8,
3,152,Mais populares,1,376.6,
3,153,Mais populares,0,355.4,
3,154,Mais populares,0,360.6,
3,156,Mais populares,0,379.1,
3,157,Mais populares,0,347.0,
3,158,Mais populares,1,320.2,
3,159,Mais populares,1,352.9,
3,160,Mais populares,0,346.8,
3,161,Mais populares,0,346.0,
3,162,Mais populares,1,348.9,
3,163,Mais populares,0,364.4,
3,164,Mais populares,0,356.2,
3,165,Mais populares,0,361.2,
3,166,Mais populares,0,356.9,
3,167,Mais populares,0,385.7,
3,168,Mais populares,1,336.6,
3,169,Mais populares,1,364.9,
3,170,Mais populares,0,372.3,
3,171,Mais populares,0,373.9,
3,172,Mais populares,0,385.7,
3,173,Mais populares,0,364.7,
3,174,Mais populares,2,369.1,
3,175,Mais populares,1,379.1,
3,176,Mais populares,1,335.4,
3,177,Mais populares,1,309.1,
3,178,Mais populares,7,264.6,
3,179,Mais populares,2,379.8,
3,180,Mais populares,0,371.0,
3,181,Mais populares,1,335.7,
3,182,Mais populares,1,365.5,
3,183,Mais populares,0,349.8,
3,184,Mais populares,1,314.8,
3,185,Mais populares,1,358.1,
3,186,Mais populares,0,353.9,
3,187,Mais populares,0,385.0,
3,188,Mais populares,1,335.4,
3,189,Mais populares,1,359.2,
3,190,Mais populares,0,350.1,
3,191,Mais populares,0,373.7,
3,192,Mais populares,1,354.2,
3,193,Mais populares,1,311.4,
3,194,Mais populares,2,308.8,
3,195,Mais populares,0,358.8,
3,196,Mais populares,0,382.6,
3,197,Mais populares,0,320.5,
3,198,Mais populares,3,328.3,
3,199,Mais populares,0,354.7,
3,200,Mais populares,0,306.3,
3,201,Mais populares,1,304.0,
3,202,Mais populares,0,372.2,
3,204,Mais populares,0,368.5,
3,205,Mais populares,0,364.7,
3,206,Mais populares,0,363.4,
3,207,Mais populares,1,342.7,
3,208,Mais populares,0,385.7,
3,209,Mais populares,1,350.5,
3,210,Mais populares,0,346.3,
3,211,Mais populares,0,371.6,
3,212,Mais populares,0,382.6,
3,213,Mais populares,0,271.3,
3,214,Mais populares,1,317.8,
3,215,Mais populares,3,346.2,
3,216,Mais populares,3,358.5,
3,217,Mais populares,0,355.5,
3,218,Mais populares,0,366.4,
3,219,Mais populares,0,379.8,
3,220,Mais populares,0,366.2,
3,221,Mais populares,2,340.1,
3,222,Mais populares,5,298.5,
3,223,Mais populares,1,346.6,
3,224,Mais populares,0,363.6,
3,225,Mais populares,1,385.7,
3,226,Mais populares,0,372.4,
3,227,Mais populares,1,341.5,
3,229,Mais populares,0,364.8,
3,230,Mais populares,3,356.4,
3,231,Mais populares,1,370.6,
3,232,Mais populares,1,345.1,
3,233,Mais populares,2,379.8,
3,234,Mais populares,1,305.2,
3,235,Mais populares,2,369.1,
3,236,Mais populares,2,370.8,
3,237,Mais populares,0,370.2,
3,238,Mais populares,0,359.7,
3,239,Mais populares,1,333.8,
3,240,Mais populares,0,373.7,
3,241,Mais populares,1,369.9,
3,242,Mais populares,0,379.0,
3,243,Mais populares,0,378.9,
3,244,Mais populares,1,321.1,
3,245,Mais populares,1,360.7,
3,246,Mais populares,2,341.3,
3,247,Mais populares,0,337.3,
3,248,Mais populares,0,335.9,
3,249,Mais populares,3,315.3,
3,250,Mais populares,2,304.6,
3,251,Mais populares,2,309.6,
3,252,Mais populares,1,373.9,
3,253,Mais populares,1,342.1,
3,254,Mais populares,1,341.0,
3,255,Mais populares,1,362.0,
3,256,Mais populares,0,294.9,
3,257,Mais populares,1,342.2,
3,258,Mais populares,1,363.4,
3,259,Mais populares,1,366.9,
3,260,Mais populares,0,379.1,
3,261,Mais populares,0,372.3,
3,262,Mais populares,1,309.9,
3,263,Mais populares,3,353.0,
3,264,Mais populares,1,369.9,
3,265,Mais populares,2,332.2,
3,267,Mais populares,3,355.2,
3,268,Mais populares,2,293.7,
3,269,Mais populares,0,359.8,
3,270,Mais populares,0,334.0,
3,271,Mais populares,4,281.2,
3,272,Mais populares,0,364.8,
3,273,Mais populares,0,382.6,
3,274,Mais populares,1,328.7,
3,275,Mais populares,0,336.1,
3,276,Mais populares,7,292.2,
3,277,Mais populares,1,341.4,
3,278,Mais populares,0,361.0,
3,279,Mais populares,1,328.6,
3,280,Mais populares,0,298.3,
3,281,Mais populares,0,363.4,
3,282,Mais populares,0,363.4,
3,283,Mais populares,0,352.7,
3,284,Mais populares,0,372.2,
3,285,Mais populares,0,353.7,
3,286,Mais populares,0,306.5,
3,287,Mais populares,1,348.5,
3,288,Mais populares,1,338.6,
3,289,Mais populares,0,383.5,
3,290,Mais populares,3,368.9,
3,291,Mais populares,4,329.0,
3,292,Mais populares,1,340.1,
3,293,Mais populares,2,255.8,
3,294,Mais populares,4,307.4,
3,295,Mais populares,3,356.9,
3,296,Mais populares,3,318.0,
3,297,Mais populares,1,273.6,
3,298,Mais populares,0,333.3,
3,299,Mais populares,1,312.6,
3,300,Mais populares,0,362.7,
3,301,Mais populares,3,281.0,
3,303,Mais populares,5,253.3,
3,304,Mais populares,0,365.1,
3,305,Mais populares,3,302.8,
3,306,Mais populares,0,366.3,
3,307,Mais populares,1,327.8,
3,308,Mais populares,3,320.3,
3,309,Mais populares,1,380.4,
3,310,Mais populares,1,366.5,
3,311,Mais populares,1,303.1,
3,312,Mais populares,0,349.0,
3,313,Mais populares,1,309.7,
3,314,Mais populares,0,366.1,
3,315,Mais populares,1,372.4,
3,316,Mais populares,1,363.0,
3,317,Mais populares,0,379.1,
3,318,Mais populares,1,352.0,
3,319,Mais populares,0,385.7,
3,320,Mais populares,2,327.6,
3,321,Mais populares,1,362.6,
3,322,Mais populares,2,373.2,
3,323,Mais populares,1,335.2,
3,324,Mais populares,1,341.3,
3,325,Mais populares,0,342.3,
3,326,Mais populares,0,365.0,
3,327,Mais populares,2,263.2,
3,328,Mais populares,1,306.5,
3,329,Mais populares,1,311.4,
3,330,Mais populares,2,353.8,
3,331,Mais populares,0,371.5,
3,332,Mais populares,7,325.2,
3,333,Mais populares,2,378.2,
3,334,Mais populares,5,299.4,
3,335,Mais populares,0,370.9,
3,336,Mais populares,0,340.2,
3,337,Mais populares,1,385.7,
3,338,Mais populares,1,366.2,
3,339,Mais populares,3,309.3,
3,340,Mais populares,0,362.4,
3,341,Mais populares,0,375.3,
3,342,Mais populares,0,362.8,
3,343,Mais populares,5,352.0,
3,344,Mais populares,3,292.4,
3,345,Mais populares,5,303.6,
3,346,Mais populares,1,302.9,
3,347,Mais populares,2,263.7,
3,348,Mais populares,0,356.5,
3,349,Mais populares,1,379.8,
3,350,Mais populares,0,343.0,
3,351,Mais populares,0,364.8,
3,352,Mais populares,1,356.5,
3,353,Mais populares,0,372.2,
3,354,Mais populares,1,347.2,
3,355,Mais populares,1,380.4,
3,356,Mais populares,0,356.9,
3,357,Mais populares,0,366.7,
3,358,Mais populares,0,379.8,
3,359,Mais populares,1,364.8,
3,360,Mais populares,2,328.6,
3,361,Mais populares,0,345.9,
3,362,Mais populares,0,363.4,
3,363,Mais populares,4,315.5,
3,364,Mais populares,1,375.3,
3,365,Mais populares,1,356.4,
3,366,Mais populares,0,381.3,
3,367,Mais populares,1,365.0,
3,368,Mais populares,1,360.3,
3,369,Mais populares,0,368.9,
3,370,Mais populares,1,356.6,
3,371,Mais populares,1,371.9,
3,372,Mais populares,1,374.5,
3,373,Mais populares,1,361.8,
3,374,Mais populares,1,317.7,
3,375,Mais populares,0,379.1,
3,376,Mais populares,0,372.6,
3,377,Mais populares,0,357.1,
3,378,Mais populares,6,271.1,
3,379,Mais populares,3,318.6,
3,380,Mais populares,2,340.1,
3,381,Mais populares,2,365.0,
3,382,Mais populares,0,349.0,
3,383,Mais populares,0,374.5,
3,384,Mais populares,0,372.2,
3,385,Mais populares,0,346.0,
3,386,Mais populares,0,365.1,
3,387,Mais populares,1,286.0,
3,388,Mais populares,4,376.7,
3,389,Mais populares,1,342.3,
3,390,Mais populares,1,356.6,
3,391,Mais populares,3,348.0,
3,392,Mais populares,2,348.9,
3,393,Mais populares,4,325.5,
3,394,Mais populares,0,317.6,
3,395,Mais populares,2,324.9,
3,396,Mais populares,2,366.5,
3,397,Mais populares,3,364.8,
3,398,Mais populares,2,354.8,
3,399,Mais populares,0,333.8,
3,400,Mais populares,1,366.2,
3,401,Mais populares,1,344.1,
3,402,Mais populares,2,340.5,
3,403,Mais populares,2,336.1,
3,404,Mais populares,0,356.9,
3,405,Mais populares,1,364.2,
3,406,Mais populares,2,323.7,
3,407,Mais populares,3,325.2,
3,408,Mais populares,1,364.8,
3,409,Mais populares,1,346.8,
3,410,Mais populares,0,372.2,
3,411,Mais populares,1,353.1,
3,412,Mais populares,0,376.3,
3,413,Mais populares,2,362.4,
3,414,Mais populares,0,353.4,
3,415,Mais populares,0,377.8,
3,416,Mais populares,7,256.8,
3,417,Mais populares,2,321.5,
3,418,Mais populares,0,370.9,
3,419,Mais populares,2,365.5,
3,420,Mais populares,0,366.3,
3,421,Mais populares,2,377.1,
3,422,Mais populares,1,325.5,
3,423,Mais populares,1,366.1,
3,424,Mais populares,0,348.7,
3,425,Mais populares,2,312.2,
3,426,Mais populares,1,377.1,
3,427,Mais populares,1,380.4,
3,428,Mais populares,0,372.3,
3,429,Mais populares,4,361.2,
3,430,Mais populares,2,317.3,
3,432,Mais populares,3,338.8,
3,433,Mais populares,0,356.4,
3,434,Mais populares,0,376.1,
3,435,Mais populares,5,331.7,
3,436,Mais populares,0,365.2,
3,437,Mais populares,2,347.1,
3,438,Mais populares,0,339.5,
3,439,Mais populares,0,379.1,
3,440,Mais populares,0,379.8,
3,441,Mais populares,2,366.5,
3,442,Mais populares,3,363.8,
3,443,Mais populares,1,375.2,
3,444,Mais populares,0,358.2,
3,445,Mais populares,0,353.4,
3,447,Mais populares,2,284.3,
3,448,Mais populares,0,373.9,
3,449,Mais populares,0,366.3,
3,450,Mais populares,6,264.1,
3,451,Mais populares,0,363.4,
3,452,Mais populares,3,333.7,
3,453,Mais populares,2,351.1,
3,454,Mais populares,3,322.6,
3,455,Mais populares,5,287.8,
3,456,Mais populares,0,325.7,
3,457,Mais populares,6,323.7,
3,458,Mais populares,2,345.7,
3,459,Mais populares,5,334.0,
3,460,Mais populares,1,351.0,
3,461,Mais populares,0,358.2,
3,462,Mais populares,2,374.8,
3,463,Mais populares,1,343.5,
3,464,Mais populares,0,331.2,
3,465,Mais populares,4,356.3,
3,466,Mais populares,3,351.5,
3,467,Mais populares,1,341.4,
3,468,Mais populares,3,320.1,
3,469,Mais populares,1,385.7,
3,470,Mais populares,2,343.8,
3,471,Mais populares,0,385.0,
3,472,Mais populares,5,329.1,
3,473,Mais populares,0,385.7,
3,474,Mais populares,4,305.0,
3,475,Mais populares,2,366.3,
3,476,Mais populares,1,381.3,
3,477,Mais populares,0,381.2,
3,478,Mais populares,1,359.9,
3,479,Mais populares,3,299.4,
3,480,Mais populares,1,371.5,
3,481,Mais populares,2,380.7,
3,482,Mais populares,1,359.1,
3,483,Mais populares,0,346.0,
3,484,Mais populares,5,357.5,
3,485,Mais populares,0,369.9,
3,486,Mais populares,1,304.2,
3,487,Mais populares,4,339.6,
3,488,Mais populares,3,327.4,
3,489,Mais populares,2,373.6,
3,490,Mais populares,2,359.6,
3,491,Mais populares,1,365.8,
3,492,Mais populares,2,385.7,
3,493,Mais populares,2,322.5,
3,494,Mais populares,3,328.7,
3,495,Mais populares,2,357.3,
3,496,Mais populares,1,358.7,
3,497,Mais populares,2,303.8,
3,498,Mais populares,0,334.1,
3,499,Mais populares,3,360.5,
3,500,Mais populares,3,335.1,
3,501,Mais populares,2,355.4,
3,502,Mais populares,0,375.3,
3,503,Mais populares,2,363.8,
3,504,Mais populares,0,310.2,
3,505,Mais populares,1,357.1,
3,506,Mais populares,2,361.1,
3,507,Mais populares,1,341.3,
3,508,Mais populares,0,359.0,
3,509,Mais populares,0,341.3,
3,510,Mais populares,2,369.9,
3,511,Mais populares,1,379.0,
3,512,Mais populares,1,358.9,
3,513,Mais populares,2,371.0,
3,514,Mais populares,3,363.6,
3,515,Mais populares,1,372.3,
3,516,Mais populares,1,368.9,
3,517,Mais populares,2,357.3,
3,518,Mais populares,1,369.5,
3,519,Mais populares,0,381.3,
3,520,Mais populares,2,379.0,
3,521,Mais populares,2,338.0,
3,522,Mais populares,0,379.1,
3,523,Mais populares,1,360.7,
3,524,Mais populares,2,354.7,
3,525,Mais populares,1,361.4,
3,526,Mais populares,2,345.8,
3,527,Mais populares,2,364.2,
3,528,Mais populares,0,357.2,
3,529,Mais populares,3,379.0,
3,530,Mais populares,1,355.0,
3,531,Mais populares,1,385.0,
3,532,Mais populares,3,382.7,
3,533,Mais populares,5,320.3,
3,534,Mais populares,3,379.1,
3,535,Mais populares,1,321.8,
3,536,Mais populares,1,362.4,
3,537,Mais populares,3,317.2,
3,538,Mais populares,1,366.4,
3,539,Mais populares,1,368.0,
3,540,Mais populares,3,344.7,
3,541,Mais populares,2,370.3,
3,542,Mais populares,2,348.1,
3,543,Mais populares,0,385.2,
3,544,Mais populares,0,356.9,
3,545,Mais populares,4,375.4,
3,546,Mais populares,3,345.6,
3,547,Mais populares,0,373.8,
3,548,Mais populares,4,306.2,
3,549,Mais populares,4,354.2,
3,550,Mais populares,3,365.5,
3,551,Mais populares,4,292.9,
3,552,Mais populares,2,334.5,
3,553,Mais populares,2,365.9,
3,554,Mais populares,3,342.7,
3,555,Mais populares,1,359.1,
3,556,Mais populares,1,376.7,
3,557,Mais populares,2,381.2,
3,558,Mais populares,1,379.1,
3,559,Mais populares,0,374.3,
3,560,Mais populares,3,354.2,
3,561,Mais populares,3,358.9,
3,562,Mais populares,1,372.6,
3,563,Mais populares,1,369.4,
3,564,Mais populares,3,377.5,
3,565,Mais populares,0,385.7,
3,566,Mais populares,2,366.6,
3,567,Mais populares,0,354.0,
3,568,Mais populares,0,373.7,
3,569,Mais populares,2,338.8,
3,570,Mais populares,0,382.6,
3,571,Mais populares,1,380.7,
3,572,Mais populares,0,371.5,
3,573,Mais populares,3,382.6,
3,574,Mais populares,0,354.8,
3,575,Mais populares,0,380.7,
3,576,Mais populares,1,360.6,
3,577,Mais populares,3,348.9,
3,579,Mais populares,2,349.0,
3,580,Mais populares,2,343.3,
3,581,Mais populares,1,375.4,
3,582,Mais populares,3,349.3,
3,583,Mais populares,1,374.5,
3,584,Mais populares,0,360.7,
3,585,Mais populares,0,382.6,
3,586,Mais populares,4,366.7,
3,587,Mais populares,2,370.8,
3,588,Mais populares,5,308.2,
3,589,Mais populares,2,381.3,
3,590,Mais populares,1,379.1,
3,591,Mais populares,1,382.6,
3,592,Mais populares,6,337.2,
3,593,Mais populares,5,357.7,
3,595,Mais populares,1,346.4,
3,596,Mais populares,1,343.2,
3,597,Mais populares,2,361.5,
3,598,Mais populares,1,380.4,
3,599,Mais populares,1,372.3,
3,600,Mais populares,2,385.2,
3,601,Mais populares,2,341.2,
3,602,Mais populares,4,375.3,
3,603,Mais populares,1,348.3,
3,604,Mais populares,1,373.2,
3,605,Mais populares,4,382.2,
3,606,Mais populares,7,335.5,
3,607,Mais populares,0,377.1,
3,608,Mais populares,2,368.4,
3,609,Mais populares,0,385.0,
3,610,Mais populares,1,385.0,
3,611,Mais populares,1,379.1,
3,612,Mais populares,2,379.1,
3,613,Mais populares,2,368.0,
3,614,Mais populares,2,371.5,
3,615,Mais populares,2,364.0,
3,616,Mais populares,1,370.9,
3,617,Mais populares,0,370.3,
3,618,Mais populares,3,331.4,
3,619,Mais populares,5,379.2,
3,620,Mais populares,3,342.4,
3,621,Mais populares,1,362.2,
3,622,Mais populares,3,363.2,
3,623,Mais populares,3,355.2,
3,624,Mais populares,6,355.3,
3,625,Mais populares,2,332.0,
3,626,Mais populares,1,373.9,
3,627,Mais populares,1,365.2,
3,628,Mais populares,2,373.8,
3,629,Mais populares,5,356.5,
3,630,Mais populares,3,363.5,
3,631,Mais populares,0,369.9,
3,632,Mais populares,2,346.7,
3,633,Mais populares,0,365.4,
3,634,Mais populares,5,363.2,
3,635,Mais populares,1,379.0,
3,636,Mais populares,2,379.1,
3,637,Mais populares,3,361.9,
3,638,Mais populares,2,372.6,
3,639,Mais populares,0,371.7,
3,640,Mais populares,0,385.2,
3,641,Mais populares,0,368.0,
3,642,Mais populares,4,348.8,
3,643,Mais populares,4,382.9,
3,644,Mais populares,4,348.4,
3,645,Mais populares,1,349.0,
3,646,Mais populares,0,369.9,
3,647,Mais populares,0,372.1,
3,648,Mais populares,4,353.2,
3,649,Mais populares,0,361.0,
3,650,Mais populares,4,357.6,
3,651,Mais populares,1,381.2,
3,652,Mais populares,0,366.2,
3,653,Mais populares,6,328.2,
3,654,Mais populares,4,378.3,
3,655,Mais populares,2,381.6,
3,656,Mais populares,0,385.0,
3,657,Mais populares,1,373.8,
3,658,Mais populares,2,379.1,
3,659,Mais populares,2,376.9,
3,660,Mais populares,1,364.8,
3,661,Mais populares,2,336.0,
3,662,Mais populares,0,379.1,
3,663,Mais populares,6,353.7,
3,664,Mais populares,2,354.2,
3,665,Mais populares,5,340.4,
3,666,Mais populares,2,342.4,
3,667,Mais populares,0,385.7,
3,668,Mais populares,2,369.5,
3,669,Mais populares,2,362.5,
3,670,Mais populares,1,385.7,
3,671,Mais populares,2,348.1,
3,672,Mais populares,0,380.7,
3,673,Mais populares,2,372.2,
3,674,Mais populares,4,379.2,
3,675,Mais populares,0,382.6,
3,676,Mais populares,4,364.2,
3,677,Mais populares,2,372.3,
3,678,Mais populares,2,371.3,
3,679,Mais populares,3,350.3,
3,680,Mais populares,1,366.4,
3,681,Mais populares,1,381.2,
3,682,Mais populares,7,360.5,
3,683,Mais populares,1,361.5,
3,684,Mais populares,2,367.3,
3,686,Mais populares,2,375.4,
3,687,Mais populares,1,373.6,
3,688,Mais populares,1,385.7,
3,689,Mais populares,2,351.8,
3,690,Mais populares,2,374.8,
3,691,Mais populares,3,385.7,
3,692,Mais populares,1,376.0,
3,693,Mais populares,2,349.2,
3,694,Mais populares,5,379.1,
3,695,Mais populares,1,382.6,
3,696,Mais populares,0,382.6,
3,697,Mais populares,4,358.1,
3,698,Mais populares,2,335.0,
3,699,Mais populares,2,353.0,
3,700,Mais populares,2,385.2,
3,701,Mais populares,2,374.8,
3,702,Mais populares,0,379.8,
3,703,Mais populares,5,352.8,
3,704,Mais populares,1,371.5,
3,705,Mais populares,5,380.7,
3,706,Mais populares,2,358.0,
3,707,Mais populares,2,379.2,
3,708,Mais populares,2,354.2,
3,709,Mais populares,4,363.5,
3,710,Mais populares,2,342.5,
3,711,Mais populares,2,363.6,
3,712,Mais populares,1,366.6,
3,713,Mais populares,0,380.4,
3,714,Mais populares,4,361.2,
3,715,Mais populares,4,357.6,
3,716,Mais populares,4,351.4,
3,717,Mais populares,3,349.5,
3,718,Mais populares,1,385.7,
3,719,Mais populares,0,378.2,
3,720,Mais populares,1,382.6,
3,721,Mais populares,2,366.2,
3,722,Mais populares,1,364.7,
3,723,Mais populares,1,358.9,
3,724,Mais populares,1,368.4,
3,725,Mais populares,3,361.9,
3,726,Mais populares,0,379.0,
3,727,Mais populares,3,360.1,
3,728,Mais populares,0,374.5,
3,729,Mais populares,0,372.3,
3,730,Mais populares,1,346.6,
3,731,Mais populares,0,385.7,
3,732,Mais populares,2,375.3,
3,733,Mais populares,0,360.7,
3,734,Mais populares,1,359.7,
3,735,Mais populares,2,345.1,
3,736,Mais populares,0,375.8,
3,737,Mais populares,1,368.9,
3,738,Mais populares,4,338.6,
3,739,Mais populares,1,369.5,
3,740,Mais populares,1,364.7,
3,741,Mais populares,1,354.9,
3,742,Mais populares,1,353.8,
3,743,Mais populares,2,360.4,
3,744,Mais populares,1,383.0,
3,745,Mais populares,1,363.5,
3,746,Mais populares,2,379.2,
3,747,Mais populares,1,298.4,
3,748,Mais populares,3,367.9,
3,749,Mais populares,3,336.2,
3,750,Mais populares,2,373.9,
3,751,Mais populares,4,374.2,
3,752,Mais populares,1,373.8,
3,753,Mais populares,1,361.7,
3,754,Mais populares,0,382.6,
3,755,Mais populares,0,364.8,
3,756,Mais populares,1,349.5,
3,757,Mais populares,3,349.2,
3,758,Mais populares,8,367.1,
3,759,Mais populares,2,349.8,
3,760,Mais populares,0,370.2,
3,761,Mais populares,4,385.7,
3,762,Mais populares,0,382.6,
3,763,Mais populares,3,364.5,
3,764,Mais populares,1,340.8,
3,765,Mais populares,1,375.4,
3,766,Mais populares,1,362.1,
3,767,Mais populares,1,382.8,
3,768,Mais populares,3,372.0,
3,769,Mais populares,0,383.5,
3,770,Mais populares,3,351.6,
3,771,Mais populares,2,351.9,
3,772,Mais populares,0,363.4,
3,773,Mais populares,1,323.3,
3,774,Mais populares,1,347.7,
3,775,Mais populares,3,385.7,
3,776,Mais populares,1,366.1,
3,777,Mais populares,1,381.3,
3,778,Mais populares,0,385.2,
3,779,Mais populares,1,337.7,
3,780,Mais populares,0,360.5,
3,781,Mais populares,2,342.4,
3,782,Mais populares,1,348.6,
3,783,Mais populares,0,364.7,
3,784,Mais populares,0,377.6,
3,785,Mais populares,0,354.7,
3,786,Mais populares,1,320.6,
3,787,Mais populares,0,356.9,
3,788,Mais populares,3,336.7,
3,789,Mais populares,1,340.6,
3,790,Mais populares,3,316.6,
3,791,Mais populares,1,364.3,
3,792,Mais populares,0,373.9,
3,793,Mais populares,1,340.5,
3,794,Mais populares,1,361.6,
3,795,Mais populares,1,359.0,
3,796,Mais populares,7,305.8,
3,797,Mais populares,1,363.7,
3,798,Mais populares,1,353.8,
3,799,Mais populares,1,370.9,
3,800,Mais populares,1,349.8,
3,801,Mais populares,0,372.3,
3,802,Mais populares,2,373.9,
3,803,Mais populares,1,385.0,
3,804,Mais populares,4,324.4,
3,805,Mais populares,2,285.7,
3,806,Mais populares,2,305.2,
3,807,Mais populares,1,349.7,
3,808,Mais populares,1,373.7,
3,809,Mais populares,0,372.2,
3,810,Mais populares,0,366.2,
3,811,Mais populares,1,372.2,
3,812,Mais populares,1,373.6,
3,813,Mais populares,0,385.0,
3,814,Mais populares,1,381.3,
3,815,Mais populares,2,333.0,
3,816,Mais populares,0,372.3,
3,817,Mais populares,1,360.0,
3,818,Mais populares,1,370.9,
3,819,Mais populares,0,372.2,
3,821,Mais populares,2,363.9,
3,823,Mais populares,2,318.1,
3,825,Mais populares,3,329.5,
3,826,Mais populares,1,347.1,
3,827,Mais populares,0,366.2,
3,828,Mais populares,0,376.7,
3,829,Mais populares,0,353.6,
3,830,Mais populares,1,348.4,
3,831,Mais populares,2,324.1,
3,832,Mais populares,0,347.3,
3,833,Mais populares,1,346.6,
3,834,Mais populares,2,334.4,
3,835,Mais populares,1,363.4,
3,836,Mais populares,0,364.6,
3,837,Mais populares,0,359.3,
3,838,Mais populares,2,317.9,
3,839,Mais populares,0,328.5,
3,840,Mais populares,1,338.7,
3,841,Mais populares,0,372.2,
3,843,Mais populares,0,319.4,
3,844,Mais populares,0,316.9,
3,845,Mais populares,0,382.6,
3,846,Mais populares,0,346.8,
3,847,Mais populares,1,337.3,
3,848,Mais populares,1,361.2,
3,849,Mais populares,0,377.0,
3,850,Mais populares,0,351.1,
3,851,Mais populares,0,353.4,
3,852,Mais populares,0,349.3,
3,853,Mais populares,0,356.9,
3,854,Mais populares,2,288.4,
3,856,Mais populares,1,373.6,
3,857,Mais populares,0,377.6,
3,858,Mais populares,1,371.8,
3,859,Mais populares,0,375.3,
3,860,Mais populares,0,363.6,
3,861,Mais populares,0,382.6,
3,862,Mais populares,3,351.4,
3,863,Mais populares,0,356.9,
3,864,Mais populares,2,271.9,
3,866,Mais populares,0,385.0,
3,867,Mais populares,0,313.1,
3,868,Mais populares,0,324.7,
3,870,Mais populares,0,306.5,
3,871,Mais populares,0,331.7,
3,875,Mais populares,0,323.2,
3,876,Mais populares,1,373.9,
4,1,KNN por nota,0,3.0,1.3
4,2,KNN por nota,0,3.8,1.5
4,3,KNN por nota,0,4.1,1.3
4,4,KNN por nota,0,5.5,1.4
4,5,KNN por nota,0,3.0,1.0
4,6,KNN por nota,0,2.4,1.2
4,7,KNN por nota,0,3.5,1.4
4,8,KNN por nota,0,4.5,1.7
4,9,KNN por nota,0,6.2,2.3
4,10,KNN por nota,0,2.2,1.0
4,11,KNN por nota,0,3.7,1.5
4,12,KNN por nota,0,2.8,1.4
4,13,KNN por nota,0,2.4,1.0
4,14,KNN por nota,0,3.5,1.5
4,15,KNN por nota,0,3.1,1.5
4,16,KNN por nota,0,2.8,1.3
4,17,KNN por nota,0,3.9,1.7
4,18,KNN por nota,0,2.3,1.3
4,19,KNN por nota,0,4.5,1.2
4,20,KNN por nota,0,2.9,1.2
4,21,KNN por nota,0,7.5,3.8
4,22,KNN por nota,0,3.0,1.4
4,23,KNN por nota,0,2.8,1.1
4,24,KNN por nota,0,2.4,1.3
4,25,KNN por nota,0,3.9,1.0
4,26,KNN por nota,0,4.5,1.7
4,28,KNN por nota,0,4.1,1.6
4,29,KNN por nota,0,4.1,1.7
4,30,KNN por nota,0,4.2,1.5
4,31,KNN por nota,0,3.2,1.4
4,32,KNN por nota,0,4.0,1.6
4,33,KNN por nota,0,11.0,2.7
4,35,KNN por nota,0,9.4,1.9
4,36,KNN por nota,0,4.4,1.5
4,37,KNN por nota,0,3.4,1.2
4,38,KNN por nota,0,6.0,1.6
4,41,KNN por nota,0,2.5,1.2
4,42,KNN por nota,0,4.5,1.4
4,43,KNN por nota,0,2.8,1.2
4,44,KNN por nota,0,3.9,1.1
4,45,KNN por nota,0,6.4,1.9
4,46,KNN por nota,0,4.1,1.4
4,47,KNN por nota,0,4.6,1.7
4,48,KNN por nota,0,2.3,1.0
4,49,KNN por nota,0,2.8,1.6
4,50,KNN por nota,0,7.8,2.1
4,51,KNN por nota,0,3.3,1.1
4,52,KNN por nota,0,3.7,1.5
4,54,KNN por nota,0,5.0,1.8
4,56,KNN por nota,0,3.3,1.6
4,57,KNN por nota,0,4.2,1.1
4,58,KNN por nota,0,3.0,1.8
4,59,KNN por nota,0,2.9,1.7
4,60,KNN por nota,0,2.9,1.3
4,61,KNN por nota,0,7.2,1.7
4,62,KNN por nota,0,2.1,1.4
4,63,KNN por nota,0,3.6,1.5
4,64,KNN por nota,0,3.1,1.4
4,65,KNN por nota,0,3.6,1.1
4,66,KNN por nota,0,3.0,2.1
4,68,KNN por nota,0,4.9,2.0
4,69,KNN por nota,0,4.3,1.8
4,70,KNN por nota,0,2.7,1.0
4,71,KNN por nota,0,3.3,1.5
4,72,KNN por nota,0,3.0,1.3
4,73,KNN por nota,0,3.0,1.7
4,74,KNN por nota,0,5.1,1.8
4,75,KNN por nota,0,3.4,1.3
4,76,KNN por nota,0,2.3,1.3
4,77,KNN por nota,0,3.7,1.7
4,79,KNN por nota,0,6.0,1.5
4,80,KNN por nota,0,3.0,1.1
4,81,KNN por nota,0,2.4,1.3
4,82,KNN por nota,0,3.1,1.8
4,83,KNN por nota,0,6.0,1.3
4,84,KNN por nota,0,4.9,1.9
4,85,KNN por nota,0,2.3,1.2
4,87,KNN por nota,0,3.7,1.5
4,89,KNN por nota,0,4.1,1.4
4,90,KNN por nota,0,3.5,2.2
4,91,KNN por nota,0,3.8,1.6
4,92,KNN por nota,0,3.0,1.1
4,94,KNN por nota,0,2.2,1.0
4,95,KNN por nota,0,4.3,1.1
4,96,KNN por nota,0,3.5,1.3
4,97,KNN por nota,0,3.9,1.3
4,98,KNN por nota,0,5.5,1.7
4,99,KNN por nota,0,5.2,1.3
4,101,KNN por nota,0,5.5,1.4
4,102,KNN por nota,0,3.4,1.6
4,103,KNN por nota,0,3.4,1.4
4,105,KNN por nota,0,9.7,3.4
4,106,KNN por nota,0,2.3,1.0
4,108,KNN por nota,0,3.4,1.5
4,109,KNN por nota,0,3.7,1.1
4,110,KNN por nota,0,5.2,1.2
4,111,KNN por nota,0,5.8,2.1
4,112,KNN por nota,0,9.0,2.2
4,113,KNN por nota,0,6.8,1.4
4,115,KNN por nota,0,2.3,1.5
4,116,KNN por nota,0,2.9,1.5
4,117,KNN por nota,0,3.5,1.2
4,118,KNN por nota,0,3.7,1.9
4,119,KNN por nota,0,2.6,1.4
4,120,KNN por nota,0,4.0,1.7
4,121,KNN por nota,0,2.5,1.1
4,122,KNN por nota,0,2.5,1.8
4,123,KNN por nota,0,2.8,1.1
4,125,KNN por nota,0,4.1,1.2
4,126,KNN por nota,0,3.9,1.4
4,127,KNN por nota,0,4.5,1.6
4,128,KNN por nota,0,1.7,1.1
4,129,KNN por nota,0,6.6,1.7
4,130,KNN por nota,0,3.6,1.4
4,131,KNN por nota,0,3.4,1.2
4,133,KNN por nota,0,4.5,1.6
4,134,KNN por nota,0,5.5,1.3
4,135,KNN por nota,0,3.6,1.7
4,137,KNN por nota,0,3.7,1.2
4,138,KNN por nota,0,2.5,1.2
4,141,KNN por nota,0,8.0,1.5
4,142,KNN por nota,0,2.9,1.5
4,143,KNN por nota,0,3.3,1.3
4,144,KNN por nota,0,2.8,1.5
4,145,KNN por nota,0,3.2,1.5
4,146,KNN por nota,0,4.4,1.6
4,148,KNN por nota,0,3.4,1.0
4,149,KNN por nota,0,4.5,2.0
4,150,KNN por nota,0,3.2,1.5
4,151,KNN por nota,0,2.8,1.3
4,152,KNN por nota,0,4.4,1.9
4,153,KNN por nota,0,2.9,1.2
4,154,KNN por nota,0,3.0,1.5
4,155,KNN por nota,0,8.4,2.3
4,156,KNN por nota,0,2.4,1.6
4,158,KNN por nota,0,1.8,1.1
4,159,KNN por nota,0,6.0,1.8
4,160,KNN por nota,0,3.0,1.3
4,163,KNN por nota,0,2.9,1.6
4,164,KNN por nota,0,5.0,1.2
4,165,KNN por nota,0,4.0,1.2
4,167,KNN por nota,0,2.5,1.4
4,168,KNN por nota,0,5.3,1.6
4,169,KNN por nota,0,2.8,1.3
4,170,KNN por nota,0,6.9,1.4
4,171,KNN por nota,0,4.5,2.2
4,172,KNN por nota,0,5.2,2.2
4,173,KNN por nota,0,9.3,3.2
4,174,KNN por nota,0,2.9,1.6
4,175,KNN por nota,0,2.4,1.2
4,176,KNN por nota,0,3.8,1.1
4,177,KNN por nota,0,3.3,1.6
4,178,KNN por nota,0,3.7,1.1
4,179,KNN por nota,0,4.8,1.5
4,180,KNN por nota,0,2.9,1.8
4,181,KNN por nota,0,9.2,2.3
4,182,KNN por nota,0,2.8,1.1
4,183,KNN por nota,0,2.6,1.5
4,184,KNN por nota,0,2.7,1.2
4,185,KNN por nota,0,5.3,2.3
4,186,KNN por nota,0,4.0,1.1
4,187,KNN por nota,0,5.1,1.8
4,188,KNN por nota,0,3.3,1.4
4,189,KNN por nota,0,2.3,1.1
4,190,KNN por nota,0,8.7,1.2
4,191,KNN por nota,0,4.6,1.7
4,192,KNN por nota,0,5.6,2.4
4,193,KNN por nota,0,3.4,1.2
4,194,KNN por nota,0,3.7,1.4
4,195,KNN por nota,0,2.4,1.5
4,196,KNN por nota,0,3.6,1.2
4,197,KNN por nota,0,2.8,1.5
4,198,KNN por nota,0,2.8,1.2
4,199,KNN por nota,0,5.0,1.5
4,200,KNN por nota,0,2.5,1.6
4,201,KNN por nota,1,3.3,1.6
4,203,KNN por nota,0,4.7,1.5
4,205,KNN por nota,0,8.3,2.2
4,207,KNN por nota,0,2.7,1.1
4,209,KNN por nota,0,2.8,1.5
4,210,KNN por nota,0,2.7,1.3
4,211,KNN por nota,0,4.1,1.4
4,212,KNN por nota,0,3.8,1.5
4,213,KNN por nota,0,3.1,1.5
4,214,KNN por nota,0,3.0,1.3
4,215,KNN por nota,0,4.1,1.1
4,216,KNN por nota,0,3.2,1.6
4,217,KNN por nota,0,4.6,1.3
4,218,KNN por nota,0,3.8,1.8
4,219,KNN por nota,0,3.2,1.5
4,221,KNN por nota,0,3.2,1.5
4,222,KNN por nota,0,4.7,1.3
4,223,KNN por nota,0,5.0,2.2
4,224,KNN por nota,0,4.0,1.5
4,225,KNN por nota,0,2.9,1.1
4,226,KNN por nota,0,2.9,1.3
4,227,KNN por nota,0,3.7,1.4
4,228,KNN por nota,0,3.8,1.4
4,229,KNN por nota,0,4.9,2.3
4,230,KNN por nota,0,3.0,1.3
4,231,KNN por nota,0,3.6,1.4
4,232,KNN por nota,0,3.6,1.2
4,233,KNN por nota,0,3.6,1.8
4,234,KNN por nota,0,3.0,1.2
4,235,KNN por nota,0,2.9,1.9
4,236,KNN por nota,0,3.4,1.6
4,237,KNN por nota,0,2.9,1.3
4,238,KNN por nota,0,6.0,1.9
4,239,KNN por nota,0,3.2,1.4
4,240,KNN por nota,0,9.5,2.6
4,242,KNN por nota,0,4.3,1.6
4,243,KNN por nota,0,1.7,1.0
4,244,KNN por nota,1,2.4,1.7
4,245,KNN por nota,0,5.8,1.2
4,246,KNN por nota,0,2.9,1.1
4,247,KNN por nota,0,4.9,1.3
4,248,KNN por nota,0,4.5,1.9
4,249,KNN por nota,1,4.0,2.2
4,250,KNN por nota,0,2.4,1.7
4,251,KNN por nota,0,3.2,1.3
4,252,KNN por nota,0,4.3,1.4
4,253,KNN por nota,0,3.1,1.4
4,254,KNN por nota,0,3.6,1.5
4,255,KNN por nota,0,4.1,1.2
4,256,KNN por nota,0,3.4,1.0
4,257,KNN por nota,0,3.6,1.2
4,258,KNN por nota,0,6.6,1.9
4,259,KNN por nota,0,2.9,1.3
4,260,KNN por nota,0,6.0,1.3
4,261,KNN por nota,0,6.2,1.5
4,262,KNN por nota,0,2.4,1.3
4,263,KNN por nota,0,2.9,1.2
4,264,KNN por nota,0,3.0,1.0
4,265,KNN por nota,0,5.9,2.2
4,267,KNN por nota,0,2.6,1.2
4,268,KNN por nota,0,3.0,1.2
4,269,KNN por nota,0,3.1,1.4
4,270,KNN por nota,0,4.4,2.4
4,271,KNN por nota,0,2.5,1.1
4,272,KNN por nota,0,2.4,1.0
4,274,KNN por nota,0,4.4,1.9
4,275,KNN por nota,0,3.5,1.4
4,276,KNN por nota,0,2.0,1.2
4,277,KNN por nota,0,7.1,2.0
4,279,KNN por nota,0,3.9,1.8
4,280,KNN por nota,0,3.0,1.8
4,281,KNN por nota,0,5.4,1.5
4,283,KNN por nota,0,3.4,1.6
4,285,KNN por nota,0,3.6,1.4
4,286,KNN por nota,0,2.6,1.0
4,287,KNN por nota,0,3.2,1.4
4,288,KNN por nota,0,2.9,1.2
4,289,KNN por nota,0,2.8,1.4
4,290,KNN por nota,0,2.4,1.3
4,291,KNN por nota,0,3.6,1.1
4,292,KNN por nota,0,2.7,1.3
4,293,KNN por nota,0,2.4,1.1
4,294,KNN por nota,0,5.3,2.0
4,295,KNN por nota,0,2.5,1.2
4,296,KNN por nota,0,2.7,1.5
4,297,KNN por nota,0,2.3,1.7
4,298,KNN por nota,0,3.2,1.5
4,299,KNN por nota,0,2.1,1.2
4,301,KNN por nota,0,3.0,1.1
4,303,KNN por nota,0,3.7,1.3
4,305,KNN por nota,0,2.1,1.2
4,306,KNN por nota,0,3.2,1.5
4,307,KNN por nota,0,2.9,1.1
4,308,KNN por nota,0,3.2,1.6
4,309,KNN por nota,0,7.0,2.1
4,311,KNN por nota,0,2.7,1.2
4,312,KNN por nota,0,2.7,1.5
4,313,KNN por nota,0,2.6,1.2
4,314,KNN por nota,0,4.7,1.4
4,315,KNN por nota,0,4.6,1.7
4,316,KNN por nota,0,5.0,1.4
4,317,KNN por nota,0,4.9,1.7
4,318,KNN por nota,0,2.8,1.5
4,319,KNN por nota,0,3.6,1.5
4,320,KNN por nota,0,4.4,1.4
4,321,KNN por nota,0,2.4,1.5
4,322,KNN por nota,0,2.6,1.3
4,323,KNN por nota,0,4.2,1.9
4,324,KNN por nota,0,6.2,1.7
4,325,KNN por nota,0,2.5,1.2
4,326,KNN por nota,0,3.8,1.4
4,327,KNN por nota,0,2.7,1.2
4,328,KNN por nota,0,2.3,1.3
4,329,KNN por nota,0,3.6,1.3
4,330,KNN por nota,0,3.4,1.2
4,331,KNN por nota,0,3.8,1.6
4,332,KNN por nota,0,2.8,1.2
4,333,KNN por nota,0,4.1,1.7
4,334,KNN por nota,0,3.5,1.3
4,336,KNN por nota,0,3.5,1.5
4,337,KNN por nota,0,4.8,1.3
4,338,KNN por nota,0,3.3,1.4
4,339,KNN por nota,0,2.7,1.1
4,340,KNN por nota,0,4.6,1.5
4,341,KNN por nota,0,4.5,2.0
4,342,KNN por nota,0,2.6,1.3
4,343,KNN por nota,0,2.0,1.0
4,344,KNN por nota,0,2.7,1.3
4,345,KNN por nota,0,2.9,1.5
4,346,KNN por nota,0,5.0,1.8
4,347,KNN por nota,0,4.0,1.2
4,348,KNN por nota,0,5.6,1.4
4,349,KNN por nota,0,3.8,1.4
4,350,KNN por nota,0,2.9,1.2
4,351,KNN por nota,0,8.5,1.6
4,354,KNN por nota,0,2.8,1.3
4,355,KNN por nota,0,5.2,2.3
4,356,KNN por nota,0,3.9,1.3
4,357,KNN por nota,0,6.4,1.8
4,358,KNN por nota,0,5.6,2.0
4,359,KNN por nota,0,4.4,2.2
4,360,KNN por nota,0,2.6,1.5
4,361,KNN por nota,0,2.6,1.2
4,362,KNN por nota,0,4.4,1.2
4,363,KNN por nota,0,2.7,1.2
4,365,KNN por nota,0,6.3,2.5
4,366,KNN por nota,0,4.0,1.3
4,367,KNN por nota,0,4.1,1.5
4,368,KNN por nota,0,3.0,1.4
4,369,KNN por nota,0,3.3,1.4
4,370,KNN por nota,0,2.5,1.5
4,371,KNN por nota,0,4.4,1.4
4,372,KNN por nota,0,9.3,3.6
4,373,KNN por nota,0,1.9,1.1
4,374,KNN por nota,0,3.2,1.4
4,376,KNN por nota,0,3.2,1.6
4,377,KNN por nota,0,3.0,1.2
4,378,KNN por nota,0,2.5,1.3
4,379,KNN por nota,0,2.5,1.2
4,380,KNN por nota,0,1.8,1.3
4,381,KNN por nota,0,2.3,1.3
4,382,KNN por nota,0,2.9,1.5
4,383,KNN por nota,0,2.8,1.2
4,384,KNN por nota,0,4.7,1.8
4,385,KNN por nota,1,3.0,1.6
4,386,KNN por nota,0,3.6,1.0
4,387,KNN por nota,0,2.7,1.1
4,388,KNN por nota,0,30.2,7.9
4,389,KNN por nota,0,2.8,1.4
4,390,KNN por nota,0,2.4,1.3
4,391,KNN por nota,0,2.6,1.3
4,392,KNN por nota,0,3.2,1.4
4,393,KNN por nota,0,4.2,1.5
4,394,KNN por nota,0,3.6,1.3
4,395,KNN por nota,0,3.7,1.4
4,396,KNN por nota,0,5.0,1.4
4,397,KNN por nota,0,2.7,1.2
4,398,KNN por nota,0,2.8,1.5
4,399,KNN por nota,0,2.4,1.0
4,401,KNN por nota,0,4.1,1.7
4,402,KNN por nota,0,3.8,2.0
4,403,KNN por nota,0,5.4,1.1
4,404,KNN por nota,0,6.1,1.8
4,405,KNN por nota,0,4.2,1.5
4,406,KNN por nota,0,3.7,2.5
4,407,KNN por nota,0,2.6,1.1
4,408,KNN por nota,0,3.6,2.2
4,409,KNN por nota,0,2.4,1.1
4,411,KNN por nota,0,2.7,1.0
4,412,KNN por nota,0,3.0,1.4
4,413,KNN por nota,0,2.9,1.6
4,414,KNN por nota,0,4.4,2.0
4,415,KNN por nota,0,2.8,1.2
4,416,KNN por nota,0,3.7,1.1
4,417,KNN por nota,0,2.7,1.1
4,419,KNN por nota,0,3.1,1.6
4,420,KNN por nota,0,5.0,1.9
4,421,KNN por nota,0,3.0,1.1
4,422,KNN por nota,0,4.4,2.3
4,423,KNN por nota,0,4.2,1.7
4,424,KNN por nota,0,2.8,1.3
4,425,KNN por nota,0,3.2,1.5
4,426,KNN por nota,0,2.3,1.1
4,427,KNN por nota,0,4.6,1.6
4,428,KNN por nota,0,4.3,1.4
4,429,KNN por nota,0,2.3,1.3
4,430,KNN por nota,0,3.5,1.5
4,431,KNN por nota,0,10.1,2.4
4,432,KNN por nota,0,6.1,1.4
4,433,KNN por nota,0,3.3,1.4
4,434,KNN por nota,0,6.4,1.5
4,435,KNN por nota,0,3.1,1.5
4,436,KNN por nota,0,4.8,1.8
4,437,KNN por nota,0,2.9,1.3
4,438,KNN por nota,0,3.5,1.2
4,439,KNN por nota,0,3.3,1.2
4,440,KNN por nota,0,6.7,2.3
4,441,KNN por nota,0,3.8,1.2
4,442,KNN por nota,0,3.4,1.5
4,443,KNN por nota,0,10.8,2.8
4,444,KNN por nota,0,5.4,2.4
4,445,KNN por nota,0,3.0,1.7
4,446,KNN por nota,0,4.0,1.8
4,447,KNN por nota,0,3.1,1.4
4,448,KNN por nota,0,5.5,1.8
4,449,KNN por nota,0,3.1,1.7
4,450,KNN por nota,0,2.5,1.1
4,451,KNN por nota,0,18.0,5.1
4,452,KNN por nota,0,2.3,1.2
4,453,KNN por nota,0,3.1,1.4
4,454,KNN por nota,0,4.3,1.6
4,455,KNN por nota,0,2.7,1.2
4,456,KNN por nota,0,3.0,1.2
4,457,KNN por nota,0,1.9,1.3
4,458,KNN por nota,0,3.8,1.8
4,459,KNN por nota,0,4.2,1.3
4,460,KNN por nota,0,3.2,1.4
4,461,KNN por nota,0,4.0,1.7
4,462,KNN por nota,0,5.1,1.3
4,463,KNN por nota,0,5.7,2.3
4,464,KNN por nota,0,3.2,1.4
4,465,KNN por nota,0,4.6,1.8
4,466,KNN por nota,0,3.8,1.7
4,467,KNN por nota,0,4.0,1.5
4,468,KNN por nota,0,2.9,1.2
4,469,KNN por nota,0,8.0,2.6
4,470,KNN por nota,0,3.9,1.1
4,471,KNN por nota,0,4.4,1.7
4,472,KNN por nota,0,3.4,1.4
4,473,KNN por nota,0,3.7,1.4
4,474,KNN por nota,0,2.9,1.8
4,476,KNN por nota,0,3.7,1.2
4,477,KNN por nota,0,5.4,1.9
4,478,KNN por nota,0,3.0,1.4
4,479,KNN por nota,0,2.9,1.3
4,480,KNN por nota,0,3.3,1.1
4,481,KNN por nota,0,4.0,1.9
4,482,KNN por nota,0,3.4,1.2
4,483,KNN por nota,0,4.6,1.0
4,484,KNN por nota,0,2.8,1.2
4,485,KNN por nota,0,3.9,1.4
4,486,KNN por nota,0,4.1,1.8
4,487,KNN por nota,0,4.3,1.7
4,488,KNN por nota,0,4.5,1.5
4,489,KNN por nota,0,7.9,2.7
4,490,KNN por nota,0,3.0,1.4
4,491,KNN por nota,0,3.6,1.8
4,492,KNN por nota,0,2.7,1.4
4,493,KNN por nota,0,3.8,1.4
4,494,KNN por nota,0,3.9,1.3
4,495,KNN por nota,0,3.1,1.4
4,496,KNN por nota,0,3.1,1.6
4,497,KNN por nota,0,2.7,1.4
4,498,KNN por nota,0,2.9,1.5
4,499,KNN por nota,0,2.3,1.1
4,500,KNN por nota,0,2.7,1.7
4,501,KNN por nota,0,3.1,1.4
4,502,KNN por nota,0,6.2,1.8
4,503,KNN por nota,0,2.5,1.2
4,504,KNN por nota,0,2.6,1.1
4,505,KNN por nota,0,5.1,1.6
4,506,KNN por nota,0,2.9,1.8
4,507,KNN por nota,0,6.1,2.2
4,508,KNN por nota,0,3.4,1.5
4,510,KNN por nota,0,7.7,1.4
4,511,KNN por nota,0,11.9,2.8
4,512,KNN por nota,0,6.4,2.2
4,513,KNN por nota,0,3.8,1.8
4,514,KNN por nota,0,3.6,1.6
4,515,KNN por nota,0,5.1,1.8
4,516,KNN por nota,0,2.6,1.0
4,518,KNN por nota,0,5.3,1.2
4,519,KNN por nota,0,8.5,1.9
4,520,KNN por nota,0,4.3,1.7
4,521,KNN por nota,0,3.3,1.3
4,522,KNN por nota,0,4.0,1.3
4,523,KNN por nota,0,2.8,1.6
4,524,KNN por nota,0,2.8,1.3
4,525,KNN por nota,0,3.7,1.2
4,526,KNN por nota,0,5.0,2.0
4,527,KNN por nota,0,2.2,1.7
4,528,KNN por nota,0,2.2,1.2
4,529,KNN por nota,0,4.5,1.5
4,530,KNN por nota,0,6.8,1.8
4,531,KNN por nota,0,7.6,2.0
4,532,KNN por nota,0,3.4,1.0
4,533,KNN por nota,0,2.6,1.2
4,534,KNN por nota,0,5.6,1.3
4,535,KNN por nota,0,2.2,1.5
4,536,KNN por nota,0,2.6,1.1
4,537,KNN por nota,0,3.0,1.7
4,538,KNN por nota,0,3.1,1.5
4,539,KNN por nota,0,3.8,1.4
4,540,KNN por nota,0,4.4,1.9
4,541,KNN por nota,0,1.8,1.3
4,542,KNN por nota,0,2.9,1.4
4,543,KNN por nota,0,3.0,1.4
4,544,KNN por nota,0,4.1,1.4
4,545,KNN por nota,0,4.7,1.4
4,546,KNN por nota,0,3.7,1.5
4,547,KNN por nota,0,3.8,1.2
4,548,KNN por nota,0,3.7,1.6
4,549,KNN por nota,0,5.5,1.4
4,550,KNN por nota,0,4.9,1.5
4,551,KNN por nota,0,3.7,1.4
4,552,KNN por nota,0,4.4,1.5
4,553,KNN por nota,0,3.4,1.5
4,554,KNN por nota,0,3.0,1.4
4,555,KNN por nota,0,4.3,1.3
4,556,KNN por nota,0,3.1,1.3
4,557,KNN por nota,0,3.2,1.2
4,558,KNN por nota,0,4.0,1.4
4,559,KNN por nota,0,3.5,1.5
4,560,KNN por nota,0,2.4,1.5
4,561,KNN por nota,0,3.6,1.5
4,562,KNN por nota,0,4.8,2.0
4,563,KNN por nota,0,17.6,6.4
4,564,KNN por nota,0,5.2,1.5
4,565,KNN por nota,0,4.4,1.5
4,566,KNN por nota,0,3.0,1.7
4,567,KNN por nota,0,3.8,2.0
4,568,KNN por nota,0,2.6,1.4
4,569,KNN por nota,0,6.0,1.5
4,570,KNN por nota,0,4.6,1.5
4,571,KNN por nota,0,2.6,1.2
4,572,KNN por nota,0,4.5,1.5
4,573,KNN por nota,0,2.9,1.3
4,574,KNN por nota,0,4.1,1.4
4,575,KNN por nota,0,2.8,1.2
4,576,KNN por nota,0,5.0,1.6
4,577,KNN por nota,0,2.8,1.1
4,578,KNN por nota,0,9.0,2.3
4,579,KNN por nota,0,3.1,1.7
4,580,KNN por nota,0,4.5,1.6
4,581,KNN por nota,0,2.9,1.3
4,582,KNN por nota,0,4.3,2.2
4,583,KNN por nota,0,3.1,1.7
4,584,KNN por nota,0,4.5,1.5
4,585,KNN por nota,0,3.0,1.2
4,586,KNN por nota,0,6.3,1.6
4,587,KNN por nota,0,16.9,5.3
4,588,KNN por nota,0,2.6,1.0
4,589,KNN por nota,0,8.3,1.8
4,590,KNN por nota,0,3.4,1.3
4,591,KNN por nota,0,2.4,1.1
4,592,KNN por nota,0,2.3,1.4
4,593,KNN por nota,0,3.2,1.6
4,594,KNN por nota,0,4.3,1.6
4,595,KNN por nota,0,4.2,1.9
4,596,KNN por nota,0,4.5,1.4
4,597,KNN por nota,0,5.5,1.7
4,599,KNN por nota,0,3.8,1.5
4,600,KNN por nota,0,4.5,2.1
4,601,KNN por nota,0,2.9,1.3
4,602,KNN por nota,0,5.9,1.9
4,603,KNN por nota,0,3.0,1.1
4,604,KNN por nota,0,3.9,1.6
4,605,KNN por nota,0,2.5,1.3
4,606,KNN por nota,0,2.6,1.2
4,607,KNN por nota,0,2.5,1.2
4,608,KNN por nota,0,3.5,1.6
4,609,KNN por nota,0,3.9,1.7
4,610,KNN por nota,0,2.7,1.2
4,611,KNN por nota,0,6.5,2.1
4,612,KNN por nota,0,4.3,1.7
4,613,KNN por nota,0,4.4,1.5
4,614,KNN por nota,0,2.8,1.4
4,615,KNN por nota,0,2.2,1.2
4,616,KNN por nota,0,8.0,1.9
4,617,KNN por nota,0,2.9,1.4
4,618,KNN por nota,0,3.0,1.1
4,619,KNN por nota,0,5.5,2.3
4,620,KNN por nota,0,3.5,1.4
4,621,KNN por nota,0,3.2,1.7
4,622,KNN por nota,0,2.7,1.4
4,623,KNN por nota,0,3.0,1.2
4,624,KNN por nota,0,4.4,1.7
4,625,KNN por nota,0,2.9,1.4
4,626,KNN por nota,0,15.7,5.4
4,627,KNN por nota,0,3.5,1.7
4,628,KNN por nota,0,9.1,1.9
4,629,KNN por nota,0,3.3,1.8
4,630,KNN por nota,0,3.8,1.4
4,631,KNN por nota,0,7.9,2.1
4,632,KNN por nota,0,2.6,1.0
4,633,KNN por nota,0,3.1,1.1
4,634,KNN por nota,0,5.9,2.1
4,635,KNN por nota,0,8.0,2.0
4,636,KNN por nota,0,3.6,1.3
4,637,KNN por nota,0,4.6,1.3
4,638,KNN por nota,0,4.1,1.3
4,639,KNN por nota,0,4.0,1.2
4,640,KNN por nota,0,3.7,1.5
4,641,KNN por nota,0,3.8,1.3
4,642,KNN por nota,0,4.5,1.0
4,643,KNN por nota,0,2.9,1.1
4,644,KNN por nota,0,4.8,1.3
4,645,KNN por nota,0,2.8,1.5
4,646,KNN por nota,0,3.2,1.3
4,647,KNN por nota,0,3.2,1.2
4,648,KNN por nota,0,3.4,1.4
4,649,KNN por nota,0,8.8,2.3
4,650,KNN por nota,0,2.4,1.0
4,651,KNN por nota,0,4.1,2.1
4,652,KNN por nota,0,4.6,1.3
4,653,KNN por nota,0,4.6,1.6
4,654,KNN por nota,0,4.6,1.4
4,655,KNN por nota,0,2.3,1.1
4,656,KNN por nota,0,4.3,1.3
4,657,KNN por nota,0,7.6,2.4
4,658,KNN por nota,0,1.9,1.1
4,659,KNN por nota,0,2.9,1.4
4,660,KNN por nota,0,2.6,1.4
4,661,KNN por nota,0,2.7,1.2
4,662,KNN por nota,0,3.8,1.1
4,663,KNN por nota,0,3.8,1.3
4,664,KNN por nota,0,2.5,1.3
4,665,KNN por nota,0,3.8,1.2
4,666,KNN por nota,0,3.5,1.6
4,667,KNN por nota,0,3.0,1.7
4,668,KNN por nota,0,4.7,1.9
4,669,KNN por nota,0,2.7,1.3
4,670,KNN por nota,0,4.6,1.9
4,671,KNN por nota,0,4.8,1.3
4,672,KNN por nota,0,3.7,1.4
4,673,KNN por nota,0,4.5,1.7
4,674,KNN por nota,0,5.9,1.4
4,675,KNN por nota,0,4.9,2.2
4,676,KNN por nota,0,3.6,1.4
4,677,KNN por nota,0,4.3,2.3
4,678,KNN por nota,0,4.3,1.6
4,679,KNN por nota,0,3.1,1.0
4,680,KNN por nota,0,3.3,1.6
4,681,KNN por nota,0,3.7,1.6
4,682,KNN por nota,0,3.9,1.5
4,683,KNN por nota,0,4.3,1.6
4,684,KNN por nota,0,6.8,2.3
4,686,KNN por nota,0,2.5,1.4
4,687,KNN por nota,0,5.3,1.1
4,688,KNN por nota,0,10.2,3.0
4,689,KNN por nota,0,3.9,1.2
4,690,KNN por nota,0,3.8,1.6
4,691,KNN por nota,0,5.0,2.2
4,692,KNN por nota,0,4.6,1.5
4,693,KNN por nota,0,4.2,2.7
4,694,KNN por nota,0,3.0,1.7
4,695,KNN por nota,0,5.3,1.7
4,696,KNN por nota,0,3.5,1.9
4,697,KNN por nota,0,4.5,1.2
4,698,KNN por nota,0,3.3,1.2
4,699,KNN por nota,0,3.7,1.5
4,700,KNN por nota,0,4.8,1.2
4,701,KNN por nota,0,4.2,1.4
4,702,KNN por nota,0,3.5,1.3
4,703,KNN por nota,0,2.9,1.1
4,704,KNN por nota,0,2.5,1.3
4,705,KNN por nota,0,8.2,2.0
4,706,KNN por nota,0,6.5,1.4
4,707,KNN por nota,0,1.9,1.7
4,708,KNN por nota,0,4.8,1.3
4,709,KNN por nota,0,2.7,1.3
4,710,KNN por nota,0,2.7,1.2
4,711,KNN por nota,0,2.1,1.4
4,712,KNN por nota,0,5.0,1.2
4,713,KNN por nota,0,4.5,2.7
4,714,KNN por nota,0,6.1,1.0
4,715,KNN por nota,0,3.3,1.2
4,716,KNN por nota,0,3.0,1.9
4,717,KNN por nota,0,5.6,1.3
4,718,KNN por nota,0,5.8,1.0
4,719,KNN por nota,0,3.0,1.0
4,720,KNN por nota,0,4.0,2.3
4,721,KNN por nota,0,4.3,1.3
4,722,KNN por nota,0,3.2,1.1
4,723,KNN por nota,0,2.5,1.0
4,724,KNN por nota,1,22.9,9.9
4,725,KNN por nota,0,5.7,1.9
4,726,KNN por nota,0,7.0,1.5
4,727,KNN por nota,0,2.5,1.5
4,728,KNN por nota,0,6.2,1.5
4,729,KNN por nota,0,4.6,1.7
4,730,KNN por nota,0,3.3,1.3
4,731,KNN por nota,0,3.6,1.4
4,732,KNN por nota,0,4.8,1.4
4,733,KNN por nota,0,3.3,1.3
4,734,KNN por nota,0,4.4,1.7
4,735,KNN por nota,0,6.9,1.9
4,736,KNN por nota,0,5.9,1.7
4,737,KNN por nota,0,2.8,1.7
4,738,KNN por nota,0,2.7,1.2
4,739,KNN por nota,0,4.6,1.0
4,740,KNN por nota,0,3.6,1.8
4,741,KNN por nota,0,2.8,1.4
4,742,KNN por nota,0,3.9,1.9
4,743,KNN por nota,0,3.6,1.6
4,744,KNN por nota,0,3.1,1.5
4,745,KNN por nota,0,3.1,1.8
4,746,KNN por nota,0,3.8,1.3
4,747,KNN por nota,0,2.6,1.2
4,748,KNN por nota,0,3.9,1.0
4,749,KNN por nota,0,2.9,1.4
4,750,KNN por nota,0,7.5,2.9
4,751,KNN por nota,0,2.5,1.2
4,752,KNN por nota,0,5.7,2.2
4,753,KNN por nota,0,3.1,1.2
4,754,KNN por nota,0,3.0,1.4
4,755,KNN por nota,0,6.9,1.7
4,756,KNN por nota,0,2.2,1.3
4,757,KNN por nota,0,3.9,1.9
4,758,KNN por nota,0,3.2,1.7
4,759,KNN por nota,0,8.4,1.7
4,760,KNN por nota,0,5.5,1.4
4,761,KNN por nota,0,6.3,1.6
4,762,KNN por nota,0,5.1,2.2
4,763,KNN por nota,0,2.5,1.8
4,764,KNN por nota,0,2.3,1.3
4,765,KNN por nota,0,4.3,1.4
4,766,KNN por nota,0,3.0,1.4
4,767,KNN por nota,0,5.5,1.7
4,768,KNN por nota,0,4.2,1.9
4,769,KNN por nota,0,5.5,2.0
4,770,KNN por nota,0,4.2,1.3
4,771,KNN por nota,0,3.2,1.1
4,772,KNN por nota,0,7.7,1.9
4,773,KNN por nota,1,2.6,1.4
4,774,KNN por nota,0,2.8,1.4
4,775,KNN por nota,0,6.0,1.5
4,776,KNN por nota,0,3.2,1.6
4,777,KNN por nota,0,4.3,1.3
4,778,KNN por nota,0,3.7,1.7
4,779,KNN por nota,0,3.9,1.2
4,780,KNN por nota,0,2.9,1.2
4,781,KNN por nota,0,2.8,1.2
4,782,KNN por nota,0,10.0,2.4
4,783,KNN por nota,0,5.5,1.9
4,784,KNN por nota,0,5.1,1.7
4,785,KNN por nota,0,3.7,1.2
4,786,KNN por nota,0,2.8,1.2
4,787,KNN por nota,0,6.5,1.9
4,788,KNN por nota,0,2.8,1.6
4,789,KNN por nota,0,4.3,1.2
4,790,KNN por nota,0,3.5,1.5
4,791,KNN por nota,0,4.1,1.6
4,792,KNN por nota,0,5.1,1.7
4,793,KNN por nota,0,5.2,1.9
4,794,KNN por nota,0,4.7,2.0
4,795,KNN por nota,0,2.4,1.2
4,796,KNN por nota,0,4.3,1.3
4,797,KNN por nota,0,3.5,1.2
4,798,KNN por nota,0,3.0,1.5
4,799,KNN por nota,0,4.2,1.5
4,800,KNN por nota,0,4.5,1.9
4,801,KNN por nota,0,39.1,12.1
4,802,KNN por nota,0,5.7,1.9
4,803,KNN por nota,0,7.2,2.6
4,804,KNN por nota,0,2.3,1.0
4,805,KNN por nota,0,3.0,1.5
4,806,KNN por nota,0,2.6,1.1
4,807,KNN por nota,0,3.9,1.2
4,808,KNN por nota,0,5.3,2.3
4,809,KNN por nota,0,4.0,1.3
4,810,KNN por nota,0,12.4,4.2
4,811,KNN por nota,0,10.0,2.8
4,812,KNN por nota,0,14.2,1.4
4,813,KNN por nota,0,5.8,2.1
4,814,KNN por nota,0,8.1,3.8
4,815,KNN por nota,0,2.7,1.1
4,816,KNN por nota,0,6.1,2.4
4,817,KNN por nota,0,5.0,1.9
4,818,KNN por nota,0,4.6,1.8
4,819,KNN por nota,0,4.6,1.6
4,820,KNN por nota,0,8.2,2.3
4,821,KNN por nota,0,2.7,1.0
4,822,KNN por nota,0,2.9,1.0
4,823,KNN por nota,0,3.1,1.5
4,824,KNN por nota,0,6.2,2.0
4,825,KNN por nota,0,4.6,1.3
4,826,KNN por nota,0,2.9,1.2
4,827,KNN por nota,0,12.7,3.8
4,828,KNN por nota,0,3.3,1.4
4,829,KNN por nota,0,2.5,1.6
4,830,KNN por nota,0,3.3,1.4
4,831,KNN por nota,0,4.0,1.7
4,832,KNN por nota,0,9.9,3.1
4,833,KNN por nota,0,3.1,1.6
4,834,KNN por nota,0,3.4,1.5
4,835,KNN por nota,0,3.5,1.4
4,836,KNN por nota,0,3.4,1.4
4,837,KNN por nota,0,6.5,2.2
4,838,KNN por nota,0,3.2,1.1
4,839,KNN por nota,0,3.7,1.0
4,840,KNN por nota,0,2.6,1.4
4,841,KNN por nota,0,9.5,2.0
4,842,KNN por nota,0,5.0,1.5
4,843,KNN por nota,0,3.9,1.5
4,844,KNN por nota,0,4.1,1.3
4,845,KNN por nota,0,2.9,1.1
4,846,KNN por nota,0,2.7,1.3
4,847,KNN por nota,0,3.8,1.5
4,848,KNN por nota,0,3.8,1.2
4,849,KNN por nota,0,4.7,2.4
4,850,KNN por nota,0,8.6,1.7
4,851,KNN por nota,0,8.6,3.7
4,852,KNN por nota,0,3.9,1.5
4,853,KNN por nota,0,3.5,1.8
4,854,KNN por nota,0,2.4,1.2
4,855,KNN por nota,0,7.6,1.7
4,856,KNN por nota,0,5.1,1.7
4,857,KNN por nota,0,12.0,1.8
4,858,KNN por nota,0,4.5,1.9
4,859,KNN por nota,0,5.5,1.7
4,860,KNN por nota,0,4.4,2.0
4,861,KNN por nota,0,3.7,1.6
4,862,KNN por nota,0,3.1,1.7
4,863,KNN por nota,0,4.5,1.2
4,864,KNN por nota,0,2.4,1.1
4,865,KNN por nota,0,3.0,1.2
4,866,KNN por nota,0,3.7,1.7
4,867,KNN por nota,0,3.9,1.5
4,868,KNN por nota,0,3.7,1.5
4,869,KNN por nota,0,3.6,1.4
4,870,KNN por nota,0,2.5,1.1
4,871,KNN por nota,0,2.1,1.3
4,872,KNN por nota,0,3.5,1.0
4,873,KNN por nota,0,4.0,1.3
4,874,KNN por nota,0,2.1,1.3
4,875,KNN por nota,0,3.3,1.4
4,876,KNN por nota,0,3.1,1.5
4,877,KNN por nota,0,4.4,1.5
4,878,KNN por nota,0,3.4,1.6
4,879,KNN por nota,0,8.8,1.8
4,880,KNN por nota,0,2.7,1.2
4,881,KNN por nota,0,3.2,1.5
4,882,KNN por nota,0,2.7,1.3
4,883,KNN por nota,0,2.9,1.6
4,884,KNN por nota,0,3.5,1.2
4,885,KNN por nota,0,3.6,1.3
4,886,KNN por nota,0,8.1,3.6
4,887,KNN por nota,0,4.6,1.7
4,888,KNN por nota,0,4.3,1.6
4,889,KNN por nota,0,2.7,1.2
4,890,KNN por nota,0,3.4,1.5
4,891,KNN por nota,0,3.0,1.6
4,892,KNN por nota,0,3.4,1.2
4,893,KNN por nota,0,5.2,1.2
4,894,KNN por nota,0,3.7,1.7
4,895,KNN por nota,0,3.9,2.0
4,896,KNN por nota,0,2.9,1.8
4,897,KNN por nota,0,2.7,1.6
4,898,KNN por nota,0,5.2,1.8
4,899,KNN por nota,0,3.3,1.9
4,900,KNN por nota,0,3.5,1.2
4,901,KNN por nota,0,5.0,1.6
4,902,KNN por nota,0,3.0,1.5
4,903,KNN por nota,0,2.7,1.5
4,904,KNN por nota,0,6.3,2.4
4,905,KNN por nota,0,3.5,1.4
4,906,KNN por nota,0,3.4,1.6
4,907,KNN por nota,0,4.8,1.2
4,908,KNN por nota,0,4.2,1.2
4,909,KNN por nota,0,3.9,1.8
4,910,KNN por nota,0,2.6,1.0
4,911,KNN por nota,0,2.3,1.3
4,912,KNN por nota,0,2.7,1.5
4,913,KNN por nota,0,3.8,1.7
4,914,KNN por nota,0,3.5,1.4
4,915,KNN por nota,0,4.0,1.4
4,916,KNN por nota,0,3.3,2.2
4,917,KNN por nota,0,5.9,1.6
4,918,KNN por nota,0,4.4,2.2
4,919,KNN por nota,0,3.7,1.6
4,920,KNN por nota,0,8.3,1.7
4,921,KNN por nota,0,3.5,1.5
4,922,KNN por nota,0,3.5,1.2
4,923,KNN por nota,0,3.1,1.4
4,924,KNN por nota,0,2.7,1.3
4,925,KNN por nota,0,14.4,6.3
4,926,KNN por nota,0,4.2,1.4
4,927,KNN por nota,0,3.6,1.5
4,928,KNN por nota,0,2.8,1.1
4,929,KNN por nota,0,3.0,1.2
4,930,KNN por nota,0,4.8,1.3
4,931,KNN por nota,0,5.5,1.6
4,932,KNN por nota,0,3.2,1.3
4,933,KNN por nota,0,2.9,1.1
4,934,KNN por nota,0,6.7,2.4
4,935,KNN por nota,0,5.3,1.4
4,936,KNN por nota,0,3.4,1.2
4,937,KNN por nota,0,3.5,1.2
4,938,KNN por nota,0,4.8,1.9
4,939,KNN por nota,0,4.4,2.2
4,940,KNN por nota,0,2.6,1.2
4,941,KNN por nota,0,3.7,1.1
4,942,KNN por nota,0,2.4,1.2
4,943,KNN por nota,0,4.1,1.2
4,1,KNN por soma,2,209.0,113.8
4,2,KNN por soma,1,245.3,93.8
4,3,KNN por soma,0,311.9,111.6
4,4,KNN por soma,0,281.2,97.5
4,5,KNN por soma,1,261.1,148.8
4,6,KNN por soma,4,170.5,101.9
4,7,KNN por soma,6,198.3,107.3
4,8,KNN por soma,0,252.7,134.0
4,9,KNN por soma,1,306.7,110.3
4,10,KNN por soma,3,204.8,133.6
4,11,KNN por soma,1,291.1,149.5
4,12,KNN por soma,0,248.3,119.9
4,13,KNN por soma,7,198.3,119.8
4,14,KNN por soma,0,189.3,94.4
4,15,KNN por soma,0,286.5,104.5
4,16,KNN por soma,1,286.0,151.0
4,17,KNN por soma,0,290.2,111.1
4,18,KNN por soma,3,206.5,110.6
4,19,KNN por soma,0,283.2,113.2
4,20,KNN por soma,0,234.7,94.9
4,21,KNN por soma,0,250.3,116.6
4,22,KNN por soma,2,300.3,161.7
4,23,KNN por soma,2,224.5,134.2
4,24,KNN por soma,0,257.5,131.9
4,25,KNN por soma,1,256.1,116.0
4,26,KNN por soma,0,256.2,105.7
4,28,KNN por soma,0,259.9,140.3
4,29,KNN por soma,0,310.5,114.3
4,30,KNN por soma,0,275.8,120.5
4,31,KNN por soma,0,254.1,115.1
4,32,KNN por soma,0,292.7,108.0
4,33,KNN por soma,0,288.2,93.9
4,35,KNN por soma,1,287.4,97.7
4,36,KNN por soma,0,279.2,95.9
4,37,KNN por soma,0,271.1,142.0
4,38,KNN por soma,0,275.7,114.5
4,41,KNN por soma,1,236.4,130.2
4,42,KNN por soma,2,264.5,139.3
4,43,KNN por soma,2,246.9,129.9
4,44,KNN por soma,3,246.9,140.5
4,45,KNN por soma,1,302.6,123.5
4,46,KNN por soma,0,246.4,89.7
4,47,KNN por soma,1,283.4,93.8
4,48,KNN por soma,0,249.5,144.9
4,49,KNN por soma,0,213.2,118.7
4,50,KNN por soma,0,324.8,112.2
4,51,KNN por soma,2,301.6,156.8
4,52,KNN por soma,0,286.8,141.0
4,54,KNN por soma,0,268.9,103.9
4,56,KNN por soma,1,264.9,125.6
4,57,KNN por soma,1,292.1,141.2
4,58,KNN por soma,2,198.4,107.8
4,59,KNN por soma,4,172.2,104.3
4,60,KNN por soma,4,212.8,128.2
4,61,KNN por soma,0,273.6,96.8
4,62,KNN por soma,3,205.5,116.8
4,63,KNN por soma,0,266.7,106.7
4,64,KNN por soma,3,200.1,126.2
4,65,KNN por soma,1,266.8,129.6
4,66,KNN por soma,0,283.0,112.5
4,68,KNN por soma,2,305.5,126.4
4,69,KNN por soma,1,249.5,116.8
4,70,KNN por soma,1,279.0,160.6
4,71,KNN por soma,0,209.5,99.9
4,72,KNN por soma,0,192.1,110.6
4,73,KNN por soma,0,246.2,136.3
4,74,KNN por soma,1,276.6,89.1
4,75,KNN por soma,0,305.3,141.3
4,76,KNN por soma,0,265.3,139.4
4,77,KNN por soma,1,206.5,117.8
4,79,KNN por soma,0,249.2,94.3
4,80,KNN por soma,1,256.0,115.4
4,81,KNN por soma,0,291.7,141.0
4,82,KNN por soma,2,280.7,162.8
4,83,KNN por soma,2,263.1,128.3
4,84,KNN por soma,2,305.1,146.5
4,85,KNN por soma,2,181.0,106.1
4,87,KNN por soma,1,248.6,152.4
4,89,KNN por soma,0,261.2,119.4
4,90,KNN por soma,2,211.3,116.3
4,91,KNN por soma,1,277.6,137.0
4,92,KNN por soma,3,229.5,117.2
4,94,KNN por soma,4,190.4,120.3
4,95,KNN por soma,1,253.7,128.3
4,96,KNN por soma,0,226.9,118.8
4,97,KNN por soma,1,272.1,126.7
4,98,KNN por soma,0,270.3,96.8
4,99,KNN por soma,1,242.1,127.7
4,101,KNN por soma,0,295.9,116.2
4,102,KNN por soma,0,228.8,125.0
4,103,KNN por soma,0,262.0,128.2
4,105,KNN por soma,1,284.4,93.1
4,106,KNN por soma,0,312.8,164.7
4,108,KNN por soma,0,231.9,102.1
4,109,KNN por soma,2,193.0,96.7
4,110,KNN por soma,0,304.7,128.4
4,111,KNN por soma,0,316.8,97.8
4,112,KNN por soma,1,329.0,110.1
4,113,KNN por soma,1,287.9,94.8
4,115,KNN por soma,0,202.1,113.5
4,116,KNN por soma,1,277.7,121.7
4,117,KNN por soma,1,263.0,129.5
4,118,KNN por soma,1,267.6,155.2
4,119,KNN por soma,1,252.3,121.9
4,120,KNN por soma,1,305.5,122.8
4,121,KNN por soma,3,255.6,135.0
4,122,KNN por soma,1,288.0,126.1
4,123,KNN por soma,0,223.0,106.5
4,125,KNN por soma,1,229.6,132.0
4,126,KNN por soma,0,317.8,102.7
4,127,KNN por soma,2,318.0,104.3
4,128,KNN por soma,1,247.1,129.9
4,129,KNN por soma,0,243.6,81.8
4,130,KNN por soma,2,231.7,109.9
4,131,KNN por soma,0,276.0,89.3
4,133,KNN por soma,0,341.8,112.6
4,134,KNN por soma,0,292.8,94.9
4,135,KNN por soma,0,296.2,160.7
4,137,KNN por soma,1,262.5,119.5
4,138,KNN por soma,0,249.6,141.0
4,141,KNN por soma,0,259.8,86.2
4,142,KNN por soma,0,319.3,127.9
4,143,KNN por soma,1,309.8,108.5
4,144,KNN por soma,4,259.6,143.6
4,145,KNN por soma,1,252.7,134.6
4,146,KNN por soma,1,287.4,95.2
4,148,KNN por soma,1,253.6,120.1
4,149,KNN por soma,1,267.5,91.4
4,150,KNN por soma,0,286.5,105.9
4,151,KNN por soma,3,226.3,124.3
4,152,KNN por soma,0,312.1,131.0
4,153,KNN por soma,0,237.0,103.5
4,154,KNN por soma,0,267.4,141.5
4,155,KNN por soma,0,297.0,101.3
4,156,KNN por soma,0,249.1,128.8
4,158,KNN por soma,3,249.8,148.6
4,159,KNN por soma,0,321.9,111.3
4,160,KNN por soma,0,235.5,123.2
4,163,KNN por soma,0,299.3,137.8
4,164,KNN por soma,0,291.9,103.2
4,165,KNN por soma,2,315.8,131.6
4,167,KNN por soma,0,288.0,156.8
4,168,KNN por soma,1,312.4,115.0
4,169,KNN por soma,0,250.4,112.3
4,170,KNN por soma,0,284.5,89.8
4,171,KNN por soma,0,325.4,106.4
4,172,KNN por soma,0,290.2,137.7
4,173,KNN por soma,0,289.6,91.6
4,174,KNN por soma,0,273.8,138.3
4,175,KNN por soma,0,245.8,131.9
4,176,KNN por soma,0,270.3,108.0
4,177,KNN por soma,3,218.9,123.6
4,178,KNN por soma,4,211.0,104.7
4,179,KNN por soma,0,302.7,88.5
4,180,KNN por soma,1,284.1,138.4
4,181,KNN por soma,0,296.3,95.2
4,182,KNN por soma,0,251.5,120.2
4,183,KNN por soma,0,286.8,130.8
4,184,KNN por soma,1,209.1,118.4
4,185,KNN por soma,1,288.4,129.3
4,186,KNN por soma,0,298.4,124.7
4,187,KNN por soma,1,284.3,142.5
4,188,KNN por soma,1,223.8,134.6
4,189,KNN por soma,2,215.4,133.1
4,190,KNN por soma,1,343.8,111.6
4,191,KNN por soma,1,305.4,105.2
4,192,KNN por soma,1,276.5,114.8
4,193,KNN por soma,0,274.8,119.3
4,194,KNN por soma,3,197.9,123.0
4,195,KNN por soma,0,283.6,143.1
4,196,KNN por soma,0,290.1,117.4
4,197,KNN por soma,0,237.6,126.9
4,198,KNN por soma,2,212.7,123.6
4,199,KNN por soma,0,267.3,102.9
4,200,KNN por soma,4,289.6,161.0
4,201,KNN por soma,4,193.3,117.2
4,203,KNN por soma,0,270.5,99.0
4,205,KNN por soma,0,303.8,102.9
4,207,KNN por soma,1,214.0,123.4
4,209,KNN por soma,0,284.4,111.8
4,210,KNN por soma,4,271.1,160.4
4,211,KNN por soma,0,288.4,121.4
4,212,KNN por soma,0,288.7,111.1
4,213,KNN por soma,2,213.5,129.2
4,214,KNN por soma,2,187.1,98.7
4,215,KNN por soma,3,248.6,140.4
4,216,KNN por soma,0,229.1,137.5
4,217,KNN por soma,0,273.9,123.4
4,218,KNN por soma,1,269.0,137.6
4,219,KNN por soma,0,306.3,132.4
4,221,KNN por soma,2,256.8,137.1
4,222,KNN por soma,4,269.3,130.0
4,223,KNN por soma,1,311.1,130.9
4,224,KNN por soma,0,307.6,131.3
4,225,KNN por soma,0,295.2,137.6
4,226,KNN por soma,0,286.6,136.4
4,227,KNN por soma,1,276.7,117.7
4,228,KNN por soma,0,292.4,103.7
4,229,KNN por soma,0,291.3,88.4
4,230,KNN por soma,2,249.0,122.1
4,231,KNN por soma,1,315.2,109.4
4,232,KNN por soma,1,230.0,118.3
4,233,KNN por soma,1,214.3,107.0
4,234,KNN por soma,1,158.1,95.5
4,235,KNN por soma,0,246.8,134.8
4,236,KNN por soma,0,185.7,106.4
4,237,KNN por soma,2,248.0,133.3
4,238,KNN por soma,0,298.7,97.6
4,239,KNN por soma,3,202.2,85.2
4,240,KNN por soma,0,300.2,99.3
4,242,KNN por soma,0,335.5,117.3
4,243,KNN por soma,0,286.7,137.2
4,244,KNN por soma,0,209.9,119.1
4,245,KNN por soma,1,301.8,119.7
4,246,KNN por soma,1,262.7,145.8
4,247,KNN por soma,0,267.0,107.3
4,248,KNN por soma,2,251.3,115.6
4,249,KNN por soma,4,226.4,122.0
4,250,KNN por soma,0,218.7,105.7
4,251,KNN por soma,0,266.6,141.8
4,252,KNN por soma,0,266.7,104.4
4,253,KNN por soma,0,256.2,147.2
4,254,KNN por soma,1,235.0,139.4
4,255,KNN por soma,0,298.7,126.1
4,256,KNN por soma,3,262.5,119.2
4,257,KNN por soma,0,248.3,98.9
4,258,KNN por soma,0,268.0,87.9
4,259,KNN por soma,1,304.3,152.9
4,260,KNN por soma,0,307.8,94.4
4,261,KNN por soma,0,316.2,103.0
4,262,KNN por soma,0,240.0,126.7
4,263,KNN por soma,1,220.1,127.2
4,264,KNN por soma,0,269.1,149.0
4,265,KNN por soma,0,299.8,105.0
4,267,KNN por soma,1,219.9,139.3
4,268,KNN por soma,4,247.6,146.5
4,269,KNN por soma,4,161.5,107.7
4,270,KNN por soma,0,272.6,128.7
4,271,KNN por soma,6,246.1,136.5
4,272,KNN por soma,2,246.4,138.9
4,274,KNN por soma,1,269.8,124.3
4,275,KNN por soma,1,271.5,150.5
4,276,KNN por soma,2,187.3,112.7
4,277,KNN por soma,1,277.7,100.4
4,279,KNN por soma,2,258.5,121.6
4,280,KNN por soma,0,207.5,114.6
4,281,KNN por soma,0,273.5,93.5
4,283,KNN por soma,0,278.8,152.3
4,285,KNN por soma,1,290.1,106.4
4,286,KNN por soma,0,216.4,111.6
4,287,KNN por soma,1,253.8,116.0
4,288,KNN por soma,1,245.4,112.8
4,289,KNN por soma,0,316.9,134.4
4,290,KNN por soma,1,254.9,138.4
4,291,KNN por soma,6,281.4,150.9
4,292,KNN por soma,1,210.6,131.8
4,293,KNN por soma,4,223.8,133.1
4,294,KNN por soma,0,283.2,118.9
4,295,KNN por soma,1,232.5,117.9
4,296,KNN por soma,1,222.6,126.6
4,297,KNN por soma,2,251.1,129.0
4,298,KNN por soma,4,266.5,147.7
4,299,KNN por soma,1,199.8,121.9
4,301,KNN por soma,1,177.9,96.5
4,303,KNN por soma,2,215.9,122.7
4,305,KNN por soma,1,179.0,106.0
4,306,KNN por soma,0,271.3,106.1
4,307,KNN por soma,1,227.9,126.5
4,308,KNN por soma,7,184.8,108.0
4,309,KNN por soma,0,292.2,101.1
4,311,KNN por soma,5,203.1,119.4
4,312,KNN por soma,2,249.7,122.9
4,313,KNN por soma,6,224.2,133.6
4,314,KNN por soma,1,325.6,145.2
4,315,KNN por soma,0,236.9,128.5
4,316,KNN por soma,2,246.4,99.0
4,317,KNN por soma,0,300.5,104.7
4,318,KNN por soma,1,257.4,146.0
4,319,KNN por soma,0,287.5,101.6
4,320,KNN por soma,0,258.7,132.1
4,321,KNN por soma,3,231.9,118.3
4,322,KNN por soma,1,239.1,118.8
4,323,KNN por soma,1,246.2,129.6
4,324,KNN por soma,0,291.2,101.1
4,325,KNN por soma,0,214.2,131.7
4,326,KNN por soma,4,224.9,123.4
4,327,KNN por soma,3,212.9,119.3
4,328,KNN por soma,3,242.5,145.6
4,329,KNN por soma,2,256.7,116.3
4,330,KNN por soma,2,242.8,126.0
4,331,KNN por soma,0,275.7,99.9
4,332,KNN por soma,1,250.7,129.3
4,333,KNN por soma,1,269.7,107.3
4,334,KNN por soma,1,165.1,103.9
4,336,KNN por soma,0,283.9,136.9
4,337,KNN por soma,0,288.7,126.8
4,338,KNN por soma,0,249.2,115.1
4,339,KNN por soma,2,164.2,93.9
4,340,KNN por soma,0,238.1,101.0
4,341,KNN por soma,0,323.2,115.8
4,342,KNN por soma,0,248.2,131.3
4,343,KNN por soma,1,230.3,131.0
4,344,KNN por soma,2,239.4,135.8
4,345,KNN por soma,0,220.2,120.1
4,346,KNN por soma,2,239.6,135.5
4,347,KNN por soma,3,236.6,122.6
4,348,KNN por soma,0,317.2,116.6
4,349,KNN por soma,0,287.0,125.4
4,350,KNN por soma,2,229.8,125.0
4,351,KNN por soma,0,270.6,91.2
4,354,KNN por soma,1,207.9,95.5
4,355,KNN por soma,0,317.3,112.8
4,356,KNN por soma,1,319.0,108.3
4,357,KNN por soma,0,325.7,132.2
4,358,KNN por soma,0,235.5,81.1
4,359,KNN por soma,0,309.7,127.1
4,360,KNN por soma,2,190.0,109.6
4,361,KNN por soma,1,239.2,140.5
4,362,KNN por soma,1,275.5,89.8
4,363,KNN por soma,3,199.9,118.4
4,365,KNN por soma,0,283.1,102.6
4,366,KNN por soma,0,293.0,128.1
4,367,KNN por soma,1,267.2,138.5
4,368,KNN por soma,1,258.3,133.0
4,369,KNN por soma,0,282.7,112.5
4,370,KNN por soma,2,232.0,112.1
4,371,KNN por soma,1,249.5,130.7
4,372,KNN por soma,0,270.9,104.4
4,373,KNN por soma,2,273.9,148.5
4,374,KNN por soma,2,238.6,109.8
4,376,KNN por soma,0,279.1,129.9
4,377,KNN por soma,0,296.2,117.2
4,378,KNN por soma,5,249.9,138.7
4,379,KNN por soma,4,210.8,135.6
4,380,KNN por soma,4,235.3,138.5
4,381,KNN por soma,0,267.2,152.6
4,382,KNN por soma,0,193.5,96.4
4,383,KNN por soma,1,264.6,130.5
4,384,KNN por soma,0,287.3,100.1
4,385,KNN por soma,4,199.6,108.0
4,386,KNN por soma,1,296.4,119.7
4,387,KNN por soma,5,227.8,130.3
4,388,KNN por soma,2,298.9,87.1
4,389,KNN por soma,3,194.6,134.7
4,390,KNN por soma,1,291.3,110.6
4,391,KNN por soma,2,204.7,114.1
4,392,KNN por soma,2,262.4,131.8
4,393,KNN por soma,3,264.1,118.9
4,394,KNN por soma,3,256.2,143.7
4,395,KNN por soma,2,267.5,140.0
4,396,KNN por soma,1,315.2,118.0
4,397,KNN por soma,2,245.7,141.2
4,398,KNN por soma,3,258.7,155.1
4,399,KNN por soma,0,227.9,108.1
4,401,KNN por soma,0,230.8,110.9
4,402,KNN por soma,1,266.4,126.4
4,403,KNN por soma,0,268.8,110.9
4,404,KNN por soma,1,283.0,93.6
4,405,KNN por soma,2,255.8,137.2
4,406,KNN por soma,4,166.6,102.8
4,407,KNN por soma,3,209.5,135.5
4,408,KNN por soma,1,276.0,93.4
4,409,KNN por soma,4,239.9,143.2
4,411,KNN por soma,0,240.4,135.2
4,412,KNN por soma,1,301.1,161.2
4,413,KNN por soma,0,269.8,93.2
4,414,KNN por soma,0,297.4,107.8
4,415,KNN por soma,0,282.4,128.5
4,416,KNN por soma,2,193.6,111.4
4,417,KNN por soma,1,227.9,134.6
4,419,KNN por soma,1,221.0,107.5
4,420,KNN por soma,2,263.4,102.3
4,421,KNN por soma,2,256.6,132.5
4,422,KNN por soma,0,261.6,103.8
4,423,KNN por soma,1,267.9,95.3
4,424,KNN por soma,1,282.8,95.9
4,425,KNN por soma,3,212.2,113.3
4,426,KNN por soma,2,217.1,113.7
4,427,KNN por soma,0,282.8,95.4
4,428,KNN por soma,2,325.8,109.1
4,429,KNN por soma,2,228.2,124.0
4,430,KNN por soma,0,245.0,122.3
4,431,KNN por soma,0,295.4,94.7
4,432,KNN por soma,0,274.6,105.1
4,433,KNN por soma,0,298.2,134.5
4,434,KNN por soma,0,336.6,111.6
4,435,KNN por soma,7,243.6,143.9
4,436,KNN por soma,1,283.9,125.7
4,437,KNN por soma,1,211.0,120.5
4,438,KNN por soma,1,305.8,112.2
4,439,KNN por soma,0,273.3,103.5
4,440,KNN por soma,0,302.2,108.3
4,441,KNN por soma,1,304.9,112.6
4,442,KNN por soma,3,273.6,149.9
4,443,KNN por soma,0,311.6,104.5
4,444,KNN por soma,1,275.7,104.4
4,445,KNN por soma,0,236.9,123.8
4,446,KNN por soma,0,307.7,105.4
4,447,KNN por soma,2,265.0,148.7
4,448,KNN por soma,1,254.6,91.8
4,449,KNN por soma,0,267.6,120.5
4,450,KNN por soma,8,255.1,141.0
4,451,KNN por soma,0,264.0,89.9
4,452,KNN por soma,4,277.0,144.4
4,453,KNN por soma,1,245.0,141.5
4,454,KNN por soma,2,214.7,100.8
4,455,KNN por soma,3,251.4,135.9
4,456,KNN por soma,2,223.0,133.2
4,457,KNN por soma,5,212.7,130.8
4,458,KNN por soma,4,211.8,108.7
4,459,KNN por soma,2,275.2,124.4
4,460,KNN por soma,2,271.5,99.8
4,461,KNN por soma,0,272.3,102.1
4,462,KNN por soma,0,288.4,102.2
4,463,KNN por soma,1,280.5,108.8
4,464,KNN por soma,0,268.8,112.1
4,465,KNN por soma,2,250.5,133.2
4,466,KNN por soma,1,271.7,121.3
4,467,KNN por soma,1,254.1,108.5
4,468,KNN por soma,6,247.2,141.4
4,469,KNN por soma,1,231.5,99.9
4,470,KNN por soma,0,278.2,109.3
4,471,KNN por soma,0,292.0,110.6
4,472,KNN por soma,4,234.6,128.6
4,473,KNN por soma,0,285.3,113.2
4,474,KNN por soma,8,211.5,133.2
4,476,KNN por soma,0,304.4,153.9
4,477,KNN por soma,0,296.9,118.7
4,478,KNN por soma,1,256.0,140.4
4,479,KNN por soma,3,253.4,144.1
4,480,KNN por soma,2,222.5,101.3
4,481,KNN por soma,1,243.3,114.1
4,482,KNN por soma,0,284.4,92.5
4,483,KNN por soma,1,280.8,108.1
4,484,KNN por soma,4,235.3,134.7
4,485,KNN por soma,1,278.0,101.1
4,486,KNN por soma,0,258.7,106.4
4,487,KNN por soma,2,230.6,124.6
4,488,KNN por soma,2,250.2,129.3
4,489,KNN por soma,0,326.5,91.1
4,490,KNN por soma,1,287.2,122.4
4,491,KNN por soma,0,281.7,118.0
4,492,KNN por soma,1,251.0,124.8
4,493,KNN por soma,4,231.2,121.9
4,494,KNN por soma,1,260.3,121.4
4,495,KNN por soma,3,246.5,140.0
4,496,KNN por soma,4,265.8,153.7
4,497,KNN por soma,4,234.3,131.7
4,498,KNN por soma,4,203.5,118.2
4,499,KNN por soma,2,208.5,106.8
4,500,KNN por soma,2,222.1,114.5
4,501,KNN por soma,1,296.5,132.2
4,502,KNN por soma,1,283.1,83.0
4,503,KNN por soma,4,264.2,148.5
4,504,KNN por soma,2,270.0,146.0
4,505,KNN por soma,3,235.1,97.4
4,506,KNN por soma,3,259.2,156.7
4,507,KNN por soma,1,313.0,97.0
4,508,KNN por soma,1,248.6,143.1
4,510,KNN por soma,0,277.5,88.5
4,511,KNN por soma,0,328.7,112.8
4,512,KNN por soma,1,286.5,126.2
4,513,KNN por soma,0,262.3,115.1
4,514,KNN por soma,8,275.4,150.8
4,515,KNN por soma,0,301.1,100.3
4,516,KNN por soma,0,261.6,95.7
4,518,KNN por soma,1,329.4,128.0
4,519,KNN por soma,0,319.0,106.1
4,520,KNN por soma,0,268.4,94.0
4,521,KNN por soma,1,217.5,113.8
4,522,KNN por soma,0,262.1,127.1
4,523,KNN por soma,0,275.8,130.3
4,524,KNN por soma,4,214.3,118.7
4,525,KNN por soma,1,322.3,122.4
4,526,KNN por soma,2,282.8,99.5
4,527,KNN por soma,6,236.0,128.4
4,528,KNN por soma,0,253.6,133.6
4,529,KNN por soma,0,289.4,92.5
4,530,KNN por soma,2,234.0,109.8
4,531,KNN por soma,0,303.9,100.5
4,532,KNN por soma,4,286.2,155.8
4,533,KNN por soma,3,210.5,119.3
4,534,KNN por soma,0,315.1,119.9
4,535,KNN por soma,3,214.5,105.4
4,536,KNN por soma,4,239.3,147.8
4,537,KNN por soma,5,238.0,132.7
4,538,KNN por soma,3,207.4,126.7
4,539,KNN por soma,1,245.6,90.4
4,540,KNN por soma,1,290.0,118.6
4,541,KNN por soma,1,258.4,137.0
4,542,KNN por soma,3,226.1,143.2
4,543,KNN por soma,3,295.3,170.7
4,544,KNN por soma,1,282.2,99.6
4,545,KNN por soma,4,253.0,135.6
4,546,KNN por soma,1,277.9,115.2
4,547,KNN por soma,1,308.8,107.4
4,548,KNN por soma,3,292.7,130.7
4,549,KNN por soma,0,268.0,107.7
4,550,KNN por soma,2,297.7,106.0
4,551,KNN por soma,6,254.0,136.5
4,552,KNN por soma,2,297.9,115.8
4,553,KNN por soma,2,216.7,125.6
4,554,KNN por soma,1,235.9,139.6
4,555,KNN por soma,2,293.0,128.6
4,556,KNN por soma,1,291.1,133.2
4,557,KNN por soma,0,281.9,119.8
4,558,KNN por soma,0,267.5,105.7
4,559,KNN por soma,1,284.4,135.0
4,560,KNN por soma,1,258.0,140.8
4,561,KNN por soma,6,216.3,127.1
4,562,KNN por soma,3,263.4,106.6
4,563,KNN por soma,0,267.2,119.9
4,564,KNN por soma,3,295.7,109.2
4,565,KNN por soma,0,272.8,118.0
4,566,KNN por soma,2,202.1,125.2
4,567,KNN por soma,4,251.5,96.9
4,568,KNN por soma,4,244.8,130.3
4,569,KNN por soma,1,307.2,123.2
4,570,KNN por soma,1,294.5,104.1
4,571,KNN por soma,1,286.9,132.0
4,572,KNN por soma,1,271.5,94.2
4,573,KNN por soma,0,253.9,127.0
4,574,KNN por soma,2,295.6,91.4
4,575,KNN por soma,1,253.0,136.4
4,576,KNN por soma,0,285.4,107.1
4,577,KNN por soma,7,251.5,143.6
4,578,KNN por soma,0,288.0,92.5
4,579,KNN por soma,0,269.0,128.4
4,580,KNN por soma,1,295.3,112.6
4,581,KNN por soma,1,226.3,103.4
4,582,KNN por soma,0,275.6,117.2
4,583,KNN por soma,0,277.2,141.0
4,584,KNN por soma,0,285.2,128.8
4,585,KNN por soma,1,277.1,119.3
4,586,KNN por soma,4,288.7,113.8
4,587,KNN por soma,2,325.2,101.0
4,588,KNN por soma,2,253.4,120.6
4,589,KNN por soma,0,233.8,80.6
4,590,KNN por soma,0,267.6,115.8
4,591,KNN por soma,1,250.4,141.7
4,592,KNN por soma,9,214.6,121.9
4,593,KNN por soma,1,231.2,122.7
4,594,KNN por soma,1,253.1,104.1
4,595,KNN por soma,2,309.4,128.5
4,596,KNN por soma,0,278.1,96.9
4,597,KNN por soma,1,304.6,112.9
4,599,KNN por soma,0,319.4,119.8
4,600,KNN por soma,2,265.0,159.3
4,601,KNN por soma,7,261.3,143.1
4,602,KNN por soma,0,304.9,126.4
4,603,KNN por soma,1,249.3,128.5
4,604,KNN por soma,0,284.7,102.1
4,605,KNN por soma,1,238.7,130.8
4,606,KNN por soma,6,257.4,139.7
4,607,KNN por soma,0,256.4,137.1
4,608,KNN por soma,5,211.3,91.8
4,609,KNN por soma,0,311.1,104.1
4,610,KNN por soma,3,271.5,134.6
4,611,KNN por soma,0,329.1,102.9
4,612,KNN por soma,0,288.4,109.4
4,613,KNN por soma,2,301.4,151.4
4,614,KNN por soma,0,310.4,121.3
4,615,KNN por soma,2,295.6,150.6
4,616,KNN por soma,2,320.5,105.7
4,617,KNN por soma,0,267.1,143.6
4,618,KNN por soma,5,229.5,138.2
4,619,KNN por soma,4,263.5,124.6
4,620,KNN por soma,3,265.2,116.8
4,621,KNN por soma,2,286.7,138.6
4,622,KNN por soma,7,266.8,156.9
4,623,KNN por soma,0,270.4,135.1
4,624,KNN por soma,3,297.6,105.2
4,625,KNN por soma,1,275.4,149.6
4,626,KNN por soma,2,326.5,110.1
4,627,KNN por soma,2,300.3,165.1
4,628,KNN por soma,1,288.4,87.4
4,629,KNN por soma,4,268.3,140.7
4,630,KNN por soma,3,275.6,113.3
4,631,KNN por soma,0,312.3,109.2
4,632,KNN por soma,6,255.4,148.9
4,633,KNN por soma,2,275.9,138.4
4,634,KNN por soma,2,280.2,96.4
4,635,KNN por soma,0,329.5,116.1
4,636,KNN por soma,1,334.6,110.2
4,637,KNN por soma,1,294.7,116.4
4,638,KNN por soma,4,240.5,127.5
4,639,KNN por soma,1,230.5,108.5
4,640,KNN por soma,1,320.3,170.8
4,641,KNN por soma,2,270.5,106.7
4,642,KNN por soma,3,239.2,113.8
4,643,KNN por soma,3,221.9,138.7
4,644,KNN por soma,1,267.9,90.3
4,645,KNN por soma,4,251.2,141.7
4,646,KNN por soma,0,304.7,107.4
4,647,KNN por soma,1,287.1,136.4
4,648,KNN por soma,4,268.1,134.3
4,649,KNN por soma,2,326.2,130.6
4,650,KNN por soma,5,246.5,149.7
4,651,KNN por soma,1,244.6,89.0
4,652,KNN por soma,0,287.9,100.3
4,653,KNN por soma,4,237.9,144.1
4,654,KNN por soma,1,230.7,119.1
4,655,KNN por soma,3,215.6,133.1
4,656,KNN por soma,0,320.9,112.8
4,657,KNN por soma,0,305.7,106.0
4,658,KNN por soma,1,254.8,144.7
4,659,KNN por soma,5,242.8,136.6
4,660,KNN por soma,2,234.5,136.3
4,661,KNN por soma,4,288.1,160.4
4,662,KNN por soma,0,250.5,95.6
4,663,KNN por soma,6,265.9,140.6
4,664,KNN por soma,5,255.3,159.1
4,665,KNN por soma,4,300.5,137.4
4,666,KNN por soma,9,212.6,122.8
4,667,KNN por soma,2,265.1,124.3
4,668,KNN por soma,1,320.1,108.3
4,669,KNN por soma,1,260.1,140.2
4,670,KNN por soma,3,243.6,115.0
4,671,KNN por soma,4,298.0,137.7
4,672,KNN por soma,0,312.0,119.5
4,673,KNN por soma,2,258.1,97.6
4,674,KNN por soma,1,286.5,110.9
4,675,KNN por soma,1,282.6,109.1
4,676,KNN por soma,3,262.0,128.2
4,677,KNN por soma,0,353.7,125.9
4,678,KNN por soma,0,256.5,112.7
4,679,KNN por soma,2,259.5,139.0
4,680,KNN por soma,1,281.2,123.6
4,681,KNN por soma,0,291.2,93.1
4,682,KNN por soma,6,251.4,138.6
4,683,KNN por soma,1,277.7,109.9
4,684,KNN por soma,1,278.1,146.4
4,686,KNN por soma,2,213.6,127.3
4,687,KNN por soma,1,313.0,100.9
4,688,KNN por soma,1,214.3,67.0
4,689,KNN por soma,1,301.1,114.7
4,690,KNN por soma,2,304.8,153.4
4,691,KNN por soma,1,268.2,124.2
4,692,KNN por soma,0,294.5,134.0
4,693,KNN por soma,4,247.9,131.6
4,694,KNN por soma,4,249.5,153.8
4,695,KNN por soma,0,292.4,104.2
4,696,KNN por soma,1,269.5,99.5
4,697,KNN por soma,2,324.1,116.4
4,698,KNN por soma,2,244.8,135.6
4,699,KNN por soma,1,292.0,107.5
4,700,KNN por soma,3,249.4,111.0
4,701,KNN por soma,1,282.5,105.0
4,702,KNN por soma,0,317.2,109.7
4,703,KNN por soma,1,286.0,113.5
4,704,KNN por soma,3,220.0,125.7
4,705,KNN por soma,4,261.8,112.8
4,706,KNN por soma,2,304.9,116.6
4,707,KNN por soma,1,263.8,115.0
4,708,KNN por soma,1,303.2,113.1
4,709,KNN por soma,5,277.6,155.3
4,710,KNN por soma,5,221.6,129.1
4,711,KNN por soma,4,275.9,147.6
4,712,KNN por soma,4,291.3,136.2
4,713,KNN por soma,3,258.4,105.9
4,714,KNN por soma,0,272.7,110.6
4,715,KNN por soma,5,241.1,143.9
4,716,KNN por soma,8,271.2,146.5
4,717,KNN por soma,2,288.5,107.0
4,718,KNN por soma,1,348.6,139.8
4,719,KNN por soma,2,264.5,145.6
4,720,KNN por soma,1,236.5,82.0
4,721,KNN por soma,4,296.6,130.7
4,722,KNN por soma,1,326.6,126.5
4,723,KNN por soma,1,277.6,122.9
4,724,KNN por soma,4,286.5,101.0
4,725,KNN por soma,0,295.3,102.3
4,726,KNN por soma,0,345.3,122.7
4,727,KNN por soma,7,249.6,145.4
4,728,KNN por soma,1,339.7,112.9
4,729,KNN por soma,2,273.4,91.0
4,730,KNN por soma,1,309.7,119.7
4,731,KNN por soma,2,273.1,133.7
4,732,KNN por soma,0,275.0,86.6
4,733,KNN por soma,4,254.6,115.2
4,734,KNN por soma,3,252.2,111.4
4,735,KNN por soma,1,283.7,104.3
4,736,KNN por soma,1,280.2,106.2
4,737,KNN por soma,3,256.3,115.7
4,738,KNN por soma,7,240.2,147.5
4,739,KNN por soma,2,256.2,106.1
4,740,KNN por soma,2,267.4,102.4
4,741,KNN por soma,3,279.1,160.8
4,742,KNN por soma,2,286.1,123.5
4,743,KNN por soma,1,286.7,103.0
4,744,KNN por soma,0,252.2,127.8
4,745,KNN por soma,2,226.3,117.6
4,746,KNN por soma,4,253.4,134.7
4,747,KNN por soma,8,258.4,148.9
4,748,KNN por soma,6,287.1,147.6
4,749,KNN por soma,7,267.5,151.4
4,750,KNN por soma,0,295.5,96.7
4,751,KNN por soma,2,256.4,136.4
4,752,KNN por soma,1,342.8,115.0
4,753,KNN por soma,3,252.3,113.6
4,754,KNN por soma,0,324.0,119.1
4,755,KNN por soma,1,263.2,95.4
4,756,KNN por soma,0,262.3,139.2
4,757,KNN por soma,6,276.8,162.4
4,758,KNN por soma,6,235.0,137.4
4,759,KNN por soma,1,255.9,88.7
4,760,KNN por soma,0,269.3,98.3
4,761,KNN por soma,1,287.2,109.5
4,762,KNN por soma,0,297.8,104.4
4,763,KNN por soma,7,293.7,149.8
4,764,KNN por soma,4,267.1,152.2
4,765,KNN por soma,1,261.9,108.9
4,766,KNN por soma,4,259.3,149.9
4,767,KNN por soma,1,251.8,110.3
4,768,KNN por soma,1,300.2,129.6
4,769,KNN por soma,0,325.3,116.3
4,770,KNN por soma,2,308.5,110.4
4,771,KNN por soma,1,256.4,101.2
4,772,KNN por soma,1,284.9,95.8
4,773,KNN por soma,3,217.8,135.9
4,774,KNN por soma,2,236.1,145.8
4,775,KNN por soma,1,264.6,88.5
4,776,KNN por soma,2,295.6,174.1
4,777,KNN por soma,0,284.8,108.6
4,778,KNN por soma,1,302.6,151.7
4,779,KNN por soma,2,317.0,130.7
4,780,KNN por soma,2,244.6,124.2
4,781,KNN por soma,2,220.4,117.3
4,782,KNN por soma,2,301.6,95.1
4,783,KNN por soma,0,298.1,102.1
4,784,KNN por soma,4,298.3,107.3
4,785,KNN por soma,2,274.7,135.6
4,786,KNN por soma,5,247.0,145.7
4,787,KNN por soma,2,300.1,102.5
4,788,KNN por soma,5,302.9,169.2
4,789,KNN por soma,1,274.0,110.4
4,790,KNN por soma,3,288.8,158.8
4,791,KNN por soma,2,299.1,109.9
4,792,KNN por soma,1,326.8,140.3
4,793,KNN por soma,0,267.1,114.5
4,794,KNN por soma,1,262.7,120.6
4,795,KNN por soma,4,265.7,142.4
4,796,KNN por soma,8,300.4,153.6
4,797,KNN por soma,2,306.4,111.1
4,798,KNN por soma,2,253.2,123.4
4,799,KNN por soma,0,219.5,84.8
4,800,KNN por soma,0,286.2,117.8
4,801,KNN por soma,2,286.1,108.8
4,802,KNN por soma,0,318.7,127.0
4,803,KNN por soma,1,300.2,102.7
4,804,KNN por soma,8,265.2,153.4
4,805,KNN por soma,4,256.9,144.1
4,806,KNN por soma,5,265.6,156.5
4,807,KNN por soma,4,271.6,160.4
4,808,KNN por soma,2,273.8,97.8
4,809,KNN por soma,2,294.3,111.6
4,810,KNN por soma,2,267.8,100.8
4,811,KNN por soma,2,320.0,107.6
4,812,KNN por soma,1,303.2,78.4
4,813,KNN por soma,0,332.0,115.8
4,814,KNN por soma,0,289.1,135.7
4,815,KNN por soma,5,304.3,169.5
4,816,KNN por soma,1,280.1,78.8
4,817,KNN por soma,0,319.3,115.7
4,818,KNN por soma,0,290.9,93.2
4,819,KNN por soma,1,271.9,92.6
4,820,KNN por soma,1,283.8,100.4
4,821,KNN por soma,3,298.3,153.7
4,822,KNN por soma,1,277.2,124.1
4,823,KNN por soma,8,247.9,150.5
4,824,KNN por soma,0,315.4,105.2
4,825,KNN por soma,4,304.9,124.8
4,826,KNN por soma,6,283.7,163.5
4,827,KNN por soma,2,309.5,97.0
4,828,KNN por soma,1,292.1,111.6
4,829,KNN por soma,1,295.7,133.9
4,830,KNN por soma,4,289.9,158.9
4,831,KNN por soma,5,309.2,139.3
4,832,KNN por soma,0,295.4,106.2
4,833,KNN por soma,5,278.0,153.5
4,834,KNN por soma,4,276.7,98.2
4,835,KNN por soma,4,243.2,119.8
4,836,KNN por soma,2,304.3,142.9
4,837,KNN por soma,1,338.1,127.6
4,838,KNN por soma,4,236.8,123.9
4,839,KNN por soma,1,286.1,108.1
4,840,KNN por soma,7,212.6,121.5
4,841,KNN por soma,2,323.6,101.9
4,842,KNN por soma,2,301.7,99.7
4,843,KNN por soma,3,257.5,124.8
4,844,KNN por soma,4,278.5,151.5
4,845,KNN por soma,2,286.3,100.4
4,846,KNN por soma,9,298.1,167.9
4,847,KNN por soma,5,240.0,127.9
4,848,KNN por soma,6,250.9,116.5
4,849,KNN por soma,1,325.4,146.9
4,850,KNN por soma,6,257.9,93.0
4,851,KNN por soma,3,307.3,152.3
4,852,KNN por soma,3,311.3,128.7
4,853,KNN por soma,1,317.8,114.6
4,854,KNN por soma,8,272.4,147.1
4,855,KNN por soma,0,279.4,102.1
4,856,KNN por soma,2,287.8,103.3
4,857,KNN por soma,0,284.2,26.4
4,858,KNN por soma,1,289.8,111.7
4,859,KNN por soma,0,292.8,92.9
4,860,KNN por soma,2,294.8,119.6
4,861,KNN por soma,0,276.4,113.4
4,862,KNN por soma,7,283.5,147.6
4,863,KNN por soma,4,328.3,112.3
4,864,KNN por soma,10,265.7,159.2
4,865,KNN por soma,0,308.6,136.2
4,866,KNN por soma,0,253.4,67.7
4,867,KNN por soma,6,290.6,138.9
4,868,KNN por soma,6,259.0,156.2
4,869,KNN por soma,1,275.7,118.1
4,870,KNN por soma,8,231.3,147.8
4,871,KNN por soma,6,290.7,127.6
4,872,KNN por soma,3,326.5,112.6
4,873,KNN por soma,1,298.1,107.7
4,874,KNN por soma,1,253.1,116.0
4,875,KNN por soma,5,288.7,141.8
4,876,KNN por soma,0,276.2,124.2
4,877,KNN por soma,0,287.1,133.8
4,878,KNN por soma,3,259.6,147.2
4,879,KNN por soma,1,310.5,117.5
4,880,KNN por soma,7,289.6,163.3
4,881,KNN por soma,5,283.5,156.5
4,882,KNN por soma,3,286.8,154.3
4,883,KNN por soma,5,237.4,121.1
4,884,KNN por soma,1,280.9,121.3
4,885,KNN por soma,5,264.5,131.7
4,886,KNN por soma,7,233.5,148.0
4,887,KNN por soma,4,265.5,110.7
4,888,KNN por soma,0,283.8,129.7
4,889,KNN por soma,9,282.2,161.5
4,890,KNN por soma,4,274.1,157.6
4,891,KNN por soma,2,297.2,112.8
4,892,KNN por soma,9,290.2,167.0
4,893,KNN por soma,2,295.4,128.9
4,894,KNN por soma,3,244.4,113.9
4,895,KNN por soma,1,298.0,112.7
4,896,KNN por soma,8,282.3,167.2
4,897,KNN por soma,6,272.2,136.1
4,898,KNN por soma,0,306.7,96.7
4,899,KNN por soma,4,297.5,149.4
4,900,KNN por soma,1,289.9,127.8
4,901,KNN por soma,4,278.6,136.0
4,902,KNN por soma,3,273.9,133.0
4,903,KNN por soma,5,277.9,150.0
4,904,KNN por soma,0,313.6,116.6
4,905,KNN por soma,1,305.5,113.5
4,906,KNN por soma,1,297.4,118.0
4,907,KNN por soma,3,285.7,99.0
4,908,KNN por soma,4,232.2,126.2
4,909,KNN por soma,0,286.8,106.9
4,910,KNN por soma,1,257.2,138.6
4,911,KNN por soma,3,297.0,163.0
4,912,KNN por soma,3,266.0,132.8
4,913,KNN por soma,9,263.0,152.5
4,914,KNN por soma,0,282.6,90.3
4,915,KNN por soma,1,265.5,101.0
4,916,KNN por soma,6,275.3,152.6
4,917,KNN por soma,0,305.4,110.7
4,918,KNN por soma,0,266.7,111.3
4,919,KNN por soma,2,298.0,127.0
4,920,KNN por soma,1,301.3,100.5
4,921,KNN por soma,4,270.6,128.1
4,922,KNN por soma,5,305.4,150.1
4,923,KNN por soma,2,288.0,127.1
4,924,KNN por soma,2,252.2,142.2
4,925,KNN por soma,0,292.7,118.6
4,926,KNN por soma,1,275.6,94.4
4,927,KNN por soma,1,291.8,141.6
4,928,KNN por soma,1,268.0,105.1
4,929,KNN por soma,3,253.4,147.8
4,930,KNN por soma,0,260.7,106.0
4,931,KNN por soma,0,296.7,106.4
4,932,KNN por soma,6,262.3,150.7
4,933,KNN por soma,5,210.5,137.5
4,934,KNN por soma,4,309.2,136.3
4,935,KNN por soma,1,324.1,102.9
4,936,KNN por soma,3,273.8,109.7
4,937,KNN por soma,2,266.5,103.6
4,938,KNN por soma,2,286.1,116.5
4,939,KNN por soma,1,340.2,138.9
4,940,KNN por soma,4,240.8,107.9
4,941,KNN por soma,1,331.1,124.1
4,942,KNN por soma,2,282.0,123.1
4,943,KNN por soma,5,247.4,146.7
4,1,SVD,0,79.2,
4,2,SVD,0,88.9,
4,3,SVD,0,69.9,
4,4,SVD,0,57.3,
4,5,SVD,0,54.6,
4,6,SVD,1,63.8,
4,7,SVD,3,78.6,
4,8,SVD,0,130.1,
4,9,SVD,0,73.0,
4,10,SVD,0,64.3,
4,11,SVD,1,99.5,
4,12,SVD,0,141.1,
4,13,SVD,5,134.1,
4,14,SVD,1,66.6,
4,15,SVD,0,125.5,
4,16,SVD,0,135.5,
4,17,SVD,0,150.5,
4,18,SVD,0,38.4,
4,19,SVD,0,77.4,
4,20,SVD,0,49.4,
4,21,SVD,0,123.8,
4,22,SVD,1,168.3,
4,23,SVD,1,51.8,
4,24,SVD,0,81.8,
4,25,SVD,1,110.0,
4,26,SVD,0,133.7,
4,28,SVD,0,87.6,
4,29,SVD,0,127.1,
4,30,SVD,0,108.6,
4,31,SVD,0,93.7,
4,32,SVD,0,112.0,
4,33,SVD,0,87.5,
4,35,SVD,0,161.6,
4,36,SVD,0,74.5,
4,37,SVD,0,107.8,
4,38,SVD,0,100.9,
4,41,SVD,0,80.1,
4,42,SVD,1,140.9,
4,43,SVD,1,96.9,
4,44,SVD,2,129.8,
4,45,SVD,0,111.4,
4,46,SVD,0,93.7,
4,47,SVD,0,122.8,
4,48,SVD,0,108.9,
4,49,SVD,0,97.1,
4,50,SVD,0,147.0,
4,51,SVD,2,250.2,
4,52,SVD,0,78.1,
4,54,SVD,0,85.5,
4,56,SVD,1,118.6,
4,57,SVD,1,157.6,
4,58,SVD,1,48.3,
4,59,SVD,2,79.8,
4,60,SVD,0,33.8,
4,61,SVD,0,194.8,
4,62,SVD,1,68.2,
4,63,SVD,0,105.0,
4,64,SVD,0,80.5,
4,65,SVD,1,158.3,
4,66,SVD,0,196.5,
4,68,SVD,1,125.9,
4,69,SVD,0,122.8,
4,70,SVD,0,134.6,
4,71,SVD,0,73.6,
4,72,SVD,0,78.3,
4,73,SVD,0,88.2,
4,74,SVD,0,98.9,
4,75,SVD,0,146.7,
4,76,SVD,0,138.9,
4,77,SVD,1,75.2,
4,79,SVD,1,115.1,
4,80,SVD,1,105.5,
4,81,SVD,0,142.7,
4,82,SVD,0,120.7,
4,83,SVD,1,137.0,
4,84,SVD,1,92.5,
4,85,SVD,0,54.1,
4,87,SVD,1,136.5,
4,89,SVD,0,54.1,
4,90,SVD,2,50.3,
4,91,SVD,1,80.8,
4,92,SVD,1,113.8,
4,94,SVD,1,75.4,
4,95,SVD,0,106.6,
4,96,SVD,0,76.7,
4,97,SVD,1,125.2,
4,98,SVD,0,84.8,
4,99,SVD,1,166.7,
4,101,SVD,0,181.0,
4,102,SVD,0,99.5,
4,103,SVD,0,107.3,
4,105,SVD,0,109.9,
4,106,SVD,0,91.7,
4,108,SVD,0,80.4,
4,109,SVD,0,60.9,
4,110,SVD,0,109.6,
4,111,SVD,0,153.6,
4,112,SVD,1,163.3,
4,113,SVD,0,203.6,
4,115,SVD,0,74.3,
4,116,SVD,0,114.0,
4,117,SVD,0,84.6,
4,118,SVD,0,147.6,
4,119,SVD,0,67.1,
4,120,SVD,0,106.1,
4,121,SVD,1,115.0,
4,122,SVD,0,83.2,
4,123,SVD,0,76.9,
4,125,SVD,0,99.5,
4,126,SVD,0,69.3,
4,127,SVD,0,137.7,
4,128,SVD,0,71.9,
4,129,SVD,0,128.2,
4,130,SVD,0,67.2,
4,131,SVD,0,105.4,
4,133,SVD,0,116.2,
4,134,SVD,0,221.8,
4,135,SVD,0,114.3,
4,137,SVD,0,46.5,
4,138,SVD,0,63.5,
4,141,SVD,0,172.0,
4,142,SVD,0,160.9,
4,143,SVD,0,90.8,
4,144,SVD,1,107.6,
4,145,SVD,0,138.9,
4,146,SVD,0,78.2,
4,148,SVD,0,72.6,
4,149,SVD,0,102.7,
4,150,SVD,0,128.0,
4,151,SVD,0,63.5,
4,152,SVD,0,201.8,
4,153,SVD,0,62.4,
4,154,SVD,0,146.8,
4,155,SVD,0,116.7,
4,156,SVD,0,96.4,
4,158,SVD,0,69.5,
4,159,SVD,1,116.0,
4,160,SVD,0,88.0,
4,163,SVD,0,123.9,
4,164,SVD,0,140.1,
4,165,SVD,0,105.4,
4,167,SVD,0,131.9,
4,168,SVD,0,189.8,
4,169,SVD,0,107.3,
4,170,SVD,0,103.9,
4,171,SVD,0,93.0,
4,172,SVD,0,189.6,
4,173,SVD,0,108.9,
4,174,SVD,0,92.5,
4,175,SVD,0,181.3,
4,176,SVD,0,86.7,
4,177,SVD,1,129.2,
4,178,SVD,1,73.7,
4,179,SVD,1,101.7,
4,180,SVD,0,74.9,
4,181,SVD,0,181.9,
4,182,SVD,0,152.8,
4,183,SVD,0,80.5,
4,184,SVD,0,66.7,
4,185,SVD,1,71.4,
4,186,SVD,0,138.9,
4,187,SVD,0,81.3,
4,188,SVD,0,89.4,
4,189,SVD,1,85.5,
4,190,SVD,0,192.6,
4,191,SVD,0,106.3,
4,192,SVD,0,80.2,
4,193,SVD,0,109.6,
4,194,SVD,1,76.2,
4,195,SVD,0,236.4,
4,196,SVD,0,124.3,
4,197,SVD,0,117.6,
4,198,SVD,0,88.0,
4,199,SVD,0,166.5,
4,200,SVD,2,108.3,
4,201,SVD,3,91.1,
4,203,SVD,0,140.7,
4,205,SVD,0,142.6,
4,207,SVD,2,97.3,
4,209,SVD,0,126.3,
4,210,SVD,1,111.7,
4,211,SVD,0,91.2,
4,212,SVD,0,103.4,
4,213,SVD,1,63.5,
4,214,SVD,1,41.6,
4,215,SVD,1,96.3,
4,216,SVD,0,113.6,
4,217,SVD,0,81.7,
4,218,SVD,1,103.2,
4,219,SVD,0,98.3,
4,221,SVD,2,143.6,
4,222,SVD,2,129.3,
4,223,SVD,1,194.6,
4,224,SVD,0,182.9,
4,225,SVD,0,128.9,
4,226,SVD,0,156.9,
4,227,SVD,0,85.5,
4,228,SVD,0,166.3,
4,229,SVD,0,92.9,
4,230,SVD,1,135.7,
4,231,SVD,0,64.9,
4,232,SVD,1,63.5,
4,233,SVD,0,58.8,
4,234,SVD,1,36.1,
4,235,SVD,0,104.9,
4,236,SVD,0,112.2,
4,237,SVD,1,57.5,
4,238,SVD,0,87.3,
4,239,SVD,1,60.4,
4,240,SVD,0,97.7,
4,242,SVD,0,91.7,
4,243,SVD,0,73.7,
4,244,SVD,1,122.2,
4,245,SVD,0,100.0,
4,246,SVD,0,106.7,
4,247,SVD,0,107.9,
4,248,SVD,0,132.7,
4,249,SVD,3,77.3,
4,250,SVD,0,86.8,
4,251,SVD,0,124.4,
4,252,SVD,0,125.3,
4,253,SVD,0,128.4,
4,254,SVD,1,115.4,
4,255,SVD,0,204.1,
4,256,SVD,1,130.9,
4,257,SVD,0,104.0,
4,258,SVD,0,136.9,
4,259,SVD,0,86.6,
4,260,SVD,0,139.9,
4,261,SVD,0,81.7,
4,262,SVD,0,65.4,
4,263,SVD,0,90.7,
4,264,SVD,0,156.4,
4,265,SVD,0,107.3,
4,267,SVD,0,119.2,
4,268,SVD,1,121.0,
4,269,SVD,1,50.0,
4,270,SVD,0,84.3,
4,271,SVD,1,63.1,
4,272,SVD,0,94.7,
4,274,SVD,0,108.8,
4,275,SVD,0,98.2,
4,276,SVD,1,102.8,
4,277,SVD,0,156.8,
4,279,SVD,0,42.1,
4,280,SVD,0,56.6,
4,281,SVD,0,137.6,
4,283,SVD,0,69.4,
4,285,SVD,0,171.7,
4,286,SVD,0,82.1,
4,287,SVD,1,118.7,
4,288,SVD,2,143.8,
4,289,SVD,0,126.5,
4,290,SVD,0,86.2,
4,291,SVD,2,176.2,
4,292,SVD,2,91.0,
4,293,SVD,1,72.2,
4,294,SVD,0,160.9,
4,295,SVD,0,54.5,
4,296,SVD,2,82.0,
4,297,SVD,1,105.4,
4,298,SVD,2,179.8,
4,299,SVD,1,77.6,
4,301,SVD,0,68.0,
4,303,SVD,0,70.9,
4,305,SVD,0,66.7,
4,306,SVD,0,139.9,
4,307,SVD,1,71.0,
4,308,SVD,0,31.8,
4,309,SVD,0,91.9,
4,311,SVD,0,75.5,
4,312,SVD,1,46.2,
4,313,SVD,2,94.3,
4,314,SVD,0,137.0,
4,315,SVD,0,110.8,
4,316,SVD,1,86.0,
4,317,SVD,0,105.6,
4,318,SVD,0,106.2,
4,319,SVD,0,121.7,
4,320,SVD,0,115.0,
4,321,SVD,1,74.7,
4,322,SVD,1,84.1,
4,323,SVD,0,130.5,
4,324,SVD,0,91.4,
4,325,SVD,0,42.2,
4,326,SVD,1,47.7,
4,327,SVD,1,76.0,
4,328,SVD,2,116.2,
4,329,SVD,0,86.6,
4,330,SVD,2,99.9,
4,331,SVD,0,69.5,
4,332,SVD,0,81.7,
4,333,SVD,1,138.9,
4,334,SVD,0,61.0,
4,336,SVD,0,174.1,
4,337,SVD,0,112.7,
4,338,SVD,0,60.8,
4,339,SVD,1,45.6,
4,340,SVD,0,198.6,
4,341,SVD,0,93.2,
4,342,SVD,2,126.5,
4,343,SVD,1,64.5,
4,344,SVD,2,153.4,
4,345,SVD,0,126.9,
4,346,SVD,2,147.1,
4,347,SVD,1,116.6,
4,348,SVD,0,149.0,
4,349,SVD,0,121.8,
4,350,SVD,1,95.2,
4,351,SVD,0,134.5,
4,354,SVD,0,46.9,
4,355,SVD,0,112.9,
4,356,SVD,0,198.2,
4,357,SVD,0,171.7,
4,358,SVD,0,58.1,
4,359,SVD,0,119.3,
4,360,SVD,0,94.3,
4,361,SVD,1,142.2,
4,362,SVD,0,132.9,
4,363,SVD,3,90.8,
4,365,SVD,0,145.9,
4,366,SVD,0,79.3,
4,367,SVD,0,85.9,
4,368,SVD,0,75.9,
4,369,SVD,0,123.5,
4,370,SVD,0,68.7,
4,371,SVD,0,99.9,
4,372,SVD,0,125.5,
4,373,SVD,0,54.9,
4,374,SVD,1,126.7,
4,376,SVD,1,85.0,
4,377,SVD,0,185.6,
4,378,SVD,0,71.4,
4,379,SVD,1,76.1,
4,380,SVD,1,76.2,
4,381,SVD,0,114.0,
4,382,SVD,0,43.7,
4,383,SVD,0,91.5,
4,384,SVD,0,105.4,
4,385,SVD,1,37.3,
4,386,SVD,0,102.5,
4,387,SVD,1,105.7,
4,388,SVD,0,192.7,
4,389,SVD,2,88.5,
4,390,SVD,0,92.8,
4,391,SVD,1,76.9,
4,392,SVD,0,83.5,
4,393,SVD,1,61.5,
4,394,SVD,0,136.2,
4,395,SVD,1,102.5,
4,396,SVD,0,109.3,
4,397,SVD,1,116.8,
4,398,SVD,1,136.1,
4,399,SVD,0,57.7,
4,401,SVD,0,93.5,
4,402,SVD,1,154.9,
4,403,SVD,0,134.8,
4,404,SVD,1,168.3,
4,405,SVD,2,109.7,
4,406,SVD,0,56.2,
4,407,SVD,0,101.7,
4,408,SVD,0,110.5,
4,409,SVD,2,116.5,
4,411,SVD,0,80.2,
4,412,SVD,1,141.8,
4,413,SVD,0,80.4,
4,414,SVD,0,125.4,
4,415,SVD,1,170.0,
4,416,SVD,0,56.9,
4,417,SVD,0,82.3,
4,419,SVD,0,106.3,
4,420,SVD,0,79.0,
4,421,SVD,0,109.2,
4,422,SVD,0,138.9,
4,423,SVD,1,111.9,
4,424,SVD,0,72.5,
4,425,SVD,0,98.4,
4,426,SVD,0,52.1,
4,427,SVD,0,88.0,
4,428,SVD,0,129.2,
4,429,SVD,0,57.2,
4,430,SVD,0,99.6,
4,431,SVD,0,98.9,
4,432,SVD,0,159.1,
4,433,SVD,0,101.4,
4,434,SVD,0,204.0,
4,435,SVD,1,92.2,
4,436,SVD,0,64.8,
4,437,SVD,1,66.2,
4,438,SVD,0,114.3,
4,439,SVD,0,119.8,
4,440,SVD,0,130.1,
4,441,SVD,0,165.6,
4,442,SVD,0,142.5,
4,443,SVD,0,178.1,
4,444,SVD,0,132.6,
4,445,SVD,0,134.0,
4,446,SVD,0,103.2,
4,447,SVD,1,134.0,
4,448,SVD,0,121.5,
4,449,SVD,0,100.9,
4,450,SVD,1,59.6,
4,451,SVD,0,173.7,
4,452,SVD,0,68.0,
4,453,SVD,1,155.0,
4,454,SVD,1,55.9,
4,455,SVD,1,116.2,
4,456,SVD,0,62.1,
4,457,SVD,0,82.5,
4,458,SVD,3,73.3,
4,459,SVD,1,159.9,
4,460,SVD,0,100.4,
4,461,SVD,0,137.6,
4,462,SVD,0,133.1,
4,463,SVD,0,85.9,
4,464,SVD,0,73.8,
4,465,SVD,0,56.1,
4,466,SVD,0,78.9,
4,467,SVD,1,119.1,
4,468,SVD,4,134.9,
4,469,SVD,1,74.7,
4,470,SVD,0,128.1,
4,471,SVD,0,80.5,
4,472,SVD,0,41.4,
4,473,SVD,0,111.9,
4,474,SVD,5,147.4,
4,476,SVD,0,167.4,
4,477,SVD,0,97.7,
4,478,SVD,1,116.2,
4,479,SVD,2,83.5,
4,480,SVD,0,55.5,
4,481,SVD,1,71.0,
4,482,SVD,0,73.9,
4,483,SVD,1,113.1,
4,484,SVD,1,112.2,
4,485,SVD,0,121.1,
4,486,SVD,0,102.1,
4,487,SVD,1,99.0,
4,488,SVD,0,69.7,
4,489,SVD,0,138.7,
4,490,SVD,0,58.5,
4,491,SVD,0,152.3,
4,492,SVD,0,140.5,
4,493,SVD,1,162.4,
4,494,SVD,0,155.2,
4,495,SVD,1,75.2,
4,496,SVD,1,70.6,
4,497,SVD,1,96.9,
4,498,SVD,0,68.4,
4,499,SVD,1,111.0,
4,500,SVD,1,67.1,
4,501,SVD,0,87.1,
4,502,SVD,0,75.7,
4,503,SVD,0,68.0,
4,504,SVD,0,99.0,
4,505,SVD,1,113.2,
4,506,SVD,2,224.8,
4,507,SVD,0,46.4,
4,508,SVD,0,91.7,
4,510,SVD,0,212.9,
4,511,SVD,0,102.0,
4,512,SVD,0,81.0,
4,513,SVD,0,161.1,
4,514,SVD,3,147.5,
4,515,SVD,0,96.3,
4,516,SVD,0,84.7,
4,518,SVD,0,126.6,
4,519,SVD,0,143.9,
4,520,SVD,0,109.6,
4,521,SVD,0,73.8,
4,522,SVD,0,99.2,
4,523,SVD,0,122.4,
4,524,SVD,0,40.7,
4,525,SVD,0,99.5,
4,526,SVD,0,143.4,
4,527,SVD,4,109.2,
4,528,SVD,0,142.6,
4,529,SVD,0,146.4,
4,530,SVD,0,73.5,
4,531,SVD,0,148.2,
4,532,SVD,4,222.3,
4,533,SVD,2,63.7,
4,534,SVD,0,60.7,
4,535,SVD,1,26.9,
4,536,SVD,0,72.9,
4,537,SVD,2,79.2,
4,538,SVD,2,135.8,
4,539,SVD,1,96.7,
4,540,SVD,0,73.6,
4,541,SVD,0,72.7,
4,542,SVD,0,94.8,
4,543,SVD,0,92.4,
4,544,SVD,0,123.4,
4,545,SVD,0,93.3,
4,546,SVD,1,133.5,
4,547,SVD,0,99.5,
4,548,SVD,1,176.2,
4,549,SVD,0,122.1,
4,550,SVD,1,158.4,
4,551,SVD,1,55.5,
4,552,SVD,0,91.6,
4,553,SVD,0,107.5,
4,554,SVD,1,150.3,
4,555,SVD,1,76.4,
4,556,SVD,2,94.7,
4,557,SVD,0,87.8,
4,558,SVD,0,104.0,
4,559,SVD,0,67.7,
4,560,SVD,1,70.8,
4,561,SVD,3,100.7,
4,562,SVD,0,117.8,
4,563,SVD,0,98.9,
4,564,SVD,0,105.4,
4,565,SVD,0,82.3,
4,566,SVD,0,71.1,
4,567,SVD,2,58.9,
4,568,SVD,2,103.6,
4,569,SVD,0,92.8,
4,570,SVD,0,86.6,
4,571,SVD,1,83.6,
4,572,SVD,0,91.9,
4,573,SVD,0,88.7,
4,574,SVD,1,124.5,
4,575,SVD,0,59.0,
4,576,SVD,0,159.4,
4,577,SVD,0,55.8,
4,578,SVD,0,197.4,
4,579,SVD,1,104.4,
4,580,SVD,1,151.3,
4,581,SVD,0,112.5,
4,582,SVD,0,134.3,
4,583,SVD,0,69.0,
4,584,SVD,0,138.9,
4,585,SVD,0,90.3,
4,586,SVD,0,25.0,
4,587,SVD,0,124.9,
4,588,SVD,0,62.3,
4,589,SVD,0,221.1,
4,590,SVD,0,98.1,
4,591,SVD,0,82.9,
4,592,SVD,5,119.1,
4,593,SVD,1,128.4,
4,594,SVD,0,85.1,
4,595,SVD,1,117.7,
4,596,SVD,0,134.3,
4,597,SVD,0,140.0,
4,599,SVD,0,191.9,
4,600,SVD,1,123.9,
4,601,SVD,2,98.2,
4,602,SVD,0,83.5,
4,603,SVD,0,72.9,
4,604,SVD,0,161.2,
4,605,SVD,1,75.4,
4,606,SVD,2,110.3,
4,607,SVD,0,108.8,
4,608,SVD,2,87.5,
4,609,SVD,0,170.8,
4,610,SVD,1,101.4,
4,611,SVD,0,114.4,
4,612,SVD,0,97.1,
4,613,SVD,1,104.8,
4,614,SVD,0,116.3,
4,615,SVD,1,157.3,
4,616,SVD,0,123.2,
4,617,SVD,0,130.1,
4,618,SVD,2,115.9,
4,619,SVD,1,131.3,
4,620,SVD,0,96.0,
4,621,SVD,1,153.5,
4,622,SVD,3,140.6,
4,623,SVD,0,119.9,
4,624,SVD,0,99.5,
4,625,SVD,2,129.7,
4,626,SVD,0,147.1,
4,627,SVD,0,81.7,
4,628,SVD,0,68.8,
4,629,SVD,1,128.7,
4,630,SVD,0,77.9,
4,631,SVD,0,117.5,
4,632,SVD,3,168.4,
4,633,SVD,1,169.4,
4,634,SVD,1,156.7,
4,635,SVD,0,96.0,
4,636,SVD,0,128.1,
4,637,SVD,0,152.8,
4,638,SVD,1,182.9,
4,639,SVD,1,92.5,
4,640,SVD,2,165.2,
4,641,SVD,1,101.5,
4,642,SVD,0,49.2,
4,643,SVD,3,71.8,
4,644,SVD,0,106.6,
4,645,SVD,0,106.7,
4,646,SVD,0,106.6,
4,647,SVD,0,106.7,
4,648,SVD,2,85.7,
4,649,SVD,1,193.5,
4,650,SVD,1,80.2,
4,651,SVD,0,120.3,
4,652,SVD,0,89.3,
4,653,SVD,1,101.9,
4,654,SVD,1,85.3,
4,655,SVD,1,42.9,
4,656,SVD,0,125.8,
4,657,SVD,0,132.3,
4,658,SVD,0,104.4,
4,659,SVD,2,77.6,
4,660,SVD,0,64.6,
4,661,SVD,4,153.9,
4,662,SVD,0,58.7,
4,663,SVD,2,113.6,
4,664,SVD,2,85.8,
4,665,SVD,1,77.5,
4,666,SVD,3,80.3,
4,667,SVD,1,132.7,
4,668,SVD,0,52.6,
4,669,SVD,1,84.7,
4,670,SVD,0,147.0,
4,671,SVD,3,205.2,
4,672,SVD,0,108.7,
4,673,SVD,0,140.6,
4,674,SVD,0,114.1,
4,675,SVD,1,121.3,
4,676,SVD,2,135.1,
4,677,SVD,0,66.3,
4,678,SVD,0,138.3,
4,679,SVD,1,138.2,
4,680,SVD,1,112.9,
4,681,SVD,0,117.3,
4,682,SVD,1,97.5,
4,683,SVD,0,94.2,
4,684,SVD,2,151.3,
4,686,SVD,3,98.6,
4,687,SVD,0,133.1,
4,688,SVD,0,123.7,
4,689,SVD,1,153.8,
4,690,SVD,1,138.4,
4,691,SVD,2,105.0,
4,692,SVD,0,142.5,
4,693,SVD,0,48.0,
4,694,SVD,2,117.6,
4,695,SVD,0,101.9,
4,696,SVD,0,93.7,
4,697,SVD,1,184.5,
4,698,SVD,2,138.6,
4,699,SVD,0,70.5,
4,700,SVD,2,142.0,
4,701,SVD,0,93.0,
4,702,SVD,0,165.6,
4,703,SVD,0,162.9,
4,704,SVD,2,97.2,
4,705,SVD,1,80.5,
4,706,SVD,0,190.2,
4,707,SVD,0,44.1,
4,708,SVD,0,184.9,
4,709,SVD,2,122.4,
4,710,SVD,0,64.5,
4,711,SVD,3,82.0,
4,712,SVD,1,137.2,
4,713,SVD,0,106.3,
4,714,SVD,0,210.4,
4,715,SVD,1,139.6,
4,716,SVD,1,64.4,
4,717,SVD,0,92.8,
4,718,SVD,0,120.4,
4,719,SVD,2,110.9,
4,720,SVD,0,134.4,
4,721,SVD,1,128.1,
4,722,SVD,0,99.0,
4,723,SVD,2,156.4,
4,724,SVD,2,219.9,
4,725,SVD,0,67.1,
4,726,SVD,0,144.6,
4,727,SVD,3,152.8,
4,728,SVD,0,98.9,
4,729,SVD,0,186.4,
4,730,SVD,0,144.3,
4,731,SVD,2,127.0,
4,732,SVD,0,120.6,
4,733,SVD,1,118.4,
4,734,SVD,3,104.1,
4,735,SVD,0,145.9,
4,736,SVD,0,87.9,
4,737,SVD,1,98.0,
4,738,SVD,3,86.9,
4,739,SVD,1,139.4,
4,740,SVD,0,97.4,
4,741,SVD,0,136.0,
4,742,SVD,0,119.8,
4,743,SVD,0,80.1,
4,744,SVD,0,110.7,
4,745,SVD,0,66.2,
4,746,SVD,2,155.9,
4,747,SVD,4,114.0,
4,748,SVD,3,104.2,
4,749,SVD,1,107.7,
4,750,SVD,0,140.9,
4,751,SVD,0,109.8,
4,752,SVD,0,95.6,
4,753,SVD,0,90.2,
4,754,SVD,0,159.1,
4,755,SVD,0,153.4,
4,756,SVD,0,75.7,
4,757,SVD,0,124.2,
4,758,SVD,1,63.4,
4,759,SVD,0,182.6,
4,760,SVD,0,46.0,
4,761,SVD,0,237.4,
4,762,SVD,0,153.9,
4,763,SVD,1,73.7,
4,764,SVD,3,165.6,
4,765,SVD,0,87.3,
4,766,SVD,1,50.0,
4,767,SVD,1,71.4,
4,768,SVD,0,130.7,
4,769,SVD,0,62.2,
4,770,SVD,0,76.1,
4,771,SVD,2,73.1,
4,772,SVD,0,106.6,
4,773,SVD,0,104.9,
4,774,SVD,0,76.3,
4,775,SVD,0,89.4,
4,776,SVD,1,123.9,
4,777,SVD,0,59.1,
4,778,SVD,0,172.1,
4,779,SVD,0,98.9,
4,780,SVD,3,185.2,
4,781,SVD,0,77.4,
4,782,SVD,0,174.9,
4,783,SVD,0,58.9,
4,784,SVD,1,128.1,
4,785,SVD,0,107.6,
4,786,SVD,0,122.6,
4,787,SVD,0,158.5,
4,788,SVD,3,79.9,
4,789,SVD,0,83.4,
4,790,SVD,1,154.7,
4,791,SVD,0,105.6,
4,792,SVD,0,138.8,
4,793,SVD,0,135.4,
4,794,SVD,1,117.3,
4,795,SVD,0,63.4,
4,796,SVD,5,146.8,
4,797,SVD,0,128.1,
4,798,SVD,0,48.3,
4,799,SVD,0,92.8,
4,800,SVD,0,119.2,
4,801,SVD,0,102.2,
4,802,SVD,0,215.5,
4,803,SVD,0,146.0,
4,804,SVD,3,130.5,
4,805,SVD,2,113.6,
4,806,SVD,1,148.4,
4,807,SVD,1,49.1,
4,808,SVD,0,108.7,
4,809,SVD,0,129.8,
4,810,SVD,0,90.2,
4,811,SVD,0,104.0,
4,812,SVD,0,105.2,
4,813,SVD,0,67.1,
4,814,SVD,0,105.2,
4,815,SVD,3,184.6,
4,816,SVD,0,74.8,
4,817,SVD,0,78.9,
4,818,SVD,0,147.4,
4,819,SVD,0,96.0,
4,820,SVD,0,125.5,
4,821,SVD,2,126.1,
4,822,SVD,0,121.8,
4,823,SVD,3,131.6,
4,824,SVD,0,86.2,
4,825,SVD,2,198.5,
4,826,SVD,0,64.1,
4,827,SVD,0,102.1,
4,828,SVD,0,152.6,
4,829,SVD,0,121.6,
4,830,SVD,0,105.2,
4,831,SVD,3,235.1,
4,832,SVD,0,106.0,
4,833,SVD,4,117.7,
4,834,SVD,1,186.8,
4,835,SVD,1,67.9,
4,836,SVD,1,144.9,
4,837,SVD,0,78.8,
4,838,SVD,1,86.3,
4,839,SVD,0,65.0,
4,840,SVD,3,90.1,
4,841,SVD,0,91.7,
4,842,SVD,0,90.7,
4,843,SVD,0,32.5,
4,844,SVD,1,82.3,
4,845,SVD,0,99.1,
4,846,SVD,3,134.5,
4,847,SVD,0,83.1,
4,848,SVD,2,104.8,
4,849,SVD,0,105.2,
4,850,SVD,4,184.8,
4,851,SVD,1,116.5,
4,852,SVD,0,112.7,
4,853,SVD,0,131.0,
4,854,SVD,2,82.8,
4,855,SVD,0,141.4,
4,856,SVD,0,122.6,
4,857,SVD,0,60.0,
4,858,SVD,0,126.6,
4,859,SVD,0,133.7,
4,860,SVD,1,176.9,
4,861,SVD,0,99.1,
4,862,SVD,1,60.9,
4,863,SVD,0,142.6,
4,864,SVD,5,138.6,
4,865,SVD,1,72.4,
4,866,SVD,0,65.8,
4,867,SVD,0,38.5,
4,868,SVD,4,135.8,
4,869,SVD,0,113.9,
4,870,SVD,3,100.2,
4,871,SVD,3,161.0,
4,872,SVD,1,145.6,
4,873,SVD,0,207.7,
4,874,SVD,0,101.9,
4,875,SVD,1,75.3,
4,876,SVD,1,107.6,
4,877,SVD,0,114.5,
4,878,SVD,1,97.0,
4,879,SVD,0,91.7,
4,880,SVD,1,80.9,
4,881,SVD,2,180.8,
4,882,SVD,3,182.9,
4,883,SVD,1,61.3,
4,884,SVD,0,74.9,
4,885,SVD,2,158.8,
4,886,SVD,4,122.5,
4,887,SVD,2,83.2,
4,888,SVD,0,106.6,
4,889,SVD,3,118.5,
4,890,SVD,2,109.8,
4,891,SVD,0,77.5,
4,892,SVD,2,88.6,
4,893,SVD,0,136.4,
4,894,SVD,1,120.6,
4,895,SVD,1,136.6,
4,896,SVD,5,196.4,
4,897,SVD,1,72.3,
4,898,SVD,0,114.1,
4,899,SVD,1,60.5,
4,900,SVD,1,187.5,
4,901,SVD,2,173.5,
4,902,SVD,1,184.5,
4,903,SVD,3,121.4,
4,904,SVD,0,64.8,
4,905,SVD,0,77.9,
4,906,SVD,0,147.3,
4,907,SVD,1,87.4,
4,908,SVD,1,64.6,
4,909,SVD,0,91.6,
4,910,SVD,0,105.6,
4,911,SVD,1,112.1,
4,912,SVD,3,104.1,
4,913,SVD,2,104.6,
4,914,SVD,0,66.1,
4,915,SVD,0,119.6,
4,916,SVD,1,111.6,
4,917,SVD,0,89.7,
4,918,SVD,0,51.2,
4,919,SVD,1,78.0,
4,920,SVD,0,180.0,
4,921,SVD,1,148.8,
4,922,SVD,1,130.1,
4,923,SVD,0,73.7,
4,924,SVD,0,77.4,
4,925,SVD,0,128.4,
4,926,SVD,0,91.6,
4,927,SVD,0,94.2,
4,928,SVD,0,71.2,
4,929,SVD,2,137.5,
4,930,SVD,0,76.6,
4,931,SVD,0,98.5,
4,932,SVD,3,100.3,
4,933,SVD,1,86.0,
4,934,SVD,3,116.9,
4,935,SVD,0,140.9,
4,936,SVD,1,96.7,
4,937,SVD,0,78.2,
4,938,SVD,0,118.7,
4,939,SVD,0,123.7,
4,940,SVD,1,75.5,
4,941,SVD,0,109.0,
4,942,SVD,1,115.6,
4,943,SVD,2,114.0,
4,1,Mais populares,1,310.2,
4,2,Mais populares,0,324.6,
4,3,Mais populares,0,356.4,
4,4,Mais populares,0,348.9,
4,5,Mais populares,1,356.6,
4,6,Mais populares,1,306.1,
4,7,Mais populares,2,268.6,
4,8,Mais populares,0,342.9,
4,9,Mais populares,1,374.7,
4,10,Mais populares,0,331.0,
4,11,Mais populares,0,358.1,
4,12,Mais populares,0,368.3,
4,13,Mais populares,6,275.3,
4,14,Mais populares,0,328.9,
4,15,Mais populares,0,346.7,
4,16,Mais populares,1,352.3,
4,17,Mais populares,0,360.7,
4,18,Mais populares,1,344.5,
4,19,Mais populares,0,366.7,
4,20,Mais populares,0,351.1,
4,21,Mais populares,0,297.7,
4,22,Mais populares,2,364.2,
4,23,Mais populares,1,325.2,
4,24,Mais populares,0,326.6,
4,25,Mais populares,2,353.1,
4,26,Mais populares,0,281.0,
4,28,Mais populares,0,319.3,
4,29,Mais populares,0,372.0,
4,30,Mais populares,0,341.7,
4,31,Mais populares,0,386.7,
4,32,Mais populares,1,343.1,
4,33,Mais populares,0,364.0,
4,35,Mais populares,1,379.2,
4,36,Mais populares,0,381.3,
4,37,Mais populares,1,362.8,
4,38,Mais populares,2,382.0,
4,41,Mais populares,1,342.0,
4,42,Mais populares,2,361.0,
4,43,Mais populares,3,278.4,
4,44,Mais populares,2,329.7,
4,45,Mais populares,1,346.0,
4,46,Mais populares,0,330.1,
4,47,Mais populares,0,372.9,
4,48,Mais populares,0,349.8,
4,49,Mais populares,0,301.7,
4,50,Mais populares,0,374.6,
4,51,Mais populares,2,386.7,
4,52,Mais populares,0,362.1,
4,54,Mais populares,1,319.5,
4,56,Mais populares,1,322.5,
4,57,Mais populares,2,331.2,
4,58,Mais populares,2,338.6,
4,59,Mais populares,2,280.5,
4,60,Mais populares,1,351.3,
4,61,Mais populares,0,376.8,
4,62,Mais populares,2,274.1,
4,63,Mais populares,0,302.4,
4,64,Mais populares,2,304.6,
4,65,Mais populares,0,330.9,
4,66,Mais populares,0,302.8,
4,68,Mais populares,2,347.9,
4,69,Mais populares,2,318.8,
4,70,Mais populares,0,356.8,
4,71,Mais populares,1,354.9,
4,72,Mais populares,1,330.4,
4,73,Mais populares,0,356.6,
4,74,Mais populares,0,349.1,
4,75,Mais populares,0,366.2,
4,76,Mais populares,0,348.6,
4,77,Mais populares,0,343.2,
4,79,Mais populares,1,340.8,
4,80,Mais populares,0,363.5,
4,81,Mais populares,0,364.6,
4,82,Mais populares,2,336.7,
4,83,Mais populares,1,344.0,
4,84,Mais populares,1,347.3,
4,85,Mais populares,2,309.1,
4,87,Mais populares,2,349.8,
4,89,Mais populares,0,342.8,
4,90,Mais populares,0,347.2,
4,91,Mais populares,0,348.3,
4,92,Mais populares,1,294.5,
4,94,Mais populares,2,285.3,
4,95,Mais populares,0,316.2,
4,96,Mais populares,0,341.2,
4,97,Mais populares,0,358.1,
4,98,Mais populares,0,386.7,
4,99,Mais populares,1,276.4,
4,101,Mais populares,0,351.9,
4,102,Mais populares,0,282.8,
4,103,Mais populares,1,357.1,
4,105,Mais populares,0,366.2,
4,106,Mais populares,0,376.8,
4,108,Mais populares,2,345.2,
4,109,Mais populares,3,269.8,
4,110,Mais populares,0,363.7,
4,111,Mais populares,1,379.2,
4,112,Mais populares,0,372.3,
4,113,Mais populares,1,324.5,
4,115,Mais populares,0,336.8,
4,116,Mais populares,1,331.3,
4,117,Mais populares,0,315.1,
4,118,Mais populares,0,360.5,
4,119,Mais populares,4,310.3,
4,120,Mais populares,1,352.1,
4,121,Mais populares,2,338.7,
4,122,Mais populares,1,386.7,
4,123,Mais populares,0,347.2,
4,125,Mais populares,0,328.9,
4,126,Mais populares,0,356.7,
4,127,Mais populares,2,365.7,
4,128,Mais populares,1,327.9,
4,129,Mais populares,0,366.2,
4,130,Mais populares,3,272.1,
4,131,Mais populares,0,365.4,
4,133,Mais populares,0,370.6,
4,134,Mais populares,1,365.7,
4,135,Mais populares,0,366.1,
4,137,Mais populares,0,353.5,
4,138,Mais populares,1,377.1,
4,141,Mais populares,0,281.3,
4,142,Mais populares,0,368.1,
4,143,Mais populares,1,381.4,
4,144,Mais populares,3,302.2,
4,145,Mais populares,2,287.1,
4,146,Mais populares,0,363.6,
4,148,Mais populares,1,357.7,
4,149,Mais populares,0,378.5,
4,150,Mais populares,0,340.0,
4,151,Mais populares,3,327.5,
4,152,Mais populares,1,380.0,
4,153,Mais populares,0,346.6,
4,154,Mais populares,0,350.8,
4,155,Mais populares,0,365.7,
4,156,Mais populares,0,378.0,
4,158,Mais populares,3,322.0,
4,159,Mais populares,0,350.4,
4,160,Mais populares,0,340.4,
4,163,Mais populares,0,362.2,
4,164,Mais populares,0,358.4,
4,165,Mais populares,2,365.9,
4,167,Mais populares,0,381.3,
4,168,Mais populares,1,338.6,
4,169,Mais populares,0,351.9,
4,170,Mais populares,0,370.5,
4,171,Mais populares,0,372.5,
4,172,Mais populares,0,386.7,
4,173,Mais populares,0,363.6,
4,174,Mais populares,0,338.9,
4,175,Mais populares,0,361.4,
4,176,Mais populares,0,317.3,
4,177,Mais populares,3,313.6,
4,178,Mais populares,4,241.8,
4,179,Mais populares,0,370.5,
4,180,Mais populares,0,370.7,
4,181,Mais populares,0,326.3,
4,182,Mais populares,1,355.3,
4,183,Mais populares,0,351.2,
4,184,Mais populares,1,302.3,
4,185,Mais populares,2,372.4,
4,186,Mais populares,0,352.5,
4,187,Mais populares,1,386.7,
4,188,Mais populares,1,315.5,
4,189,Mais populares,0,327.3,
4,190,Mais populares,1,371.5,
4,191,Mais populares,0,372.2,
4,192,Mais populares,1,362.0,
4,193,Mais populares,1,331.5,
4,194,Mais populares,2,295.8,
4,195,Mais populares,0,357.8,
4,196,Mais populares,0,380.9,
4,197,Mais populares,0,318.3,
4,198,Mais populares,1,306.5,
4,199,Mais populares,0,351.3,
4,200,Mais populares,4,325.8,
4,201,Mais populares,1,263.2,
4,203,Mais populares,0,323.3,
4,205,Mais populares,0,363.6,
4,207,Mais populares,0,322.5,
4,209,Mais populares,0,343.5,
4,210,Mais populares,4,361.6,
4,211,Mais populares,0,369.7,
4,212,Mais populares,0,379.4,
4,213,Mais populares,2,280.9,
4,214,Mais populares,1,322.6,
4,215,Mais populares,2,345.2,
4,216,Mais populares,2,338.6,
4,217,Mais populares,0,344.7,
4,218,Mais populares,0,364.9,
4,219,Mais populares,0,379.2,
4,221,Mais populares,1,315.0,
4,222,Mais populares,6,324.6,
4,223,Mais populares,0,355.4,
4,224,Mais populares,0,363.6,
4,225,Mais populares,0,380.9,
4,226,Mais populares,1,379.2,
4,227,Mais populares,1,347.6,
4,228,Mais populares,1,381.3,
4,229,Mais populares,0,363.5,
4,230,Mais populares,2,334.5,
4,231,Mais populares,1,358.7,
4,232,Mais populares,1,352.8,
4,233,Mais populares,1,351.7,
4,234,Mais populares,0,252.0,
4,235,Mais populares,0,350.3,
4,236,Mais populares,0,329.9,
4,237,Mais populares,1,369.5,
4,238,Mais populares,0,353.3,
4,239,Mais populares,0,329.1,
4,240,Mais populares,0,372.2,
4,242,Mais populares,1,383.5,
4,243,Mais populares,0,375.3,
4,244,Mais populares,0,310.9,
4,245,Mais populares,1,363.7,
4,246,Mais populares,1,338.9,
4,247,Mais populares,2,339.7,
4,248,Mais populares,2,336.5,
4,249,Mais populares,2,328.2,
4,250,Mais populares,1,291.7,
4,251,Mais populares,2,315.3,
4,252,Mais populares,0,364.5,
4,253,Mais populares,1,337.5,
4,254,Mais populares,0,336.4,
4,255,Mais populares,0,345.3,
4,256,Mais populares,2,318.5,
4,257,Mais populares,0,328.9,
4,258,Mais populares,1,363.5,
4,259,Mais populares,0,365.8,
4,260,Mais populares,0,370.5,
4,261,Mais populares,0,372.7,
4,262,Mais populares,0,294.9,
4,263,Mais populares,0,309.6,
4,264,Mais populares,0,356.0,
4,265,Mais populares,1,342.7,
4,267,Mais populares,1,334.9,
4,268,Mais populares,4,303.9,
4,269,Mais populares,0,337.7,
4,270,Mais populares,0,330.8,
4,271,Mais populares,4,305.6,
4,272,Mais populares,2,365.0,
4,274,Mais populares,1,316.0,
4,275,Mais populares,1,342.3,
4,276,Mais populares,2,233.0,
4,277,Mais populares,1,338.8,
4,279,Mais populares,2,337.0,
4,280,Mais populares,0,282.8,
4,281,Mais populares,0,364.0,
4,283,Mais populares,1,360.6,
4,285,Mais populares,1,365.0,
4,286,Mais populares,0,306.7,
4,287,Mais populares,1,333.5,
4,288,Mais populares,2,336.2,
4,289,Mais populares,0,383.5,
4,290,Mais populares,1,367.2,
4,291,Mais populares,4,336.4,
4,292,Mais populares,2,335.1,
4,293,Mais populares,3,268.6,
4,294,Mais populares,1,309.7,
4,295,Mais populares,2,363.9,
4,296,Mais populares,3,315.5,
4,297,Mais populares,2,303.0,
4,298,Mais populares,3,359.4,
4,299,Mais populares,0,290.7,
4,301,Mais populares,3,279.9,
4,303,Mais populares,5,255.2,
4,305,Mais populares,0,269.2,
4,306,Mais populares,0,371.3,
4,307,Mais populares,1,324.4,
4,308,Mais populares,1,298.6,
4,309,Mais populares,1,376.8,
4,311,Mais populares,3,301.6,
4,312,Mais populares,1,364.1,
4,313,Mais populares,3,322.7,
4,314,Mais populares,1,374.2,
4,315,Mais populares,0,359.2,
4,316,Mais populares,1,366.4,
4,317,Mais populares,0,378.9,
4,318,Mais populares,0,344.1,
4,319,Mais populares,0,386.7,
4,320,Mais populares,0,322.2,
4,321,Mais populares,0,355.8,
4,322,Mais populares,0,358.8,
4,323,Mais populares,1,287.6,
4,324,Mais populares,1,340.5,
4,325,Mais populares,0,336.2,
4,326,Mais populares,0,353.8,
4,327,Mais populares,3,267.6,
4,328,Mais populares,3,295.5,
4,329,Mais populares,1,317.6,
4,330,Mais populares,2,334.3,
4,331,Mais populares,0,367.2,
4,332,Mais populares,3,286.3,
4,333,Mais populares,1,368.5,
4,334,Mais populares,1,279.7,
4,336,Mais populares,1,355.7,
4,337,Mais populares,0,363.4,
4,338,Mais populares,0,359.4,
4,339,Mais populares,1,301.5,
4,340,Mais populares,0,361.7,
4,341,Mais populares,0,375.1,
4,342,Mais populares,0,350.1,
4,343,Mais populares,1,313.8,
4,344,Mais populares,1,299.0,
4,345,Mais populares,0,260.0,
4,346,Mais populares,1,295.3,
4,347,Mais populares,3,266.5,
4,348,Mais populares,1,359.2,
4,349,Mais populares,0,370.8,
4,350,Mais populares,2,350.5,
4,351,Mais populares,0,363.5,
4,354,Mais populares,1,345.3,
4,355,Mais populares,0,372.2,
4,356,Mais populares,1,372.2,
4,357,Mais populares,1,368.9,
4,358,Mais populares,0,377.7,
4,359,Mais populares,0,353.1,
4,360,Mais populares,1,333.1,
4,361,Mais populares,0,342.5,
4,362,Mais populares,1,366.7,
4,363,Mais populares,1,279.3,
4,365,Mais populares,0,351.7,
4,366,Mais populares,1,386.7,
4,367,Mais populares,0,346.0,
4,368,Mais populares,2,348.6,
4,369,Mais populares,0,366.1,
4,370,Mais populares,1,358.3,
4,371,Mais populares,1,361.1,
4,372,Mais populares,0,364.0,
4,373,Mais populares,0,346.4,
4,374,Mais populares,2,317.9,
4,376,Mais populares,0,364.4,
4,377,Mais populares,1,364.5,
4,378,Mais populares,6,263.7,
4,379,Mais populares,3,337.2,
4,380,Mais populares,2,330.2,
4,381,Mais populares,0,351.4,
4,382,Mais populares,0,341.5,
4,383,Mais populares,0,371.3,
4,384,Mais populares,0,370.1,
4,385,Mais populares,1,344.9,
4,386,Mais populares,1,365.2,
4,387,Mais populares,5,337.0,
4,388,Mais populares,2,346.3,
4,389,Mais populares,1,333.9,
4,390,Mais populares,2,359.9,
4,391,Mais populares,1,327.7,
4,392,Mais populares,1,336.0,
4,393,Mais populares,2,331.6,
4,394,Mais populares,2,326.8,
4,395,Mais populares,3,328.4,
4,396,Mais populares,0,363.4,
4,397,Mais populares,1,346.9,
4,398,Mais populares,1,359.6,
4,399,Mais populares,0,329.3,
4,401,Mais populares,0,328.3,
4,402,Mais populares,0,326.8,
4,403,Mais populares,0,318.6,
4,404,Mais populares,0,356.7,
4,405,Mais populares,0,354.9,
4,406,Mais populares,0,286.2,
4,407,Mais populares,1,278.9,
4,408,Mais populares,0,356.7,
4,409,Mais populares,2,347.0,
4,411,Mais populares,1,357.1,
4,412,Mais populares,0,377.2,
4,413,Mais populares,1,343.6,
4,414,Mais populares,1,360.7,
4,415,Mais populares,1,386.7,
4,416,Mais populares,4,226.0,
4,417,Mais populares,0,277.3,
4,419,Mais populares,1,341.4,
4,420,Mais populares,1,365.0,
4,421,Mais populares,1,361.0,
4,422,Mais populares,1,304.6,
4,423,Mais populares,1,360.2,
4,424,Mais populares,2,346.4,
4,425,Mais populares,1,280.5,
4,426,Mais populares,1,373.1,
4,427,Mais populares,1,376.8,
4,428,Mais populares,1,372.2,
4,429,Mais populares,3,296.0,
4,430,Mais populares,0,300.8,
4,431,Mais populares,1,378.5,
4,432,Mais populares,1,316.3,
4,433,Mais populares,1,364.2,
4,434,Mais populares,1,382.6,
4,435,Mais populares,6,300.8,
4,436,Mais populares,1,379.5,
4,437,Mais populares,1,331.7,
4,438,Mais populares,1,343.8,
4,439,Mais populares,0,368.1,
4,440,Mais populares,0,376.8,
4,441,Mais populares,0,354.2,
4,442,Mais populares,1,347.7,
4,443,Mais populares,0,366.3,
4,444,Mais populares,0,352.4,
4,445,Mais populares,0,332.1,
4,446,Mais populares,0,365.7,
4,447,Mais populares,2,294.4,
4,448,Mais populares,1,374.6,
4,449,Mais populares,0,369.8,
4,450,Mais populares,6,293.5,
4,451,Mais populares,0,356.7,
4,452,Mais populares,2,347.3,
4,453,Mais populares,2,328.6,
4,454,Mais populares,1,305.6,
4,455,Mais populares,4,315.8,
4,456,Mais populares,2,326.5,
4,457,Mais populares,6,306.1,
4,458,Mais populares,3,320.1,
4,459,Mais populares,2,314.0,
4,460,Mais populares,1,351.3,
4,461,Mais populares,1,372.2,
4,462,Mais populares,0,362.0,
4,463,Mais populares,1,331.5,
4,464,Mais populares,1,337.2,
4,465,Mais populares,1,327.3,
4,466,Mais populares,2,339.9,
4,467,Mais populares,1,344.8,
4,468,Mais populares,3,319.8,
4,469,Mais populares,0,379.4,
4,470,Mais populares,1,327.5,
4,471,Mais populares,0,369.0,
4,472,Mais populares,4,313.9,
4,473,Mais populares,0,386.1,
4,474,Mais populares,5,318.6,
4,476,Mais populares,0,372.7,
4,477,Mais populares,1,386.7,
4,478,Mais populares,0,346.0,
4,479,Mais populares,2,307.8,
4,480,Mais populares,1,355.2,
4,481,Mais populares,1,363.5,
4,482,Mais populares,0,349.4,
4,483,Mais populares,1,361.1,
4,484,Mais populares,2,303.9,
4,485,Mais populares,0,375.1,
4,486,Mais populares,1,297.8,
4,487,Mais populares,2,271.8,
4,488,Mais populares,1,305.6,
4,489,Mais populares,0,356.7,
4,490,Mais populares,1,344.0,
4,491,Mais populares,1,369.6,
4,492,Mais populares,0,369.8,
4,493,Mais populares,2,296.5,
4,494,Mais populares,3,339.7,
4,495,Mais populares,1,346.5,
4,496,Mais populares,1,366.1,
4,497,Mais populares,2,300.9,
4,498,Mais populares,0,335.0,
4,499,Mais populares,1,332.0,
4,500,Mais populares,2,311.9,
4,501,Mais populares,1,371.6,
4,502,Mais populares,1,370.6,
4,503,Mais populares,3,350.2,
4,504,Mais populares,2,323.1,
4,505,Mais populares,2,318.0,
4,506,Mais populares,1,347.5,
4,507,Mais populares,2,361.8,
4,508,Mais populares,0,359.2,
4,510,Mais populares,0,356.7,
4,511,Mais populares,1,375.1,
4,512,Mais populares,2,383.5,
4,513,Mais populares,0,354.4,
4,514,Mais populares,2,338.5,
4,515,Mais populares,1,366.2,
4,516,Mais populares,0,359.4,
4,518,Mais populares,1,374.7,
4,519,Mais populares,0,381.3,
4,520,Mais populares,0,368.9,
4,521,Mais populares,1,291.5,
4,522,Mais populares,0,378.0,
4,523,Mais populares,1,362.0,
4,524,Mais populares,0,331.8,
4,525,Mais populares,1,360.7,
4,526,Mais populares,1,337.7,
4,527,Mais populares,1,345.5,
4,528,Mais populares,1,359.3,
4,529,Mais populares,0,356.7,
4,530,Mais populares,2,366.1,
4,531,Mais populares,1,374.6,
4,532,Mais populares,1,357.6,
4,533,Mais populares,3,258.4,
4,534,Mais populares,1,357.5,
4,535,Mais populares,2,331.3,
4,536,Mais populares,1,355.2,
4,537,Mais populares,1,308.5,
4,538,Mais populares,1,315.5,
4,539,Mais populares,0,355.9,
4,540,Mais populares,2,333.3,
4,541,Mais populares,0,350.8,
4,542,Mais populares,2,345.7,
4,543,Mais populares,0,386.7,
4,544,Mais populares,0,370.1,
4,545,Mais populares,1,350.8,
4,546,Mais populares,2,334.5,
4,547,Mais populares,0,373.0,
4,548,Mais populares,4,324.1,
4,549,Mais populares,2,337.6,
4,550,Mais populares,1,347.0,
4,551,Mais populares,5,296.6,
4,552,Mais populares,5,341.3,
4,553,Mais populares,1,362.9,
4,554,Mais populares,1,296.6,
4,555,Mais populares,1,363.5,
4,556,Mais populares,0,366.6,
4,557,Mais populares,0,355.8,
4,558,Mais populares,0,371.3,
4,559,Mais populares,1,377.5,
4,560,Mais populares,0,325.3,
4,561,Mais populares,1,341.2,
4,562,Mais populares,3,369.2,
4,563,Mais populares,0,359.9,
4,564,Mais populares,1,353.5,
4,565,Mais populares,0,386.7,
4,566,Mais populares,0,350.4,
4,567,Mais populares,1,376.5,
4,568,Mais populares,1,379.4,
4,569,Mais populares,2,343.2,
4,570,Mais populares,1,372.9,
4,571,Mais populares,0,380.6,
4,572,Mais populares,0,367.7,
4,573,Mais populares,0,362.9,
4,574,Mais populares,2,370.1,
4,575,Mais populares,0,357.5,
4,576,Mais populares,0,350.6,
4,577,Mais populares,3,336.8,
4,578,Mais populares,0,370.6,
4,579,Mais populares,0,321.5,
4,580,Mais populares,3,344.6,
4,581,Mais populares,0,354.7,
4,582,Mais populares,0,314.0,
4,583,Mais populares,0,362.9,
4,584,Mais populares,0,357.7,
4,585,Mais populares,0,380.9,
4,586,Mais populares,2,377.6,
4,587,Mais populares,1,372.2,
4,588,Mais populares,3,301.7,
4,589,Mais populares,0,356.7,
4,590,Mais populares,0,369.8,
4,591,Mais populares,0,366.8,
4,592,Mais populares,6,270.4,
4,593,Mais populares,3,330.3,
4,594,Mais populares,0,347.4,
4,595,Mais populares,2,363.0,
4,596,Mais populares,1,336.6,
4,597,Mais populares,2,362.2,
4,599,Mais populares,1,377.3,
4,600,Mais populares,1,364.6,
4,601,Mais populares,1,351.1,
4,602,Mais populares,2,360.4,
4,603,Mais populares,0,336.9,
4,604,Mais populares,1,379.8,
4,605,Mais populares,0,331.7,
4,606,Mais populares,5,325.8,
4,607,Mais populares,0,377.1,
4,608,Mais populares,3,340.9,
4,609,Mais populares,0,366.7,
4,610,Mais populares,3,360.6,
4,611,Mais populares,0,378.5,
4,612,Mais populares,0,369.7,
4,613,Mais populares,1,373.6,
4,614,Mais populares,0,346.6,
4,615,Mais populares,0,370.5,
4,616,Mais populares,2,378.5,
4,617,Mais populares,0,365.2,
4,618,Mais populares,4,354.5,
4,619,Mais populares,1,334.6,
4,620,Mais populares,3,345.8,
4,621,Mais populares,2,366.8,
4,622,Mais populares,3,349.0,
4,623,Mais populares,0,347.1,
4,624,Mais populares,4,328.6,
4,625,Mais populares,2,355.0,
4,626,Mais populares,1,368.4,
4,627,Mais populares,1,375.9,
4,628,Mais populares,2,378.9,
4,629,Mais populares,4,351.2,
4,630,Mais populares,4,324.4,
4,631,Mais populares,0,368.4,
4,632,Mais populares,2,341.8,
4,633,Mais populares,1,363.2,
4,634,Mais populares,2,321.5,
4,635,Mais populares,0,374.9,
4,636,Mais populares,1,374.2,
4,637,Mais populares,2,338.1,
4,638,Mais populares,1,352.2,
4,639,Mais populares,2,375.6,
4,640,Mais populares,0,386.7,
4,641,Mais populares,0,379.2,
4,642,Mais populares,2,338.8,
4,643,Mais populares,2,336.5,
4,644,Mais populares,2,338.8,
4,645,Mais populares,2,352.5,
4,646,Mais populares,0,356.7,
4,647,Mais populares,1,379.0,
4,648,Mais populares,3,318.5,
4,649,Mais populares,2,382.0,
4,650,Mais populares,3,318.2,
4,651,Mais populares,0,379.4,
4,652,Mais populares,1,386.7,
4,653,Mais populares,4,323.1,
4,654,Mais populares,4,290.4,
4,655,Mais populares,3,302.5,
4,656,Mais populares,0,378.5,
4,657,Mais populares,1,365.7,
4,658,Mais populares,2,358.9,
4,659,Mais populares,2,342.0,
4,660,Mais populares,1,350.3,
4,661,Mais populares,3,361.6,
4,662,Mais populares,0,356.8,
4,663,Mais populares,6,312.6,
4,664,Mais populares,3,358.4,
4,665,Mais populares,4,378.2,
4,666,Mais populares,4,322.9,
4,667,Mais populares,0,386.7,
4,668,Mais populares,2,363.6,
4,669,Mais populares,3,369.1,
4,670,Mais populares,0,386.7,
4,671,Mais populares,2,367.4,
4,672,Mais populares,0,364.6,
4,673,Mais populares,1,375.1,
4,674,Mais populares,1,341.1,
4,675,Mais populares,1,379.2,
4,676,Mais populares,2,307.6,
4,677,Mais populares,1,364.0,
4,678,Mais populares,1,351.3,
4,679,Mais populares,1,353.7,
4,680,Mais populares,0,337.4,
4,681,Mais populares,1,366.2,
4,682,Mais populares,4,291.9,
4,683,Mais populares,0,356.9,
4,684,Mais populares,2,375.3,
4,686,Mais populares,1,363.7,
4,687,Mais populares,1,368.4,
4,688,Mais populares,0,381.3,
4,689,Mais populares,2,366.9,
4,690,Mais populares,1,381.7,
4,691,Mais populares,0,362.2,
4,692,Mais populares,1,372.4,
4,693,Mais populares,4,363.4,
4,694,Mais populares,1,346.2,
4,695,Mais populares,0,372.2,
4,696,Mais populares,0,380.9,
4,697,Mais populares,4,367.6,
4,698,Mais populares,3,370.4,
4,699,Mais populares,1,329.7,
4,700,Mais populares,1,366.1,
4,701,Mais populares,0,350.3,
4,702,Mais populares,1,372.7,
4,703,Mais populares,4,339.3,
4,704,Mais populares,0,353.5,
4,705,Mais populares,0,345.8,
4,706,Mais populares,3,359.4,
4,707,Mais populares,0,371.3,
4,708,Mais populares,2,355.5,
4,709,Mais populares,3,351.3,
4,710,Mais populares,2,312.6,
4,711,Mais populares,1,357.7,
4,712,Mais populares,1,374.4,
4,713,Mais populares,0,385.2,
4,714,Mais populares,1,329.6,
4,715,Mais populares,1,335.7,
4,716,Mais populares,5,363.7,
4,717,Mais populares,3,350.4,
4,718,Mais populares,1,385.2,
4,719,Mais populares,0,357.4,
4,720,Mais populares,1,379.2,
4,721,Mais populares,4,338.9,
4,722,Mais populares,1,371.1,
4,723,Mais populares,1,366.4,
4,724,Mais populares,1,372.7,
4,725,Mais populares,2,353.8,
4,726,Mais populares,0,377.3,
4,727,Mais populares,2,357.4,
4,728,Mais populares,1,380.9,
4,729,Mais populares,1,386.7,
4,730,Mais populares,3,358.6,
4,731,Mais populares,1,383.5,
4,732,Mais populares,0,365.7,
4,733,Mais populares,1,364.3,
4,734,Mais populares,0,356.3,
4,735,Mais populares,2,335.5,
4,736,Mais populares,2,359.9,
4,737,Mais populares,0,367.8,
4,738,Mais populares,3,322.1,
4,739,Mais populares,0,348.9,
4,740,Mais populares,3,372.9,
4,741,Mais populares,3,386.7,
4,742,Mais populares,3,364.2,
4,743,Mais populares,0,345.3,
4,744,Mais populares,1,371.6,
4,745,Mais populares,1,334.2,
4,746,Mais populares,1,364.6,
4,747,Mais populares,3,332.3,
4,748,Mais populares,3,348.4,
4,749,Mais populares,4,348.9,
4,750,Mais populares,1,363.6,
4,751,Mais populares,3,353.8,
4,752,Mais populares,0,372.2,
4,753,Mais populares,2,370.7,
4,754,Mais populares,0,379.4,
4,755,Mais populares,1,366.3,
4,756,Mais populares,2,361.1,
4,757,Mais populares,4,359.1,
4,758,Mais populares,6,279.5,
4,759,Mais populares,3,344.9,
4,760,Mais populares,1,354.4,
4,761,Mais populares,1,337.2,
4,762,Mais populares,0,380.9,
4,763,Mais populares,4,366.0,
4,764,Mais populares,4,356.5,
4,765,Mais populares,0,379.4,
4,766,Mais populares,2,379.6,
4,767,Mais populares,1,373.9,
4,768,Mais populares,2,350.7,
4,769,Mais populares,1,375.1,
4,770,Mais populares,2,350.1,
4,771,Mais populares,3,357.7,
4,772,Mais populares,1,373.0,
4,773,Mais populares,4,343.6,
4,774,Mais populares,1,322.3,
4,775,Mais populares,0,370.1,
4,776,Mais populares,2,386.1,
4,777,Mais populares,0,360.3,
4,778,Mais populares,0,386.7,
4,779,Mais populares,2,361.6,
4,780,Mais populares,1,370.4,
4,781,Mais populares,2,347.9,
4,782,Mais populares,2,350.3,
4,783,Mais populares,2,368.4,
4,784,Mais populares,1,378.5,
4,785,Mais populares,1,366.9,
4,786,Mais populares,4,350.8,
4,787,Mais populares,2,368.4,
4,788,Mais populares,3,377.8,
4,789,Mais populares,2,363.2,
4,790,Mais populares,6,363.0,
4,791,Mais populares,2,360.2,
4,792,Mais populares,2,386.7,
4,793,Mais populares,1,332.2,
4,794,Mais populares,3,363.5,
4,795,Mais populares,2,359.4,
4,796,Mais populares,5,367.3,
4,797,Mais populares,2,366.9,
4,798,Mais populares,2,361.7,
4,799,Mais populares,2,371.6,
4,800,Mais populares,1,358.7,
4,801,Mais populares,3,386.7,
4,802,Mais populares,2,364.4,
4,803,Mais populares,0,378.5,
4,804,Mais populares,4,339.7,
4,805,Mais populares,4,350.3,
4,806,Mais populares,4,360.0,
4,807,Mais populares,3,355.8,
4,808,Mais populares,2,381.4,
4,809,Mais populares,1,385.2,
4,810,Mais populares,3,386.7,
4,811,Mais populares,3,381.4,
4,812,Mais populares,1,378.9,
4,813,Mais populares,0,379.0,
4,814,Mais populares,0,371.7,
4,815,Mais populares,3,373.9,
4,816,Mais populares,2,376.8,
4,817,Mais populares,1,366.8,
4,818,Mais populares,0,366.2,
4,819,Mais populares,1,372.5,
4,820,Mais populares,1,372.5,
4,821,Mais populares,2,374.1,
4,822,Mais populares,0,383.5,
4,823,Mais populares,5,355.6,
4,824,Mais populares,0,380.9,
4,825,Mais populares,5,339.6,
4,826,Mais populares,5,373.1,
4,827,Mais populares,0,356.7,
4,828,Mais populares,1,381.3,
4,829,Mais populares,1,361.9,
4,830,Mais populares,4,363.1,
4,831,Mais populares,3,370.3,
4,832,Mais populares,1,359.8,
4,833,Mais populares,2,371.0,
4,834,Mais populares,4,352.6,
4,835,Mais populares,1,358.9,
4,836,Mais populares,1,380.9,
4,837,Mais populares,3,380.6,
4,838,Mais populares,4,347.5,
4,839,Mais populares,2,354.1,
4,840,Mais populares,2,353.1,
4,841,Mais populares,2,372.9,
4,842,Mais populares,0,372.9,
4,843,Mais populares,2,342.3,
4,844,Mais populares,3,371.8,
4,845,Mais populares,0,380.9,
4,846,Mais populares,3,365.0,
4,847,Mais populares,1,349.7,
4,848,Mais populares,1,363.6,
4,849,Mais populares,1,386.7,
4,850,Mais populares,4,373.1,
4,851,Mais populares,3,379.4,
4,852,Mais populares,3,373.0,
4,853,Mais populares,2,386.7,
4,854,Mais populares,5,364.1,
4,855,Mais populares,0,386.7,
4,856,Mais populares,0,363.6,
4,857,Mais populares,1,381.4,
4,858,Mais populares,0,379.4,
4,859,Mais populares,0,381.3,
4,860,Mais populares,2,378.0,
4,861,Mais populares,0,374.7,
4,862,Mais populares,4,353.8,
4,863,Mais populares,3,378.5,
4,864,Mais populares,9,350.8,
4,865,Mais populares,1,365.5,
4,866,Mais populares,0,386.7,
4,867,Mais populares,4,367.2,
4,868,Mais populares,4,376.5,
4,869,Mais populares,1,370.2,
4,870,Mais populares,3,324.8,
4,871,Mais populares,5,371.5,
4,872,Mais populares,2,378.1,
4,873,Mais populares,2,380.9,
4,874,Mais populares,0,369.8,
4,875,Mais populares,5,368.4,
4,876,Mais populares,0,368.1,
4,877,Mais populares,1,381.3,
4,878,Mais populares,2,377.4,
4,879,Mais populares,2,358.7,
4,880,Mais populares,9,361.1,
4,881,Mais populares,4,376.5,
4,882,Mais populares,6,351.2,
4,883,Mais populares,2,378.0,
4,884,Mais populares,2,386.1,
4,885,Mais populares,2,352.8,
4,886,Mais populares,5,353.4,
4,887,Mais populares,3,347.6,
4,888,Mais populares,1,378.0,
4,889,Mais populares,6,347.0,
4,890,Mais populares,3,358.6,
4,891,Mais populares,2,368.3,
4,892,Mais populares,6,358.9,
4,893,Mais populares,2,349.9,
4,894,Mais populares,1,347.4,
4,895,Mais populares,2,367.7,
4,896,Mais populares,5,343.5,
4,897,Mais populares,3,365.3,
4,898,Mais populares,1,379.2,
4,899,Mais populares,2,363.7,
4,900,Mais populares,1,378.0,
4,901,Mais populares,2,361.6,
4,902,Mais populares,2,382.0,
4,903,Mais populares,4,370.7,
4,904,Mais populares,1,374.3,
4,905,Mais populares,1,371.8,
4,906,Mais populares,2,378.5,
4,907,Mais populares,3,331.0,
4,908,Mais populares,3,358.3,
4,909,Mais populares,2,381.4,
4,910,Mais populares,3,334.4,
4,911,Mais populares,0,386.7,
4,912,Mais populares,0,386.7,
4,913,Mais populares,4,339.0,
4,914,Mais populares,0,386.7,
4,915,Mais populares,0,372.5,
4,916,Mais populares,4,368.4,
4,917,Mais populares,0,373.0,
4,918,Mais populares,0,383.5,
4,919,Mais populares,3,341.1,
4,920,Mais populares,0,366.2,
4,921,Mais populares,1,365.7,
4,922,Mais populares,4,352.2,
4,923,Mais populares,3,351.4,
4,924,Mais populares,3,348.4,
4,925,Mais populares,0,381.3,
4,926,Mais populares,1,373.0,
4,927,Mais populares,3,382.6,
4,928,Mais populares,1,379.8,
4,929,Mais populares,0,361.4,
4,930,Mais populares,1,346.8,
4,931,Mais populares,0,359.5,
4,932,Mais populares,2,372.4,
4,933,Mais populares,1,344.4,
4,934,Mais populares,3,369.8,
4,935,Mais populares,2,367.1,
4,936,Mais populares,3,331.9,
4,937,Mais populares,1,341.3,
4,938,Mais populares,2,318.9,
4,939,Mais populares,2,386.1,
4,940,Mais populares,3,339.1,
4,941,Mais populares,2,374.9,
4,942,Mais populares,1,376.8,
4,943,Mais populares,3,361.0,
5,1,KNN por nota,0,3.0,1.3
5,2,KNN por nota,0,3.3,1.2
5,3,KNN por nota,0,5.8,1.3
5,4,KNN por nota,0,5.8,1.1
5,5,KNN por nota,0,2.7,1.5
5,6,KNN por nota,0,2.1,1.1
5,7,KNN por nota,0,2.4,1.1
5,9,KNN por nota,0,6.1,1.8
5,10,KNN por nota,0,2.0,1.1
5,11,KNN por nota,0,2.3,1.2
5,12,KNN por nota,0,3.3,1.0
5,13,KNN por nota,0,2.6,1.6
5,14,KNN por nota,0,3.6,1.5
5,16,KNN por nota,0,2.2,1.2
5,17,KNN por nota,0,3.1,1.3
5,18,KNN por nota,0,2.1,1.3
5,20,KNN por nota,0,5.3,1.4
5,21,KNN por nota,0,2.1,1.4
5,22,KNN por nota,0,6.9,1.8
5,23,KNN por nota,0,2.6,1.3
5,24,KNN por nota,0,2.7,1.5
5,25,KNN por nota,0,3.5,1.0
5,26,KNN por nota,0,3.7,1.1
5,27,KNN por nota,0,2.4,1.2
5,28,KNN por nota,0,2.8,1.6
5,30,KNN por nota,0,2.8,1.1
5,31,KNN por nota,0,3.5,1.3
5,32,KNN por nota,0,2.9,1.2
5,33,KNN por nota,0,9.0,2.6
5,34,KNN por nota,0,2.4,1.2
5,37,KNN por nota,0,2.7,1.4
5,38,KNN por nota,0,5.1,1.7
5,39,KNN por nota,0,3.6,1.6
5,41,KNN por nota,0,2.5,1.3
5,42,KNN por nota,0,2.8,1.1
5,43,KNN por nota,0,3.2,1.2
5,44,KNN por nota,0,3.0,1.4
5,45,KNN por nota,0,8.9,2.1
5,46,KNN por nota,0,2.8,1.0
5,47,KNN por nota,0,3.7,1.3
5,48,KNN por nota,0,2.6,1.5
5,49,KNN por nota,0,2.2,1.3
5,52,KNN por nota,0,2.3,1.2
5,53,KNN por nota,0,2.7,1.0
5,55,KNN por nota,0,4.8,1.4
5,56,KNN por nota,0,3.6,1.5
5,57,KNN por nota,0,3.9,1.1
5,58,KNN por nota,0,2.5,1.3
5,59,KNN por nota,0,2.5,1.4
5,60,KNN por nota,0,2.4,1.2
5,62,KNN por nota,0,1.9,1.1
5,63,KNN por nota,0,3.3,1.3
5,64,KNN por nota,0,2.8,1.1
5,65,KNN por nota,0,2.3,1.2
5,66,KNN por nota,0,3.1,1.4
5,67,KNN por nota,0,3.6,1.3
5,70,KNN por nota,0,2.2,1.2
5,71,KNN por nota,0,3.4,1.6
5,72,KNN por nota,0,2.7,1.1
5,73,KNN por nota,0,2.1,1.5
5,74,KNN por nota,0,3.9,1.5
5,75,KNN por nota,0,4.2,1.4
5,76,KNN por nota,0,1.9,1.3
5,77,KNN por nota,0,2.7,1.3
5,78,KNN por nota,0,6.8,2.1
5,79,KNN por nota,0,3.6,1.2
5,80,KNN por nota,0,2.8,1.6
5,81,KNN por nota,0,3.2,1.2
5,82,KNN por nota,0,3.7,1.3
5,83,KNN por nota,0,3.5,1.1
5,84,KNN por nota,0,3.3,1.2
5,85,KNN por nota,0,3.2,1.1
5,86,KNN por nota,0,5.1,1.3
5,87,KNN por nota,0,3.6,1.0
5,88,KNN por nota,0,7.5,2.4
5,89,KNN por nota,0,3.9,1.2
5,90,KNN por nota,0,2.3,1.5
5,91,KNN por nota,0,3.1,1.2
5,92,KNN por nota,0,2.6,1.4
5,93,KNN por nota,0,4.2,1.1
5,94,KNN por nota,0,2.6,1.4
5,95,KNN por nota,0,3.3,1.0
5,96,KNN por nota,0,2.9,1.1
5,97,KNN por nota,0,4.0,1.7
5,98,KNN por nota,0,6.3,2.0
5,99,KNN por nota,0,5.0,1.5
5,100,KNN por nota,0,3.6,1.3
5,102,KNN por nota,0,2.0,1.2
5,103,KNN por nota,0,6.1,1.3
5,106,KNN por nota,0,1.8,1.0
5,109,KNN por nota,0,4.2,1.4
5,110,KNN por nota,0,3.4,1.1
5,111,KNN por nota,0,9.0,1.8
5,112,KNN por nota,0,3.7,1.0
5,113,KNN por nota,0,4.0,1.1
5,114,KNN por nota,0,3.2,1.4
5,115,KNN por nota,0,2.8,1.7
5,116,KNN por nota,0,2.6,1.5
5,117,KNN por nota,0,3.6,1.2
5,118,KNN por nota,0,2.6,1.3
5,119,KNN por nota,0,2.5,1.0
5,120,KNN por nota,0,3.3,1.2
5,121,KNN por nota,0,2.6,1.3
5,122,KNN por nota,0,2.7,1.6
5,123,KNN por nota,0,4.2,1.3
5,125,KNN por nota,0,3.9,1.2
5,126,KNN por nota,0,5.5,1.1
5,128,KNN por nota,0,3.0,1.2
5,130,KNN por nota,0,2.9,1.0
5,131,KNN por nota,0,3.6,1.3
5,132,KNN por nota,0,3.6,1.3
5,133,KNN por nota,0,6.4,1.5
5,134,KNN por nota,0,4.9,1.3
5,136,KNN por nota,0,3.2,1.3
5,137,KNN por nota,0,4.1,1.4
5,138,KNN por nota,0,2.0,1.1
5,139,KNN por nota,0,4.7,1.6
5,140,KNN por nota,0,3.5,1.3
5,141,KNN por nota,0,6.2,1.3
5,142,KNN por nota,0,3.8,1.7
5,143,KNN por nota,0,4.4,1.4
5,144,KNN por nota,0,2.8,1.0
5,145,KNN por nota,0,2.9,1.3
5,146,KNN por nota,0,4.2,1.6
5,147,KNN por nota,0,9.6,2.2
5,148,KNN por nota,0,2.8,1.2
5,150,KNN por nota,0,6.8,2.1
5,151,KNN por nota,0,2.5,1.3
5,152,KNN por nota,0,3.3,1.1
5,154,KNN por nota,0,2.6,1.4
5,156,KNN por nota,0,2.1,1.2
5,157,KNN por nota,0,4.3,1.2
5,158,KNN por nota,0,2.3,1.3
5,159,KNN por nota,0,2.3,1.1
5,160,KNN por nota,0,2.9,1.5
5,162,KNN por nota,0,5.6,1.1
5,164,KNN por nota,0,7.7,1.4
5,165,KNN por nota,0,5.2,1.3
5,167,KNN por nota,0,2.4,1.2
5,168,KNN por nota,0,5.0,1.1
5,170,KNN por nota,0,6.1,1.1
5,171,KNN por nota,0,4.0,1.3
5,173,KNN por nota,0,9.3,2.3
5,174,KNN por nota,0,2.6,1.1
5,175,KNN por nota,0,5.5,1.7
5,176,KNN por nota,0,3.7,1.4
5,177,KNN por nota,0,2.7,1.4
5,178,KNN por nota,0,3.9,1.2
5,179,KNN por nota,0,4.3,1.4
5,180,KNN por nota,0,2.6,1.1
5,181,KNN por nota,0,9.2,2.4
5,182,KNN por nota,0,2.7,1.1
5,183,KNN por nota,0,2.5,1.3
5,184,KNN por nota,0,2.4,1.2
5,185,KNN por nota,0,4.2,2.1
5,186,KNN por nota,0,4.2,1.3
5,187,KNN por nota,0,3.9,1.2
5,188,KNN por nota,0,3.0,1.6
5,189,KNN por nota,0,2.2,1.0
5,190,KNN por nota,0,3.9,1.1
5,192,KNN por nota,0,5.9,2.0
5,193,KNN por nota,0,3.3,1.3
5,194,KNN por nota,0,2.4,1.5
5,195,KNN por nota,0,49.6,22.4
5,197,KNN por nota,0,2.4,1.1
5,198,KNN por nota,0,2.4,1.3
5,200,KNN por nota,0,3.4,1.3
5,201,KNN por nota,0,3.3,1.8
5,202,KNN por nota,0,3.4,1.7
5,203,KNN por nota,0,4.8,1.2
5,204,KNN por nota,0,4.0,1.4
5,208,KNN por nota,0,7.5,1.5
5,209,KNN por nota,0,4.3,1.4
5,210,KNN por nota,0,2.1,1.4
5,211,KNN por nota,0,3.2,1.2
5,213,KNN por nota,0,2.9,1.1
5,214,KNN por nota,0,2.4,1.2
5,216,KNN por nota,0,2.4,1.3
5,217,KNN por nota,0,3.3,1.7
5,218,KNN por nota,0,3.4,1.2
5,219,KNN por nota,0,2.7,1.2
5,221,KNN por nota,0,2.5,1.2
5,222,KNN por nota,0,3.2,1.5
5,223,KNN por nota,0,3.5,1.2
5,224,KNN por nota,0,2.5,1.1
5,225,KNN por nota,0,3.4,1.3
5,226,KNN por nota,0,2.8,1.5
5,227,KNN por nota,0,3.2,1.5
5,229,KNN por nota,0,4.6,1.7
5,230,KNN por nota,0,2.8,1.2
5,231,KNN por nota,0,5.3,1.4
5,232,KNN por nota,0,2.5,1.5
5,233,KNN por nota,0,3.2,1.2
5,234,KNN por nota,0,2.8,1.3
5,235,KNN por nota,0,2.5,1.7
5,236,KNN por nota,0,2.6,1.1
5,237,KNN por nota,0,3.0,1.7
5,239,KNN por nota,0,4.4,1.3
5,240,KNN por nota,0,6.4,2.1
5,241,KNN por nota,0,4.9,1.4
5,242,KNN por nota,0,4.6,1.3
5,243,KNN por nota,0,2.6,1.5
5,244,KNN por nota,0,2.5,1.2
5,245,KNN por nota,0,3.7,1.1
5,246,KNN por nota,0,2.1,1.1
5,247,KNN por nota,0,3.2,1.4
5,248,KNN por nota,0,3.7,1.6
5,249,KNN por nota,0,3.2,1.2
5,250,KNN por nota,0,2.3,1.5
5,251,KNN por nota,0,2.7,1.1
5,252,KNN por nota,0,4.1,1.4
5,253,KNN por nota,0,2.5,1.2
5,254,KNN por nota,0,2.9,1.6
5,255,KNN por nota,0,2.0,1.0
5,256,KNN por nota,0,3.0,1.0
5,257,KNN por nota,0,3.0,1.1
5,258,KNN por nota,0,4.0,1.7
5,259,KNN por nota,0,2.6,1.3
5,261,KNN por nota,0,6.6,1.9
5,262,KNN por nota,0,2.1,1.1
5,263,KNN por nota,0,2.1,1.2
5,264,KNN por nota,0,2.2,1.3
5,265,KNN por nota,0,3.4,1.5
5,266,KNN por nota,0,5.7,1.7
5,267,KNN por nota,0,2.0,1.2
5,268,KNN por nota,0,2.7,1.1
5,269,KNN por nota,0,2.0,1.3
5,270,KNN por nota,0,2.5,1.6
5,271,KNN por nota,0,2.5,1.3
5,272,KNN por nota,0,2.7,1.1
5,273,KNN por nota,0,2.6,1.5
5,274,KNN por nota,0,3.9,1.4
5,275,KNN por nota,0,4.7,1.6
5,276,KNN por nota,0,2.6,1.4
5,277,KNN por nota,0,4.4,1.4
5,279,KNN por nota,0,3.1,1.6
5,280,KNN por nota,0,3.2,1.2
5,281,KNN por nota,0,12.3,2.8
5,283,KNN por nota,0,2.2,1.4
5,284,KNN por nota,0,4.6,1.4
5,286,KNN por nota,0,3.1,1.1
5,288,KNN por nota,0,3.3,1.7
5,289,KNN por nota,0,3.3,1.4
5,290,KNN por nota,0,3.2,1.2
5,291,KNN por nota,0,2.8,1.3
5,292,KNN por nota,0,1.9,1.3
5,293,KNN por nota,0,3.2,1.4
5,294,KNN por nota,0,4.9,1.8
5,295,KNN por nota,0,1.9,1.2
5,296,KNN por nota,0,2.4,1.3
5,297,KNN por nota,0,2.3,1.0
5,298,KNN por nota,0,3.0,1.2
5,299,KNN por nota,0,2.5,1.4
5,300,KNN por nota,0,8.9,1.9
5,301,KNN por nota,0,4.3,1.6
5,302,KNN por nota,0,3.7,1.1
5,303,KNN por nota,0,2.2,1.1
5,304,KNN por nota,0,5.3,2.1
5,305,KNN por nota,0,2.4,1.2
5,306,KNN por nota,0,3.5,1.3
5,307,KNN por nota,0,2.4,1.3
5,308,KNN por nota,0,3.3,1.3
5,310,KNN por nota,0,4.3,1.6
5,311,KNN por nota,0,3.3,1.5
5,312,KNN por nota,0,2.4,1.3
5,313,KNN por nota,0,2.8,1.8
5,314,KNN por nota,0,2.9,1.1
5,315,KNN por nota,0,2.0,1.6
5,316,KNN por nota,0,3.4,1.3
5,318,KNN por nota,0,3.6,1.4
5,320,KNN por nota,0,2.7,1.2
5,321,KNN por nota,0,2.3,1.3
5,322,KNN por nota,0,2.1,1.3
5,323,KNN por nota,0,2.7,1.3
5,324,KNN por nota,0,26.8,10.2
5,325,KNN por nota,0,1.8,1.3
5,326,KNN por nota,0,2.0,1.0
5,327,KNN por nota,0,3.0,1.4
5,328,KNN por nota,0,2.5,1.1
5,329,KNN por nota,0,3.5,1.3
5,330,KNN por nota,0,3.4,1.4
5,331,KNN por nota,0,2.2,1.3
5,332,KNN por nota,0,3.1,1.1
5,334,KNN por nota,0,2.2,1.7
5,335,KNN por nota,0,3.1,1.3
5,336,KNN por nota,0,3.8,1.9
5,337,KNN por nota,0,4.0,1.8
5,338,KNN por nota,0,2.9,1.3
5,339,KNN por nota,0,2.3,1.4
5,340,KNN por nota,0,4.7,1.5
5,341,KNN por nota,0,10.1,3.3
5,342,KNN por nota,0,2.1,1.2
5,343,KNN por nota,0,3.5,1.2
5,344,KNN por nota,0,1.6,1.3
5,345,KNN por nota,0,2.3,1.2
5,346,KNN por nota,0,3.2,1.2
5,347,KNN por nota,0,3.3,1.5
5,348,KNN por nota,0,5.2,1.1
5,349,KNN por nota,0,4.1,1.9
5,350,KNN por nota,0,2.5,1.1
5,351,KNN por nota,0,6.4,2.5
5,352,KNN por nota,0,2.2,1.5
5,353,KNN por nota,0,4.9,1.6
5,354,KNN por nota,0,2.3,1.3
5,355,KNN por nota,0,4.6,2.0
5,356,KNN por nota,0,4.9,1.2
5,357,KNN por nota,0,4.6,1.4
5,358,KNN por nota,0,3.3,1.6
5,359,KNN por nota,0,4.4,1.3
5,360,KNN por nota,0,2.2,1.2
5,361,KNN por nota,0,2.3,1.4
5,362,KNN por nota,0,21.2,9.1
5,363,KNN por nota,0,2.1,1.1
5,364,KNN por nota,0,5.8,1.9
5,365,KNN por nota,0,5.3,1.7
5,367,KNN por nota,0,2.4,1.5
5,369,KNN por nota,0,3.2,1.1
5,370,KNN por nota,0,3.3,1.2
5,371,KNN por nota,0,2.7,1.2
5,372,KNN por nota,0,7.7,2.8
5,373,KNN por nota,0,1.8,1.1
5,374,KNN por nota,0,2.4,1.0
5,375,KNN por nota,0,2.1,1.3
5,376,KNN por nota,0,3.9,1.5
5,377,KNN por nota,0,3.5,1.7
5,378,KNN por nota,0,2.6,1.2
5,379,KNN por nota,0,1.9,1.2
5,380,KNN por nota,0,2.2,1.1
5,381,KNN por nota,0,2.3,1.0
5,382,KNN por nota,0,2.3,1.3
5,383,KNN por nota,0,3.5,1.0
5,384,KNN por nota,0,10.8,2.8
5,385,KNN por nota,0,2.2,1.3
5,387,KNN por nota,0,5.0,1.4
5,388,KNN por nota,0,4.2,1.1
5,389,KNN por nota,0,2.7,1.5
5,391,KNN por nota,0,2.0,1.3
5,392,KNN por nota,0,2.5,1.3
5,393,KNN por nota,0,3.0,1.3
5,394,KNN por nota,0,3.0,1.8
5,395,KNN por nota,0,2.6,1.1
5,396,KNN por nota,0,3.3,1.1
5,397,KNN por nota,0,2.3,1.4
5,398,KNN por nota,0,2.2,1.3
5,399,KNN por nota,0,2.4,1.3
5,400,KNN por nota,0,6.5,1.9
5,401,KNN por nota,0,3.6,1.2
5,402,KNN por nota,0,2.8,1.2
5,403,KNN por nota,0,3.6,1.5
5,404,KNN por nota,0,5.2,1.8
5,405,KNN por nota,0,2.8,1.1
5,406,KNN por nota,0,3.6,1.4
5,407,KNN por nota,0,2.1,1.3
5,408,KNN por nota,0,4.0,1.4
5,409,KNN por nota,0,2.0,1.4
5,410,KNN por nota,0,6.0,1.1
5,411,KNN por nota,0,2.6,1.4
5,412,KNN por nota,0,3.2,1.6
5,413,KNN por nota,0,2.9,1.2
5,414,KNN por nota,0,3.8,1.3
5,415,KNN por nota,0,2.9,1.3
5,416,KNN por nota,0,2.9,1.0
5,417,KNN por nota,0,2.3,1.1
5,419,KNN por nota,0,2.7,1.2
5,420,KNN por nota,0,2.7,1.4
5,421,KNN por nota,0,4.0,1.8
5,422,KNN por nota,0,2.7,1.2
5,423,KNN por nota,0,3.7,1.3
5,424,KNN por nota,0,3.3,1.1
5,425,KNN por nota,0,3.5,1.8
5,426,KNN por nota,0,2.1,1.0
5,427,KNN por nota,0,5.2,1.7
5,428,KNN por nota,0,9.0,1.9
5,429,KNN por nota,0,3.0,1.8
5,430,KNN por nota,0,2.5,1.1
5,431,KNN por nota,0,11.4,2.2
5,432,KNN por nota,0,5.1,1.4
5,434,KNN por nota,0,5.0,1.2
5,435,KNN por nota,0,4.5,1.4
5,436,KNN por nota,0,2.8,1.1
5,437,KNN por nota,0,2.0,1.3
5,438,KNN por nota,0,3.8,1.3
5,439,KNN por nota,0,3.4,1.1
5,440,KNN por nota,0,5.4,1.5
5,441,KNN por nota,0,5.3,1.3
5,442,KNN por nota,0,2.8,1.4
5,445,KNN por nota,0,3.9,1.3
5,446,KNN por nota,0,3.1,1.4
5,447,KNN por nota,0,2.5,1.6
5,448,KNN por nota,0,4.4,1.5
5,449,KNN por nota,0,2.9,1.5
5,450,KNN por nota,0,2.4,1.4
5,451,KNN por nota,0,28.4,8.9
5,452,KNN por nota,0,2.5,1.3
5,453,KNN por nota,0,3.1,1.3
5,454,KNN por nota,0,2.7,1.1
5,455,KNN por nota,0,3.1,1.1
5,456,KNN por nota,0,2.2,1.2
5,457,KNN por nota,0,3.0,1.8
5,458,KNN por nota,0,2.3,1.7
5,459,KNN por nota,0,3.4,1.0
5,460,KNN por nota,0,3.3,1.3
5,462,KNN por nota,0,7.6,1.7
5,463,KNN por nota,0,3.6,1.0
5,464,KNN por nota,0,2.5,1.3
5,465,KNN por nota,0,3.6,1.3
5,466,KNN por nota,0,3.9,1.9
5,467,KNN por nota,0,4.7,2.3
5,468,KNN por nota,0,2.2,1.1
5,469,KNN por nota,0,4.1,1.3
5,470,KNN por nota,0,4.4,1.4
5,471,KNN por nota,0,4.0,1.2
5,472,KNN por nota,0,4.1,1.5
5,473,KNN por nota,0,3.3,1.3
5,474,KNN por nota,0,2.3,1.4
5,475,KNN por nota,0,3.4,1.3
5,476,KNN por nota,0,3.3,1.3
5,477,KNN por nota,0,3.0,1.1
5,478,KNN por nota,0,2.9,1.2
5,479,KNN por nota,0,2.0,1.0
5,480,KNN por nota,0,2.5,1.1
5,481,KNN por nota,0,4.4,1.6
5,482,KNN por nota,0,6.6,2.2
5,483,KNN por nota,0,4.1,1.0
5,484,KNN por nota,0,3.5,1.1
5,485,KNN por nota,0,10.4,2.6
5,486,KNN por nota,0,2.9,1.4
5,487,KNN por nota,0,3.8,1.1
5,488,KNN por nota,0,3.1,1.2
5,489,KNN por nota,0,3.9,1.4
5,490,KNN por nota,0,3.9,1.7
5,491,KNN por nota,0,2.6,1.2
5,492,KNN por nota,0,3.7,1.8
5,493,KNN por nota,0,3.5,1.0
5,494,KNN por nota,0,4.4,1.0
5,495,KNN por nota,0,2.5,1.7
5,496,KNN por nota,0,2.6,1.6
5,497,KNN por nota,0,3.3,1.7
5,498,KNN por nota,0,2.0,1.3
5,499,KNN por nota,0,2.3,1.2
5,500,KNN por nota,0,2.3,1.5
5,501,KNN por nota,0,4.0,1.6
5,502,KNN por nota,0,9.6,2.5
5,503,KNN por nota,0,2.5,1.1
5,504,KNN por nota,0,2.3,1.0
5,505,KNN por nota,0,4.9,1.4
5,506,KNN por nota,0,2.9,1.5
5,507,KNN por nota,0,5.0,2.1
5,508,KNN por nota,0,2.6,1.4
5,509,KNN por nota,0,2.5,1.1
5,510,KNN por nota,0,3.4,1.0
5,511,KNN por nota,0,13.1,2.2
5,512,KNN por nota,0,5.8,2.1
5,513,KNN por nota,0,4.9,1.0
5,514,KNN por nota,0,2.9,1.5
5,515,KNN por nota,0,7.4,2.2
5,516,KNN por nota,0,3.7,1.0
5,517,KNN por nota,0,7.0,2.0
5,518,KNN por nota,0,7.6,1.7
5,519,KNN por nota,0,6.0,1.7
5,520,KNN por nota,0,5.6,1.9
5,521,KNN por nota,0,2.5,1.3
5,522,KNN por nota,0,4.7,2.1
5,523,KNN por nota,0,2.8,1.1
5,524,KNN por nota,0,2.7,1.4
5,525,KNN por nota,0,3.7,1.0
5,526,KNN por nota,0,3.0,1.4
5,527,KNN por nota,0,2.8,1.2
5,528,KNN por nota,0,3.1,1.2
5,529,KNN por nota,0,3.9,1.2
5,530,KNN por nota,0,2.4,1.4
5,531,KNN por nota,0,8.1,2.0
5,532,KNN por nota,0,3.0,1.5
5,533,KNN por nota,0,2.8,1.0
5,534,KNN por nota,0,3.9,1.2
5,535,KNN por nota,0,1.6,1.1
5,536,KNN por nota,0,3.2,1.0
5,537,KNN por nota,0,2.5,1.6
5,538,KNN por nota,0,2.4,1.3
5,539,KNN por nota,0,2.3,1.2
5,540,KNN por nota,0,4.2,1.5
5,541,KNN por nota,0,2.6,1.3
5,542,KNN por nota,0,2.5,1.5
5,543,KNN por nota,0,2.0,1.5
5,544,KNN por nota,0,11.2,3.3
5,545,KNN por nota,0,3.2,1.4
5,546,KNN por nota,0,4.0,1.4
5,547,KNN por nota,0,3.1,1.5
5,548,KNN por nota,0,2.5,1.2
5,549,KNN por nota,0,4.2,1.4
5,550,KNN por nota,0,3.3,1.3
5,551,KNN por nota,0,2.4,1.4
5,552,KNN por nota,0,4.0,1.3
5,553,KNN por nota,0,2.8,1.1
5,554,KNN por nota,0,2.9,1.2
5,555,KNN por nota,0,3.2,1.0
5,556,KNN por nota,0,2.7,1.2
5,557,KNN por nota,0,2.7,1.3
5,558,KNN por nota,0,4.6,1.7
5,559,KNN por nota,0,3.8,1.3
5,560,KNN por nota,0,3.3,1.1
5,561,KNN por nota,0,2.5,1.4
5,562,KNN por nota,0,3.6,1.5
5,563,KNN por nota,0,3.6,1.1
5,564,KNN por nota,0,4.4,1.3
5,565,KNN por nota,0,4.7,2.0
5,566,KNN por nota,0,2.4,1.1
5,567,KNN por nota,0,5.4,2.1
5,568,KNN por nota,0,3.0,1.5
5,569,KNN por nota,0,2.7,1.0
5,570,KNN por nota,0,3.4,1.5
5,571,KNN por nota,0,3.3,1.2
5,572,KNN por nota,0,3.0,1.1
5,573,KNN por nota,0,3.8,1.4
5,574,KNN por nota,0,2.9,1.2
5,575,KNN por nota,0,2.9,1.3
5,576,KNN por nota,0,3.5,1.0
5,577,KNN por nota,0,3.5,1.2
5,578,KNN por nota,0,9.9,2.7
5,579,KNN por nota,0,2.4,1.1
5,580,KNN por nota,0,3.4,1.0
5,581,KNN por nota,0,3.5,1.5
5,582,KNN por nota,0,4.1,1.4
5,583,KNN por nota,0,4.5,2.5
5,584,KNN por nota,0,3.8,1.3
5,585,KNN por nota,0,2.0,1.2
5,586,KNN por nota,0,4.1,1.5
5,587,KNN por nota,0,4.3,1.3
5,588,KNN por nota,0,2.0,1.1
5,589,KNN por nota,0,7.1,1.5
5,590,KNN por nota,0,2.8,1.3
5,591,KNN por nota,0,2.6,1.7
5,592,KNN por nota,0,2.7,1.5
5,593,KNN por nota,0,3.3,1.2
5,594,KNN por nota,0,3.0,1.4
5,595,KNN por nota,0,5.1,1.6
5,596,KNN por nota,0,7.9,1.4
5,597,KNN por nota,0,6.6,1.8
5,598,KNN por nota,0,8.9,1.6
5,599,KNN por nota,0,7.6,1.7
5,600,KNN por nota,0,2.6,1.4
5,601,KNN por nota,0,2.4,1.3
5,603,KNN por nota,0,3.0,1.3
5,604,KNN por nota,0,3.4,1.3
5,605,KNN por nota,0,3.9,1.0
5,606,KNN por nota,0,3.3,1.7
5,607,KNN por nota,0,3.8,1.9
5,608,KNN por nota,0,2.8,1.6
5,609,KNN por nota,0,3.0,1.3
5,610,KNN por nota,0,2.0,1.0
5,611,KNN por nota,0,7.7,2.0
5,612,KNN por nota,0,3.5,1.2
5,613,KNN por nota,0,2.5,1.1
5,614,KNN por nota,0,3.7,1.3
5,615,KNN por nota,0,2.2,1.5
5,616,KNN por nota,0,16.1,5.4
5,617,KNN por nota,0,1.9,1.4
5,618,KNN por nota,0,2.7,1.4
5,619,KNN por nota,0,2.0,1.1
5,620,KNN por nota,0,6.2,1.4
5,621,KNN por nota,0,8.0,3.6
5,622,KNN por nota,0,2.7,1.5
5,623,KNN por nota,0,5.4,1.1
5,624,KNN por nota,0,3.1,1.0
5,625,KNN por nota,0,3.2,1.3
5,626,KNN por nota,0,4.9,1.4
5,627,KNN por nota,0,3.4,1.4
5,628,KNN por nota,0,7.2,1.3
5,629,KNN por nota,0,2.9,1.4
5,630,KNN por nota,0,12.9,3.7
5,631,KNN por nota,0,4.3,1.7
5,632,KNN por nota,0,2.7,1.2
5,633,KNN por nota,0,5.5,1.6
5,634,KNN por nota,0,3.7,1.4
5,635,KNN por nota,0,4.0,1.2
5,636,KNN por nota,0,3.7,1.2
5,637,KNN por nota,0,2.4,1.0
5,638,KNN por nota,0,3.5,1.0
5,639,KNN por nota,0,3.2,1.7
5,640,KNN por nota,0,2.0,1.3
5,641,KNN por nota,0,2.0,1.6
5,642,KNN por nota,0,6.3,1.2
5,643,KNN por nota,0,1.9,1.2
5,644,KNN por nota,0,4.5,1.4
5,645,KNN por nota,0,2.5,1.4
5,646,KNN por nota,0,3.4,1.4
5,647,KNN por nota,0,2.2,1.1
5,648,KNN por nota,0,2.6,1.1
5,649,KNN por nota,0,4.3,1.0
5,650,KNN por nota,0,2.4,1.3
5,651,KNN por nota,0,5.8,2.2
5,652,KNN por nota,0,2.9,1.2
5,653,KNN por nota,0,3.6,1.7
5,654,KNN por nota,0,3.0,1.4
5,655,KNN por nota,0,2.7,1.7
5,657,KNN por nota,0,5.7,1.9
5,658,KNN por nota,0,1.9,1.1
5,659,KNN por nota,0,3.7,1.3
5,660,KNN por nota,0,2.2,1.3
5,661,KNN por nota,0,2.5,1.5
5,662,KNN por nota,0,5.0,1.3
5,663,KNN por nota,0,3.9,1.6
5,664,KNN por nota,0,1.9,1.4
5,665,KNN por nota,0,2.9,1.0
5,666,KNN por nota,0,2.5,1.4
5,667,KNN por nota,0,3.2,1.4
5,668,KNN por nota,0,5.5,2.2
5,669,KNN por nota,0,2.4,1.2
5,670,KNN por nota,0,4.3,1.4
5,671,KNN por nota,0,3.2,1.4
5,672,KNN por nota,0,4.2,1.5
5,673,KNN por nota,0,5.2,1.9
5,674,KNN por nota,0,4.1,1.2
5,675,KNN por nota,0,2.5,1.5
5,676,KNN por nota,0,3.9,1.9
5,677,KNN por nota,0,9.9,2.0
5,678,KNN por nota,0,5.5,1.7
5,679,KNN por nota,0,4.2,1.8
5,680,KNN por nota,0,2.6,1.3
5,681,KNN por nota,0,9.2,2.6
5,682,KNN por nota,0,3.1,1.2
5,683,KNN por nota,0,2.8,1.2
5,684,KNN por nota,0,3.0,1.1
5,686,KNN por nota,0,2.5,1.4
5,687,KNN por nota,0,15.2,4.4
5,688,KNN por nota,0,8.2,1.8
5,689,KNN por nota,0,4.7,1.5
5,690,KNN por nota,0,1.8,1.1
5,691,KNN por nota,0,3.1,1.1
5,692,KNN por nota,0,2.4,1.1
5,693,KNN por nota,0,2.1,1.2
5,694,KNN por nota,0,2.8,1.5
5,695,KNN por nota,0,4.1,1.1
5,696,KNN por nota,0,4.2,1.3
5,697,KNN por nota,0,5.5,1.2
5,698,KNN por nota,0,3.6,1.3
5,699,KNN por nota,0,2.3,1.3
5,700,KNN por nota,0,3.1,1.0
5,701,KNN por nota,0,3.0,1.2
5,702,KNN por nota,0,6.3,1.5
5,703,KNN por nota,0,5.3,1.3
5,704,KNN por nota,0,3.3,1.5
5,705,KNN por nota,0,5.0,1.5
5,706,KNN por nota,0,8.3,1.6
5,707,KNN por nota,0,2.1,1.4
5,708,KNN por nota,0,4.4,1.3
5,709,KNN por nota,0,3.7,1.7
5,710,KNN por nota,0,2.6,1.5
5,711,KNN por nota,0,2.3,1.3
5,712,KNN por nota,0,5.9,1.2
5,713,KNN por nota,0,3.8,1.9
5,714,KNN por nota,0,6.1,1.8
5,715,KNN por nota,0,3.5,1.7
5,716,KNN por nota,0,2.1,1.1
5,717,KNN por nota,0,3.8,1.0
5,718,KNN por nota,0,7.0,1.6
5,719,KNN por nota,0,2.3,1.3
5,720,KNN por nota,0,11.8,4.8
5,721,KNN por nota,0,2.7,1.0
5,722,KNN por nota,0,4.8,1.6
5,723,KNN por nota,0,4.5,1.2
5,724,KNN por nota,0,13.5,2.8
5,725,KNN por nota,0,6.2,1.6
5,726,KNN por nota,0,6.0,2.1
5,727,KNN por nota,0,2.5,1.4
5,728,KNN por nota,0,3.4,1.5
5,730,KNN por nota,0,4.7,1.3
5,731,KNN por nota,0,4.8,1.5
5,732,KNN por nota,0,12.7,3.4
5,733,KNN por nota,0,2.8,1.4
5,734,KNN por nota,0,2.4,1.1
5,735,KNN por nota,0,3.4,1.3
5,737,KNN por nota,0,2.3,1.2
5,738,KNN por nota,0,2.5,1.2
5,739,KNN por nota,0,5.2,2.2
5,740,KNN por nota,0,11.2,3.4
5,741,KNN por nota,0,2.7,1.4
5,742,KNN por nota,0,4.7,1.3
5,743,KNN por nota,0,3.3,1.3
5,744,KNN por nota,0,2.6,1.5
5,745,KNN por nota,0,3.2,1.4
5,746,KNN por nota,0,3.1,1.5
5,747,KNN por nota,0,1.9,1.0
5,748,KNN por nota,0,3.0,1.3
5,749,KNN por nota,0,3.7,1.3
5,750,KNN por nota,0,13.7,2.8
5,751,KNN por nota,0,1.8,1.0
5,752,KNN por nota,0,6.8,2.4
5,753,KNN por nota,0,3.0,1.2
5,754,KNN por nota,0,4.5,1.3
5,755,KNN por nota,0,4.5,1.2
5,756,KNN por nota,0,2.7,1.3
5,757,KNN por nota,0,4.0,1.6
5,758,KNN por nota,0,1.7,1.1
5,759,KNN por nota,0,4.8,1.2
5,760,KNN por nota,0,3.7,1.3
5,761,KNN por nota,0,5.6,1.3
5,762,KNN por nota,0,3.2,1.5
5,763,KNN por nota,0,3.3,2.0
5,764,KNN por nota,0,3.0,1.0
5,765,KNN por nota,0,3.7,1.4
5,766,KNN por nota,0,1.8,1.2
5,767,KNN por nota,0,2.5,1.5
5,768,KNN por nota,0,3.5,1.1
5,769,KNN por nota,0,3.7,1.2
5,770,KNN por nota,0,4.5,1.1
5,771,KNN por nota,0,4.7,1.4
5,772,KNN por nota,0,3.1,1.6
5,773,KNN por nota,0,2.5,1.6
5,774,KNN por nota,0,2.1,1.3
5,775,KNN por nota,0,6.8,1.5
5,776,KNN por nota,0,2.8,1.2
5,777,KNN por nota,0,3.9,1.4
5,778,KNN por nota,0,4.5,2.1
5,779,KNN por nota,0,6.9,1.5
5,780,KNN por nota,0,2.6,1.3
5,781,KNN por nota,0,4.4,1.5
5,782,KNN por nota,0,10.7,2.7
5,783,KNN por nota,0,4.1,1.2
5,784,KNN por nota,0,4.5,1.2
5,785,KNN por nota,0,7.7,2.3
5,786,KNN por nota,0,3.4,1.0
5,787,KNN por nota,0,3.7,1.6
5,788,KNN por nota,0,2.4,1.1
5,789,KNN por nota,0,3.7,1.3
5,790,KNN por nota,0,3.9,1.1
5,791,KNN por nota,0,3.8,1.1
5,792,KNN por nota,0,8.6,2.3
5,793,KNN por nota,0,5.1,1.8
5,794,KNN por nota,0,3.4,1.4
5,795,KNN por nota,0,1.8,1.1
5,796,KNN por nota,0,3.0,1.3
5,797,KNN por nota,0,3.1,1.1
5,798,KNN por nota,0,3.5,1.7
5,799,KNN por nota,0,3.7,1.2
5,800,KNN por nota,0,3.4,1.1
5,801,KNN por nota,0,4.0,1.2
5,802,KNN por nota,0,11.3,4.8
5,803,KNN por nota,0,8.5,2.1
5,804,KNN por nota,0,3.5,1.6
5,805,KNN por nota,0,2.0,1.2
5,806,KNN por nota,0,2.2,1.4
5,807,KNN por nota,0,2.7,1.0
5,808,KNN por nota,0,3.2,1.2
5,809,KNN por nota,0,4.4,1.8
5,810,KNN por nota,0,3.5,1.1
5,811,KNN por nota,0,6.8,1.6
5,812,KNN por nota,0,4.4,1.4
5,813,KNN por nota,0,3.0,1.2
5,814,KNN por nota,0,4.3,2.5
5,815,KNN por nota,0,2.0,1.2
5,816,KNN por nota,0,4.6,1.4
5,817,KNN por nota,0,4.7,1.5
5,818,KNN por nota,0,4.1,1.8
5,819,KNN por nota,0,4.3,2.1
5,820,KNN por nota,0,23.5,11.5
5,821,KNN por nota,0,4.1,1.4
5,822,KNN por nota,0,4.4,1.4
5,823,KNN por nota,0,2.8,1.3
5,824,KNN por nota,0,3.6,1.1
5,825,KNN por nota,0,3.4,1.1
5,826,KNN por nota,0,4.9,1.7
5,827,KNN por nota,0,5.1,1.8
5,828,KNN por nota,0,4.9,1.5
5,829,KNN por nota,0,1.6,1.3
5,830,KNN por nota,0,3.2,1.5
5,831,KNN por nota,0,4.0,1.2
5,832,KNN por nota,0,5.3,1.2
5,833,KNN por nota,0,2.4,1.4
5,834,KNN por nota,0,3.3,1.1
5,835,KNN por nota,0,2.5,1.1
5,836,KNN por nota,0,1.8,1.4
5,837,KNN por nota,0,3.0,1.2
5,838,KNN por nota,0,2.6,1.2
5,839,KNN por nota,0,3.6,1.2
5,840,KNN por nota,0,2.4,1.2
5,841,KNN por nota,0,7.0,1.6
5,842,KNN por nota,0,11.9,3.3
5,843,KNN por nota,0,2.9,1.3
5,844,KNN por nota,0,3.6,1.0
5,845,KNN por nota,0,6.7,2.4
5,846,KNN por nota,0,1.9,1.2
5,847,KNN por nota,0,3.3,1.2
5,848,KNN por nota,0,2.1,1.3
5,849,KNN por nota,0,5.7,1.6
5,850,KNN por nota,0,3.9,1.2
5,851,KNN por nota,1,3.7,1.5
5,852,KNN por nota,0,4.7,1.4
5,853,KNN por nota,0,5.8,1.7
5,854,KNN por nota,0,2.2,1.4
5,855,KNN por nota,0,3.6,1.6
5,856,KNN por nota,0,4.6,1.3
5,858,KNN por nota,1,4.2,1.5
5,859,KNN por nota,0,3.8,1.6
5,860,KNN por nota,0,2.4,1.5
5,861,KNN por nota,0,2.0,1.0
5,862,KNN por nota,0,2.7,1.5
5,863,KNN por nota,0,12.9,2.4
5,864,KNN por nota,0,3.2,1.2
5,865,KNN por nota,0,3.3,1.5
5,866,KNN por nota,0,3.5,1.0
5,867,KNN por nota,0,3.3,1.1
5,868,KNN por nota,0,2.5,1.3
5,869,KNN por nota,0,4.0,1.8
5,870,KNN por nota,0,2.4,1.4
5,871,KNN por nota,0,3.3,1.4
5,872,KNN por nota,1,22.9,9.6
5,873,KNN por nota,0,7.0,1.8
5,874,KNN por nota,0,3.0,1.5
5,875,KNN por nota,0,3.3,1.4
5,876,KNN por nota,0,5.0,1.1
5,877,KNN por nota,0,2.9,1.4
5,878,KNN por nota,0,2.4,1.3
5,879,KNN por nota,0,3.9,1.4
5,880,KNN por nota,0,3.0,1.6
5,881,KNN por nota,0,2.5,1.5
5,882,KNN por nota,0,2.8,1.1
5,883,KNN por nota,0,4.6,1.7
5,884,KNN por nota,0,3.0,1.4
5,885,KNN por nota,0,3.2,1.2
5,886,KNN por nota,1,3.0,1.6
5,887,KNN por nota,0,5.7,1.4
5,888,KNN por nota,0,5.8,1.4
5,889,KNN por nota,0,2.2,1.2
5,890,KNN por nota,0,2.2,1.2
5,891,KNN por nota,0,5.3,2.1
5,892,KNN por nota,0,3.4,1.7
5,893,KNN por nota,0,3.8,1.4
5,894,KNN por nota,0,2.9,1.9
5,895,KNN por nota,0,4.0,1.0
5,896,KNN por nota,0,3.3,1.6
5,897,KNN por nota,0,3.8,1.2
5,898,KNN por nota,0,2.1,1.4
5,899,KNN por nota,0,3.0,1.3
5,900,KNN por nota,0,3.1,1.1
5,901,KNN por nota,0,8.0,1.3
5,902,KNN por nota,0,4.6,1.5
5,903,KNN por nota,0,2.3,1.2
5,904,KNN por nota,0,2.5,1.1
5,905,KNN por nota,0,8.9,2.7
5,906,KNN por nota,0,3.0,1.2
5,907,KNN por nota,0,3.4,1.6
5,908,KNN por nota,0,2.0,1.3
5,909,KNN por nota,0,3.5,1.4
5,910,KNN por nota,0,3.0,1.2
5,911,KNN por nota,0,3.5,1.4
5,912,KNN por nota,0,6.3,1.8
5,913,KNN por nota,0,2.3,1.3
5,914,KNN por nota,0,6.1,1.8
5,915,KNN por nota,0,5.1,1.4
5,916,KNN por nota,0,2.2,1.8
5,917,KNN por nota,0,4.0,1.3
5,918,KNN por nota,0,4.2,1.6
5,919,KNN por nota,0,3.4,1.1
5,920,KNN por nota,0,2.7,1.5
5,921,KNN por nota,0,2.5,1.2
5,922,KNN por nota,0,2.3,1.0
5,923,KNN por nota,0,3.9,1.2
5,924,KNN por nota,0,3.1,1.3
5,925,KNN por nota,0,10.8,4.6
5,926,KNN por nota,0,4.6,1.6
5,927,KNN por nota,0,3.3,1.1
5,928,KNN por nota,0,3.0,1.2
5,929,KNN por nota,0,2.3,1.0
5,930,KNN por nota,0,4.3,1.2
5,931,KNN por nota,0,3.4,1.3
5,932,KNN por nota,0,2.2,1.3
5,933,KNN por nota,0,2.4,1.4
5,934,KNN por nota,0,2.7,1.2
5,935,KNN por nota,0,4.8,1.1
5,936,KNN por nota,1,3.7,1.4
5,937,KNN por nota,0,3.9,1.6
5,938,KNN por nota,0,4.8,1.4
5,939,KNN por nota,0,3.5,1.0
5,940,KNN por nota,0,2.3,1.0
5,941,KNN por nota,0,4.3,1.1
5,942,KNN por nota,0,2.5,1.0
5,943,KNN por nota,0,3.8,1.6
5,1,KNN por soma,2,215.6,121.1
5,2,KNN por soma,1,264.3,105.1
5,3,KNN por soma,0,308.3,112.5
5,4,KNN por soma,0,304.0,109.6
5,5,KNN por soma,1,257.6,144.0
5,6,KNN por soma,3,164.0,107.4
5,7,KNN por soma,7,237.7,134.1
5,9,KNN por soma,0,302.8,122.4
5,10,KNN por soma,3,212.7,137.8
5,11,KNN por soma,1,293.8,153.0
5,12,KNN por soma,1,244.2,116.5
5,13,KNN por soma,4,164.5,98.7
5,14,KNN por soma,0,192.4,94.1
5,16,KNN por soma,1,276.3,146.2
5,17,KNN por soma,0,308.6,121.2
5,18,KNN por soma,6,261.5,139.5
5,20,KNN por soma,1,277.1,111.7
5,21,KNN por soma,1,278.4,131.5
5,22,KNN por soma,1,273.4,157.9
5,23,KNN por soma,1,211.2,127.2
5,24,KNN por soma,0,254.8,139.1
5,25,KNN por soma,0,246.6,121.3
5,26,KNN por soma,0,261.2,106.4
5,27,KNN por soma,0,309.3,124.6
5,28,KNN por soma,0,261.1,144.8
5,30,KNN por soma,0,268.1,113.7
5,31,KNN por soma,0,235.4,103.9
5,32,KNN por soma,2,329.5,122.9
5,33,KNN por soma,1,285.7,108.6
5,34,KNN por soma,0,296.1,108.3
5,37,KNN por soma,0,280.0,154.1
5,38,KNN por soma,0,298.5,123.3
5,39,KNN por soma,1,316.2,88.5
5,41,KNN por soma,3,245.9,127.2
5,42,KNN por soma,0,257.4,138.4
5,43,KNN por soma,0,222.2,127.1
5,44,KNN por soma,5,253.9,149.9
5,45,KNN por soma,0,289.6,114.6
5,46,KNN por soma,0,244.9,92.1
5,47,KNN por soma,0,305.0,105.1
5,48,KNN por soma,0,242.1,138.1
5,49,KNN por soma,1,237.0,127.4
5,52,KNN por soma,0,286.5,136.2
5,53,KNN por soma,0,272.4,130.5
5,55,KNN por soma,1,281.8,151.9
5,56,KNN por soma,1,241.5,125.6
5,57,KNN por soma,0,272.8,135.6
5,58,KNN por soma,5,228.4,124.9
5,59,KNN por soma,0,158.9,91.7
5,60,KNN por soma,3,220.8,128.9
5,62,KNN por soma,3,199.2,121.6
5,63,KNN por soma,0,287.4,109.0
5,64,KNN por soma,2,191.1,118.0
5,65,KNN por soma,1,258.1,133.9
5,66,KNN por soma,0,287.7,117.0
5,67,KNN por soma,0,321.2,150.3
5,70,KNN por soma,1,280.5,168.0
5,71,KNN por soma,2,240.0,108.8
5,72,KNN por soma,2,203.4,119.8
5,73,KNN por soma,1,268.6,153.7
5,74,KNN por soma,0,276.6,93.4
5,75,KNN por soma,0,307.9,144.3
5,76,KNN por soma,0,259.1,136.9
5,77,KNN por soma,3,216.3,125.3
5,78,KNN por soma,0,327.0,116.1
5,79,KNN por soma,1,233.7,90.7
5,80,KNN por soma,1,268.3,123.9
5,81,KNN por soma,0,309.9,142.7
5,82,KNN por soma,3,233.0,146.7
5,83,KNN por soma,0,274.4,135.6
5,84,KNN por soma,0,304.6,151.0
5,85,KNN por soma,3,213.1,130.1
5,86,KNN por soma,0,292.4,102.7
5,87,KNN por soma,2,251.3,146.3
5,88,KNN por soma,0,264.6,94.7
5,89,KNN por soma,1,264.9,114.5
5,90,KNN por soma,3,249.2,134.1
5,91,KNN por soma,2,247.7,141.1
5,92,KNN por soma,0,200.1,104.1
5,93,KNN por soma,0,315.8,125.8
5,94,KNN por soma,4,173.1,110.6
5,95,KNN por soma,2,262.6,137.0
5,96,KNN por soma,0,221.0,127.3
5,97,KNN por soma,0,253.0,123.2
5,98,KNN por soma,1,274.9,102.4
5,99,KNN por soma,2,256.3,131.3
5,100,KNN por soma,1,304.5,89.5
5,102,KNN por soma,1,254.8,146.0
5,103,KNN por soma,1,284.2,134.7
5,106,KNN por soma,1,281.3,148.5
5,109,KNN por soma,3,245.9,111.8
5,110,KNN por soma,0,327.7,135.2
5,111,KNN por soma,0,301.7,88.9
5,112,KNN por soma,1,307.9,96.8
5,113,KNN por soma,0,270.3,97.4
5,114,KNN por soma,1,251.4,136.5
5,115,KNN por soma,1,223.9,122.3
5,116,KNN por soma,1,282.8,127.9
5,117,KNN por soma,0,262.4,133.7
5,118,KNN por soma,1,283.6,159.4
5,119,KNN por soma,1,277.2,132.6
5,120,KNN por soma,1,314.6,118.2
5,121,KNN por soma,1,222.4,122.9
5,122,KNN por soma,0,272.3,123.0
5,123,KNN por soma,2,200.9,95.3
5,125,KNN por soma,0,257.0,143.6
5,126,KNN por soma,0,306.3,96.3
5,128,KNN por soma,0,236.7,135.3
5,130,KNN por soma,3,243.8,124.4
5,131,KNN por soma,0,278.3,97.7
5,132,KNN por soma,1,225.6,103.3
5,133,KNN por soma,0,314.7,101.8
5,134,KNN por soma,0,300.5,96.9
5,136,KNN por soma,0,228.8,98.4
5,137,KNN por soma,1,283.3,128.7
5,138,KNN por soma,0,253.9,144.1
5,139,KNN por soma,0,286.2,121.3
5,140,KNN por soma,0,308.7,105.0
5,141,KNN por soma,2,270.7,97.8
5,142,KNN por soma,0,316.8,132.3
5,143,KNN por soma,0,302.0,97.7
5,144,KNN por soma,2,208.3,129.0
5,145,KNN por soma,3,235.2,131.6
5,146,KNN por soma,0,266.9,94.4
5,147,KNN por soma,1,267.3,92.0
5,148,KNN por soma,1,254.5,122.6
5,150,KNN por soma,0,270.3,101.7
5,151,KNN por soma,3,195.7,118.7
5,152,KNN por soma,0,309.9,128.6
5,154,KNN por soma,0,264.2,142.8
5,156,KNN por soma,0,231.0,114.1
5,157,KNN por soma,0,282.0,126.6
5,158,KNN por soma,1,223.7,139.7
5,159,KNN por soma,0,322.5,111.7
5,160,KNN por soma,1,243.2,128.8
5,162,KNN por soma,0,277.5,118.8
5,164,KNN por soma,0,290.0,105.7
5,165,KNN por soma,0,294.6,116.8
5,167,KNN por soma,0,305.0,163.1
5,168,KNN por soma,1,304.0,117.1
5,170,KNN por soma,1,316.5,104.3
5,171,KNN por soma,1,282.9,91.8
5,173,KNN por soma,1,315.4,101.4
5,174,KNN por soma,1,287.8,140.3
5,175,KNN por soma,1,268.6,146.1
5,176,KNN por soma,0,293.3,117.5
5,177,KNN por soma,2,203.6,118.9
5,178,KNN por soma,3,220.5,116.3
5,179,KNN por soma,1,286.5,94.3
5,180,KNN por soma,0,287.3,136.4
5,181,KNN por soma,1,301.6,92.9
5,182,KNN por soma,0,248.2,123.3
5,183,KNN por soma,0,309.9,148.4
5,184,KNN por soma,2,190.2,116.8
5,185,KNN por soma,0,253.9,119.2
5,186,KNN por soma,0,306.5,121.1
5,187,KNN por soma,0,291.7,151.7
5,188,KNN por soma,1,236.4,139.5
5,189,KNN por soma,1,232.0,146.0
5,190,KNN por soma,0,310.5,103.1
5,192,KNN por soma,0,262.9,109.2
5,193,KNN por soma,0,282.3,128.6
5,194,KNN por soma,3,177.2,106.7
5,195,KNN por soma,0,291.2,148.2
5,197,KNN por soma,1,277.4,134.0
5,198,KNN por soma,2,210.1,129.7
5,200,KNN por soma,1,262.7,148.9
5,201,KNN por soma,0,204.5,121.0
5,202,KNN por soma,1,305.3,99.5
5,203,KNN por soma,0,279.3,105.2
5,204,KNN por soma,1,295.6,118.6
5,208,KNN por soma,0,298.6,124.7
5,209,KNN por soma,0,255.6,106.8
5,210,KNN por soma,2,241.8,148.5
5,211,KNN por soma,0,267.4,118.1
5,213,KNN por soma,1,235.0,134.7
5,214,KNN por soma,2,160.6,85.2
5,216,KNN por soma,0,255.5,150.6
5,217,KNN por soma,0,260.0,117.9
5,218,KNN por soma,1,276.7,144.5
5,219,KNN por soma,0,296.8,124.2
5,221,KNN por soma,0,245.6,139.4
5,222,KNN por soma,2,194.9,100.7
5,223,KNN por soma,0,323.4,133.5
5,224,KNN por soma,0,308.6,132.1
5,225,KNN por soma,1,288.9,138.1
5,226,KNN por soma,1,284.8,129.1
5,227,KNN por soma,0,258.6,113.6
5,229,KNN por soma,0,277.1,87.6
5,230,KNN por soma,3,246.2,129.0
5,231,KNN por soma,0,289.2,100.0
5,232,KNN por soma,2,206.2,113.4
5,233,KNN por soma,1,204.5,103.8
5,234,KNN por soma,1,164.9,89.7
5,235,KNN por soma,0,238.5,133.8
5,236,KNN por soma,0,178.0,99.4
5,237,KNN por soma,1,226.7,120.9
5,239,KNN por soma,0,168.5,75.7
5,240,KNN por soma,2,303.3,115.4
5,241,KNN por soma,0,309.8,104.6
5,242,KNN por soma,0,296.8,101.5
5,243,KNN por soma,0,251.7,124.5
5,244,KNN por soma,1,224.9,128.8
5,245,KNN por soma,0,286.1,111.5
5,246,KNN por soma,0,248.0,148.3
5,247,KNN por soma,1,290.5,128.2
5,248,KNN por soma,0,228.3,112.8
5,249,KNN por soma,1,203.1,113.2
5,250,KNN por soma,0,201.1,106.6
5,251,KNN por soma,0,272.1,146.9
5,252,KNN por soma,0,323.7,120.7
5,253,KNN por soma,1,265.2,159.3
5,254,KNN por soma,0,259.4,147.9
5,255,KNN por soma,0,298.8,130.2
5,256,KNN por soma,1,257.5,125.3
5,257,KNN por soma,1,238.5,100.4
5,258,KNN por soma,1,322.9,104.8
5,259,KNN por soma,2,301.7,153.8
5,261,KNN por soma,0,318.4,112.1
5,262,KNN por soma,0,220.9,122.9
5,263,KNN por soma,1,255.9,142.1
5,264,KNN por soma,1,268.3,141.5
5,265,KNN por soma,1,286.9,94.1
5,266,KNN por soma,2,278.4,101.1
5,267,KNN por soma,5,239.0,149.7
5,268,KNN por soma,0,205.3,119.3
5,269,KNN por soma,3,138.0,89.1
5,270,KNN por soma,1,279.0,126.3
5,271,KNN por soma,3,212.8,136.3
5,272,KNN por soma,2,222.1,132.2
5,273,KNN por soma,0,234.2,85.5
5,274,KNN por soma,0,266.9,127.8
5,275,KNN por soma,1,270.0,152.9
5,276,KNN por soma,4,196.2,119.5
5,277,KNN por soma,0,270.8,98.3
5,279,KNN por soma,0,231.3,116.7
5,280,KNN por soma,2,211.7,109.8
5,281,KNN por soma,1,262.9,90.3
5,283,KNN por soma,1,279.6,149.1
5,284,KNN por soma,0,312.9,97.7
5,286,KNN por soma,2,218.2,117.2
5,288,KNN por soma,1,263.7,128.2
5,289,KNN por soma,0,317.7,129.3
5,290,KNN por soma,2,249.2,138.2
5,291,KNN por soma,0,234.2,126.4
5,292,KNN por soma,1,206.3,132.4
5,293,KNN por soma,5,209.7,134.9
5,294,KNN por soma,0,259.3,107.8
5,295,KNN por soma,2,218.6,125.6
5,296,KNN por soma,0,221.8,125.6
5,297,KNN por soma,1,246.7,130.0
5,298,KNN por soma,0,251.4,142.9
5,299,KNN por soma,2,205.5,127.2
5,300,KNN por soma,0,313.3,103.9
5,301,KNN por soma,2,236.9,114.1
5,302,KNN por soma,0,316.9,111.6
5,303,KNN por soma,4,214.2,126.2
5,304,KNN por soma,0,319.6,105.1
5,305,KNN por soma,1,184.9,102.1
5,306,KNN por soma,1,253.5,101.9
5,307,KNN por soma,1,254.4,137.5
5,308,KNN por soma,5,168.2,94.9
5,310,KNN por soma,0,284.3,115.1
5,311,KNN por soma,2,174.3,100.4
5,312,KNN por soma,3,227.9,121.3
5,313,KNN por soma,6,240.8,144.4
5,314,KNN por soma,2,309.3,134.3
5,315,KNN por soma,1,227.2,122.2
5,316,KNN por soma,0,193.0,77.0
5,318,KNN por soma,1,230.6,140.2
5,320,KNN por soma,2,274.9,145.8
5,321,KNN por soma,1,214.2,118.4
5,322,KNN por soma,0,235.4,122.7
5,323,KNN por soma,2,250.4,129.7
5,324,KNN por soma,0,289.4,97.5
5,325,KNN por soma,1,219.9,131.5
5,326,KNN por soma,3,238.7,133.6
5,327,KNN por soma,1,180.3,104.4
5,328,KNN por soma,3,256.4,159.3
5,329,KNN por soma,1,247.9,112.6
5,330,KNN por soma,2,237.3,123.4
5,331,KNN por soma,0,267.6,107.7
5,332,KNN por soma,3,269.5,133.7
5,334,KNN por soma,1,176.3,111.7
5,335,KNN por soma,0,308.1,94.2
5,336,KNN por soma,2,307.5,141.2
5,337,KNN por soma,0,262.6,125.6
5,338,KNN por soma,1,238.1,111.6
5,339,KNN por soma,5,171.0,110.2
5,340,KNN por soma,0,233.9,100.6
5,341,KNN por soma,0,326.2,119.7
5,342,KNN por soma,1,250.9,140.2
5,343,KNN por soma,1,222.9,132.0
5,344,KNN por soma,2,234.8,140.7
5,345,KNN por soma,3,249.5,135.6
5,346,KNN por soma,1,259.7,139.7
5,347,KNN por soma,2,203.1,103.7
5,348,KNN por soma,0,326.9,120.6
5,349,KNN por soma,0,282.6,125.2
5,350,KNN por soma,2,229.0,123.2
5,351,KNN por soma,1,306.5,101.8
5,352,KNN por soma,1,240.5,129.3
5,353,KNN por soma,1,307.0,111.5
5,354,KNN por soma,0,209.2,95.7
5,355,KNN por soma,0,326.2,114.1
5,356,KNN por soma,0,317.6,107.9
5,357,KNN por soma,0,323.7,127.9
5,358,KNN por soma,0,235.4,83.0
5,359,KNN por soma,1,312.3,130.8
5,360,KNN por soma,1,202.3,113.3
5,361,KNN por soma,1,253.4,144.6
5,362,KNN por soma,0,313.3,94.1
5,363,KNN por soma,5,269.6,143.7
5,364,KNN por soma,0,325.0,108.6
5,365,KNN por soma,0,304.0,113.3
5,367,KNN por soma,0,278.4,144.4
5,369,KNN por soma,0,275.2,109.9
5,370,KNN por soma,0,207.9,111.1
5,371,KNN por soma,1,231.4,131.9
5,372,KNN por soma,0,302.4,106.5
5,373,KNN por soma,4,274.4,160.2
5,374,KNN por soma,1,259.9,122.0
5,375,KNN por soma,0,312.8,140.0
5,376,KNN por soma,1,295.2,136.3
5,377,KNN por soma,0,296.7,120.3
5,378,KNN por soma,2,221.6,126.0
5,379,KNN por soma,0,180.2,126.9
5,380,KNN por soma,2,229.8,139.4
5,381,KNN por soma,1,262.4,150.1
5,382,KNN por soma,1,210.5,100.2
5,383,KNN por soma,1,270.6,134.2
5,384,KNN por soma,1,296.0,109.5
5,385,KNN por soma,5,206.6,107.2
5,387,KNN por soma,3,201.0,121.1
5,388,KNN por soma,0,285.2,91.2
5,389,KNN por soma,1,197.7,132.1
5,391,KNN por soma,3,208.0,128.0
5,392,KNN por soma,1,251.4,131.0
5,393,KNN por soma,3,263.7,126.8
5,394,KNN por soma,4,253.1,147.5
5,395,KNN por soma,1,237.7,136.8
5,396,KNN por soma,0,304.6,111.9
5,397,KNN por soma,3,225.2,137.5
5,398,KNN por soma,3,237.3,146.3
5,399,KNN por soma,1,268.2,127.6
5,400,KNN por soma,1,324.4,106.1
5,401,KNN por soma,2,239.5,117.8
5,402,KNN por soma,2,301.3,155.1
5,403,KNN por soma,1,292.1,115.1
5,404,KNN por soma,0,287.1,92.3
5,405,KNN por soma,5,274.3,153.9
5,406,KNN por soma,7,229.4,138.2
5,407,KNN por soma,2,213.9,144.1
5,408,KNN por soma,0,261.2,86.6
5,409,KNN por soma,3,205.8,132.1
5,410,KNN por soma,1,295.2,97.9
5,411,KNN por soma,1,251.2,142.4
5,412,KNN por soma,1,312.2,171.9
5,413,KNN por soma,1,273.3,99.5
5,414,KNN por soma,1,293.9,107.5
5,415,KNN por soma,1,301.0,144.5
5,416,KNN por soma,6,231.7,131.2
5,417,KNN por soma,3,215.0,126.1
5,419,KNN por soma,1,235.5,121.3
5,420,KNN por soma,1,250.1,108.4
5,421,KNN por soma,1,254.4,146.7
5,422,KNN por soma,0,253.2,107.1
5,423,KNN por soma,1,315.3,109.1
5,424,KNN por soma,0,245.7,85.1
5,425,KNN por soma,3,233.7,129.9
5,426,KNN por soma,1,191.5,112.7
5,427,KNN por soma,0,295.8,95.3
5,428,KNN por soma,1,331.3,106.4
5,429,KNN por soma,6,206.6,125.7
5,430,KNN por soma,2,248.2,134.6
5,431,KNN por soma,0,304.1,88.0
5,432,KNN por soma,1,278.1,105.4
5,434,KNN por soma,1,311.8,102.6
5,435,KNN por soma,3,185.9,106.9
5,436,KNN por soma,0,277.3,116.8
5,437,KNN por soma,3,218.3,131.3
5,438,KNN por soma,0,287.4,104.8
5,439,KNN por soma,0,276.7,108.6
5,440,KNN por soma,0,286.7,101.0
5,441,KNN por soma,0,321.4,122.7
5,442,KNN por soma,2,260.9,152.4
5,445,KNN por soma,1,255.5,131.9
5,446,KNN por soma,0,321.5,109.6
5,447,KNN por soma,2,274.5,153.9
5,448,KNN por soma,0,267.0,92.9
5,449,KNN por soma,0,277.6,124.6
5,450,KNN por soma,5,183.0,117.7
5,451,KNN por soma,1,278.0,87.8
5,452,KNN por soma,3,225.1,131.9
5,453,KNN por soma,0,244.5,141.3
5,454,KNN por soma,1,212.5,105.0
5,455,KNN por soma,2,213.5,126.7
5,456,KNN por soma,2,228.9,142.3
5,457,KNN por soma,4,224.7,129.2
5,458,KNN por soma,3,220.5,115.0
5,459,KNN por soma,0,243.9,118.1
5,460,KNN por soma,0,259.9,106.5
5,462,KNN por soma,1,317.9,113.9
5,463,KNN por soma,1,277.8,107.0
5,464,KNN por soma,3,304.8,113.9
5,465,KNN por soma,1,226.9,126.9
5,466,KNN por soma,1,248.3,117.4
5,467,KNN por soma,1,265.7,111.8
5,468,KNN por soma,2,209.4,130.5
5,469,KNN por soma,0,249.8,111.2
5,470,KNN por soma,0,270.2,101.2
5,471,KNN por soma,1,290.5,105.7
5,472,KNN por soma,4,280.9,142.6
5,473,KNN por soma,1,326.2,119.6
5,474,KNN por soma,5,170.2,97.8
5,475,KNN por soma,0,263.1,102.1
5,476,KNN por soma,0,306.5,152.8
5,477,KNN por soma,0,293.9,109.8
5,478,KNN por soma,2,271.2,147.3
5,479,KNN por soma,0,231.4,134.6
5,480,KNN por soma,2,248.7,124.8
5,481,KNN por soma,1,249.1,117.9
5,482,KNN por soma,1,297.5,103.4
5,483,KNN por soma,1,260.0,111.9
5,484,KNN por soma,2,251.3,138.0
5,485,KNN por soma,1,273.7,94.3
5,486,KNN por soma,3,303.6,125.7
5,487,KNN por soma,4,248.3,134.7
5,488,KNN por soma,3,247.1,121.7
5,489,KNN por soma,1,344.6,111.4
5,490,KNN por soma,0,260.5,112.2
5,491,KNN por soma,1,276.7,110.8
5,492,KNN por soma,0,258.4,139.1
5,493,KNN por soma,0,195.0,100.8
5,494,KNN por soma,1,261.8,127.1
5,495,KNN por soma,0,225.3,127.0
5,496,KNN por soma,0,227.1,133.3
5,497,KNN por soma,3,253.3,140.7
5,498,KNN por soma,3,214.4,119.5
5,499,KNN por soma,2,242.9,129.9
5,500,KNN por soma,1,241.4,130.6
5,501,KNN por soma,0,293.2,130.1
5,502,KNN por soma,0,286.2,91.3
5,503,KNN por soma,2,220.9,141.6
5,504,KNN por soma,1,242.5,128.8
5,505,KNN por soma,0,239.7,102.0
5,506,KNN por soma,3,271.4,157.6
5,507,KNN por soma,2,319.7,104.1
5,508,KNN por soma,1,263.3,143.6
5,509,KNN por soma,1,304.9,107.2
5,510,KNN por soma,0,289.2,83.1
5,511,KNN por soma,0,324.8,105.8
5,512,KNN por soma,0,290.7,134.9
5,513,KNN por soma,0,281.4,122.3
5,514,KNN por soma,4,248.6,137.0
5,515,KNN por soma,0,315.7,97.3
5,516,KNN por soma,0,277.7,116.2
5,517,KNN por soma,1,298.7,111.8
5,518,KNN por soma,1,339.4,127.1
5,519,KNN por soma,0,319.9,111.9
5,520,KNN por soma,0,298.7,101.2
5,521,KNN por soma,5,278.8,157.3
5,522,KNN por soma,0,254.1,123.5
5,523,KNN por soma,0,277.1,127.2
5,524,KNN por soma,4,238.4,132.2
5,525,KNN por soma,1,325.2,114.1
5,526,KNN por soma,4,301.0,118.7
5,527,KNN por soma,2,214.2,129.0
5,528,KNN por soma,0,251.8,133.5
5,529,KNN por soma,1,304.5,100.6
5,530,KNN por soma,0,248.6,133.2
5,531,KNN por soma,1,312.3,103.1
5,532,KNN por soma,2,301.6,166.1
5,533,KNN por soma,5,243.6,134.4
5,534,KNN por soma,0,323.9,117.4
5,535,KNN por soma,5,234.8,109.8
5,536,KNN por soma,4,265.3,153.2
5,537,KNN por soma,8,211.4,125.0
5,538,KNN por soma,2,230.0,139.7
5,539,KNN por soma,0,226.8,95.6
5,540,KNN por soma,0,279.8,116.6
5,541,KNN por soma,2,252.3,141.4
5,542,KNN por soma,3,250.7,150.6
5,543,KNN por soma,2,282.8,161.0
5,544,KNN por soma,2,306.0,108.9
5,545,KNN por soma,2,271.3,136.3
5,546,KNN por soma,0,252.0,107.5
5,547,KNN por soma,0,298.1,103.6
5,548,KNN por soma,3,264.8,119.8
5,549,KNN por soma,0,272.2,123.7
5,550,KNN por soma,1,290.3,102.4
5,551,KNN por soma,2,219.2,121.7
5,552,KNN por soma,0,272.5,110.0
5,553,KNN por soma,3,248.8,135.1
5,554,KNN por soma,3,279.9,149.1
5,555,KNN por soma,1,281.7,118.2
5,556,KNN por soma,2,286.8,142.5
5,557,KNN por soma,0,286.4,125.2
5,558,KNN por soma,3,305.7,111.9
5,559,KNN por soma,0,273.1,140.6
5,560,KNN por soma,2,289.9,149.5
5,561,KNN por soma,4,188.6,121.3
5,562,KNN por soma,1,237.5,130.2
5,563,KNN por soma,1,286.1,123.5
5,564,KNN por soma,1,302.9,111.2
5,565,KNN por soma,0,286.8,132.1
5,566,KNN por soma,3,259.4,151.5
5,567,KNN por soma,3,194.7,66.6
5,568,KNN por soma,3,233.8,118.5
5,569,KNN por soma,0,287.1,123.0
5,570,KNN por soma,0,316.7,108.2
5,571,KNN por soma,0,262.7,133.2
5,572,KNN por soma,0,289.7,113.0
5,573,KNN por soma,1,248.1,123.8
5,574,KNN por soma,0,315.0,98.9
5,575,KNN por soma,2,267.7,146.0
5,576,KNN por soma,1,305.2,117.0
5,577,KNN por soma,6,290.2,156.1
5,578,KNN por soma,2,310.6,102.0
5,579,KNN por soma,1,291.4,139.8
5,580,KNN por soma,0,265.2,107.7
5,581,KNN por soma,0,224.1,106.2
5,582,KNN por soma,2,295.0,126.6
5,583,KNN por soma,1,289.4,141.8
5,584,KNN por soma,3,300.4,127.6
5,585,KNN por soma,0,268.6,125.2
5,586,KNN por soma,2,292.3,124.1
5,587,KNN por soma,0,325.6,102.0
5,588,KNN por soma,5,284.9,116.3
5,589,KNN por soma,1,287.7,90.3
5,590,KNN por soma,1,259.7,115.4
5,591,KNN por soma,0,249.8,138.6
5,592,KNN por soma,9,211.0,117.7
5,593,KNN por soma,3,251.1,134.8
5,594,KNN por soma,2,267.7,104.8
5,595,KNN por soma,2,295.0,119.0
5,596,KNN por soma,1,288.0,96.1
5,597,KNN por soma,0,293.1,107.8
5,598,KNN por soma,1,289.0,104.3
5,599,KNN por soma,0,311.1,111.2
5,600,KNN por soma,1,257.7,154.3
5,601,KNN por soma,1,222.5,130.4
5,603,KNN por soma,2,280.3,131.4
5,604,KNN por soma,0,297.2,125.3
5,605,KNN por soma,2,247.0,132.5
5,606,KNN por soma,2,219.6,121.5
5,607,KNN por soma,1,272.3,137.0
5,608,KNN por soma,2,177.1,91.3
5,609,KNN por soma,1,330.1,119.9
5,610,KNN por soma,0,249.3,137.6
5,611,KNN por soma,3,295.9,101.3
5,612,KNN por soma,1,342.1,127.9
5,613,KNN por soma,1,297.8,146.4
5,614,KNN por soma,0,306.5,128.5
5,615,KNN por soma,0,264.0,147.2
5,616,KNN por soma,2,294.9,97.4
5,617,KNN por soma,0,245.4,125.0
5,618,KNN por soma,5,236.6,139.7
5,619,KNN por soma,1,277.6,130.3
5,620,KNN por soma,3,272.9,106.1
5,621,KNN por soma,0,260.7,135.4
5,622,KNN por soma,4,247.7,151.1
5,623,KNN por soma,0,269.2,132.4
5,624,KNN por soma,1,265.8,104.1
5,625,KNN por soma,1,270.6,152.2
5,626,KNN por soma,1,318.6,100.5
5,627,KNN por soma,2,279.6,163.1
5,628,KNN por soma,0,296.9,89.9
5,629,KNN por soma,2,269.4,144.6
5,630,KNN por soma,1,253.9,97.5
5,631,KNN por soma,1,294.0,108.8
5,632,KNN por soma,8,229.0,138.8
5,633,KNN por soma,2,289.8,130.4
5,634,KNN por soma,1,287.2,106.8
5,635,KNN por soma,1,316.6,111.1
5,636,KNN por soma,0,304.4,104.1
5,637,KNN por soma,0,287.4,109.9
5,638,KNN por soma,2,240.3,132.8
5,639,KNN por soma,0,245.8,128.3
5,640,KNN por soma,1,310.4,169.2
5,641,KNN por soma,1,222.1,92.0
5,642,KNN por soma,4,267.6,121.3
5,643,KNN por soma,5,227.6,142.3
5,644,KNN por soma,0,244.7,76.3
5,645,KNN por soma,4,266.3,149.3
5,646,KNN por soma,1,260.5,102.5
5,647,KNN por soma,1,285.9,143.2
5,648,KNN por soma,4,278.1,140.9
5,649,KNN por soma,1,297.1,121.6
5,650,KNN por soma,7,229.6,151.9
5,651,KNN por soma,3,282.2,100.8
5,652,KNN por soma,0,296.2,104.1
5,653,KNN por soma,4,252.8,151.2
5,654,KNN por soma,2,226.4,118.7
5,655,KNN por soma,5,216.1,125.9
5,657,KNN por soma,0,326.2,108.9
5,658,KNN por soma,1,226.9,125.7
5,659,KNN por soma,5,241.5,132.4
5,660,KNN por soma,3,253.5,153.7
5,661,KNN por soma,4,282.8,160.0
5,662,KNN por soma,1,269.9,100.7
5,663,KNN por soma,3,252.6,127.9
5,664,KNN por soma,4,234.8,146.5
5,665,KNN por soma,0,256.9,138.0
5,666,KNN por soma,6,227.6,127.3
5,667,KNN por soma,1,274.9,129.4
5,668,KNN por soma,1,297.2,112.4
5,669,KNN por soma,4,246.6,123.8
5,670,KNN por soma,1,242.4,112.6
5,671,KNN por soma,4,284.8,139.4
5,672,KNN por soma,0,331.4,125.8
5,673,KNN por soma,1,319.8,111.1
5,674,KNN por soma,1,283.9,108.7
5,675,KNN por soma,0,287.3,119.7
5,676,KNN por soma,2,276.7,138.9
5,677,KNN por soma,0,334.4,113.7
5,678,KNN por soma,2,288.9,120.4
5,679,KNN por soma,4,270.7,138.7
5,680,KNN por soma,1,278.5,122.1
5,681,KNN por soma,0,310.4,99.5
5,682,KNN por soma,5,240.5,134.7
5,683,KNN por soma,1,299.9,126.5
5,684,KNN por soma,2,279.0,149.9
5,686,KNN por soma,6,243.0,128.9
5,687,KNN por soma,1,330.8,115.4
5,688,KNN por soma,1,261.0,62.9
5,689,KNN por soma,2,318.3,124.0
5,690,KNN por soma,1,280.7,159.0
5,691,KNN por soma,1,258.7,128.9
5,692,KNN por soma,0,298.5,124.2
5,693,KNN por soma,1,264.8,145.6
5,694,KNN por soma,4,256.1,160.4
5,695,KNN por soma,1,317.8,108.3
5,696,KNN por soma,0,301.9,118.9
5,697,KNN por soma,0,287.4,102.7
5,698,KNN por soma,2,247.0,123.5
5,699,KNN por soma,0,261.8,111.2
5,700,KNN por soma,0,261.5,131.5
5,701,KNN por soma,3,277.4,109.0
5,702,KNN por soma,0,315.6,106.2
5,703,KNN por soma,2,285.3,116.4
5,704,KNN por soma,3,234.3,124.8
5,705,KNN por soma,3,266.1,112.0
5,706,KNN por soma,0,270.9,91.9
5,707,KNN por soma,4,251.3,120.1
5,708,KNN por soma,1,284.2,105.0
5,709,KNN por soma,3,258.1,156.1
5,710,KNN por soma,7,258.9,140.8
5,711,KNN por soma,1,256.4,141.0
5,712,KNN por soma,3,266.0,121.3
5,713,KNN por soma,1,245.2,98.5
5,714,KNN por soma,1,296.2,119.0
5,715,KNN por soma,6,297.3,163.3
5,716,KNN por soma,6,249.8,153.6
5,717,KNN por soma,3,304.5,109.5
5,718,KNN por soma,0,347.7,127.3
5,719,KNN por soma,1,281.9,147.1
5,720,KNN por soma,2,239.3,83.1
5,721,KNN por soma,2,261.3,131.1
5,722,KNN por soma,0,325.5,128.4
5,723,KNN por soma,2,319.6,140.6
5,724,KNN por soma,0,281.6,91.0
5,725,KNN por soma,0,271.7,96.0
5,726,KNN por soma,0,330.2,120.9
5,727,KNN por soma,6,262.6,147.0
5,728,KNN por soma,0,332.3,135.9
5,730,KNN por soma,0,264.2,98.7
5,731,KNN por soma,1,293.0,137.3
5,732,KNN por soma,2,245.6,84.0
5,733,KNN por soma,1,283.4,125.9
5,734,KNN por soma,2,269.1,124.9
5,735,KNN por soma,2,268.7,93.8
5,737,KNN por soma,2,275.5,135.5
5,738,KNN por soma,4,264.9,157.3
5,739,KNN por soma,2,297.4,132.0
5,740,KNN por soma,0,292.5,99.2
5,741,KNN por soma,2,257.2,150.4
5,742,KNN por soma,1,266.8,114.4
5,743,KNN por soma,0,262.7,99.6
5,744,KNN por soma,1,233.8,114.5
5,745,KNN por soma,0,274.2,135.3
5,746,KNN por soma,3,255.6,151.6
5,747,KNN por soma,7,252.5,154.4
5,748,KNN por soma,3,264.6,152.8
5,749,KNN por soma,7,283.2,168.6
5,750,KNN por soma,0,314.5,105.2
5,751,KNN por soma,2,241.9,140.9
5,752,KNN por soma,0,309.7,97.6
5,753,KNN por soma,2,235.1,107.9
5,754,KNN por soma,1,332.5,129.3
5,755,KNN por soma,2,303.4,109.1
5,756,KNN por soma,1,291.2,157.9
5,757,KNN por soma,3,241.2,133.7
5,758,KNN por soma,4,241.3,143.1
5,759,KNN por soma,2,327.7,125.0
5,760,KNN por soma,0,278.7,102.2
5,761,KNN por soma,0,286.2,107.5
5,762,KNN por soma,0,313.1,117.5
5,763,KNN por soma,2,199.9,106.6
5,764,KNN por soma,3,299.4,152.3
5,765,KNN por soma,0,223.9,92.3
5,766,KNN por soma,2,238.3,148.9
5,767,KNN por soma,0,274.8,130.0
5,768,KNN por soma,2,302.7,119.8
5,769,KNN por soma,0,323.2,113.4
5,770,KNN por soma,1,270.8,90.9
5,771,KNN por soma,3,272.2,96.6
5,772,KNN por soma,3,292.4,106.6
5,773,KNN por soma,6,266.9,146.1
5,774,KNN por soma,2,274.1,159.9
5,775,KNN por soma,2,285.7,95.4
5,776,KNN por soma,3,267.2,155.7
5,777,KNN por soma,0,302.2,124.0
5,778,KNN por soma,1,290.6,149.0
5,779,KNN por soma,1,288.8,115.7
5,780,KNN por soma,2,280.8,134.6
5,781,KNN por soma,3,262.5,130.4
5,782,KNN por soma,3,327.3,112.3
5,783,KNN por soma,0,320.1,103.5
5,784,KNN por soma,2,277.1,94.4
5,785,KNN por soma,4,318.3,150.2
5,786,KNN por soma,5,297.4,167.5
5,787,KNN por soma,1,273.1,100.3
5,788,KNN por soma,2,275.8,153.7
5,789,KNN por soma,1,285.5,118.5
5,790,KNN por soma,3,257.8,139.4
5,791,KNN por soma,1,302.8,107.0
5,792,KNN por soma,0,315.0,133.4
5,793,KNN por soma,4,326.2,122.5
5,794,KNN por soma,1,279.0,123.2
5,795,KNN por soma,1,276.9,147.6
5,796,KNN por soma,9,249.4,145.9
5,797,KNN por soma,0,275.8,105.8
5,798,KNN por soma,6,296.3,126.8
5,799,KNN por soma,1,296.2,119.6
5,800,KNN por soma,2,323.1,129.2
5,801,KNN por soma,2,297.1,94.3
5,802,KNN por soma,2,322.0,111.8
5,803,KNN por soma,0,296.8,107.1
5,804,KNN por soma,9,283.2,160.5
5,805,KNN por soma,5,242.2,132.2
5,806,KNN por soma,5,263.7,157.0
5,807,KNN por soma,7,278.5,152.4
5,808,KNN por soma,0,304.9,107.0
5,809,KNN por soma,0,318.7,103.2
5,810,KNN por soma,0,311.9,96.3
5,811,KNN por soma,0,317.5,104.0
5,812,KNN por soma,2,306.5,104.0
5,813,KNN por soma,2,293.5,110.5
5,814,KNN por soma,2,289.4,128.3
5,815,KNN por soma,3,266.1,162.3
5,816,KNN por soma,1,302.0,98.4
5,817,KNN por soma,0,327.4,122.1
5,818,KNN por soma,2,297.7,112.1
5,819,KNN por soma,0,294.2,109.8
5,820,KNN por soma,1,321.2,119.5
5,821,KNN por soma,2,272.7,140.5
5,822,KNN por soma,0,329.0,127.4
5,823,KNN por soma,7,277.8,165.9
5,824,KNN por soma,0,313.2,104.5
5,825,KNN por soma,2,272.1,125.9
5,826,KNN por soma,4,245.8,144.5
5,827,KNN por soma,1,244.9,94.0
5,828,KNN por soma,0,252.2,90.6
5,829,KNN por soma,0,277.7,134.0
5,830,KNN por soma,3,243.0,145.8
5,831,KNN por soma,3,271.5,122.1
5,832,KNN por soma,1,295.6,102.2
5,833,KNN por soma,6,223.0,137.1
5,834,KNN por soma,2,273.9,110.3
5,835,KNN por soma,5,255.5,122.0
5,836,KNN por soma,2,281.7,131.0
5,837,KNN por soma,0,317.7,117.1
5,838,KNN por soma,5,281.9,138.9
5,839,KNN por soma,1,304.8,126.6
5,840,KNN por soma,7,256.3,136.5
5,841,KNN por soma,3,324.3,110.0
5,842,KNN por soma,2,295.5,103.3
5,843,KNN por soma,1,308.7,159.0
5,844,KNN por soma,5,274.4,133.3
5,845,KNN por soma,2,304.3,107.6
5,846,KNN por soma,9,252.7,157.2
5,847,KNN por soma,5,321.9,148.6
5,848,KNN por soma,4,298.2,148.1
5,849,KNN por soma,0,284.4,107.3
5,850,KNN por soma,4,271.4,106.2
5,851,KNN por soma,6,302.1,141.6
5,852,KNN por soma,1,286.5,122.3
5,853,KNN por soma,0,308.2,101.5
5,854,KNN por soma,6,257.8,145.1
5,855,KNN por soma,0,266.7,91.5
5,856,KNN por soma,2,286.6,103.2
5,858,KNN por soma,2,254.3,88.4
5,859,KNN por soma,1,330.2,119.8
5,860,KNN por soma,2,283.3,113.5
5,861,KNN por soma,1,276.3,102.2
5,862,KNN por soma,8,246.3,146.0
5,863,KNN por soma,4,266.0,88.2
5,864,KNN por soma,9,259.5,161.3
5,865,KNN por soma,1,320.3,125.9
5,866,KNN por soma,0,296.2,81.9
5,867,KNN por soma,4,240.2,129.2
5,868,KNN por soma,6,267.7,153.6
5,869,KNN por soma,2,289.6,111.9
5,870,KNN por soma,8,293.7,172.4
5,871,KNN por soma,2,282.1,137.2
5,872,KNN por soma,2,314.7,111.6
5,873,KNN por soma,1,308.9,79.7
5,874,KNN por soma,4,313.0,125.0
5,875,KNN por soma,4,252.6,142.8
5,876,KNN por soma,2,285.4,112.3
5,877,KNN por soma,3,305.0,129.5
5,878,KNN por soma,4,234.0,119.6
5,879,KNN por soma,2,311.2,136.8
5,880,KNN por soma,8,277.6,152.4
5,881,KNN por soma,5,270.1,155.5
5,882,KNN por soma,4,275.7,157.6
5,883,KNN por soma,6,239.1,116.8
5,884,KNN por soma,1,276.1,110.7
5,885,KNN por soma,1,300.4,152.8
5,886,KNN por soma,10,320.1,177.8
5,887,KNN por soma,4,287.9,113.5
5,888,KNN por soma,1,273.9,92.2
5,889,KNN por soma,9,272.5,164.2
5,890,KNN por soma,7,268.0,152.3
5,891,KNN por soma,2,310.1,121.1
5,892,KNN por soma,10,267.2,166.5
5,893,KNN por soma,1,318.5,148.7
5,894,KNN por soma,3,304.9,133.5
5,895,KNN por soma,1,307.1,132.1
5,896,KNN por soma,6,288.3,169.7
5,897,KNN por soma,3,263.5,133.2
5,898,KNN por soma,4,267.4,94.1
5,899,KNN por soma,4,276.2,158.6
5,900,KNN por soma,2,291.0,135.8
5,901,KNN por soma,5,283.3,136.1
5,902,KNN por soma,1,277.2,129.1
5,903,KNN por soma,6,258.8,144.2
5,904,KNN por soma,0,281.6,95.9
5,905,KNN por soma,2,308.7,108.5
5,906,KNN por soma,1,292.8,103.2
5,907,KNN por soma,4,286.2,119.8
5,908,KNN por soma,5,277.8,141.5
5,909,KNN por soma,0,289.8,104.0
5,910,KNN por soma,7,301.1,122.5
5,911,KNN por soma,3,276.4,123.8
5,912,KNN por soma,3,281.5,123.1
5,913,KNN por soma,7,272.2,150.2
5,914,KNN por soma,0,292.1,123.9
5,915,KNN por soma,1,309.1,114.0
5,916,KNN por soma,8,259.6,151.4
5,917,KNN por soma,2,249.6,76.2
5,918,KNN por soma,0,260.6,107.9
5,919,KNN por soma,7,287.9,114.5
5,920,KNN por soma,2,307.4,116.9
5,921,KNN por soma,4,298.3,134.2
5,922,KNN por soma,2,244.9,135.6
5,923,KNN por soma,2,307.6,128.2
5,924,KNN por soma,5,301.0,143.4
5,925,KNN por soma,1,307.6,111.6
5,926,KNN por soma,3,299.8,104.8
5,927,KNN por soma,1,321.3,122.1
5,928,KNN por soma,2,295.6,136.4
5,929,KNN por soma,6,298.2,142.7
5,930,KNN por soma,1,322.4,111.8
5,931,KNN por soma,3,234.0,92.0
5,932,KNN por soma,6,294.0,162.5
5,933,KNN por soma,8,305.4,179.6
5,934,KNN por soma,2,267.7,141.4
5,935,KNN por soma,1,294.8,89.7
5,936,KNN por soma,3,274.0,108.1
5,937,KNN por soma,3,266.9,102.7
5,938,KNN por soma,3,303.7,115.6
5,939,KNN por soma,0,311.8,116.4
5,940,KNN por soma,5,274.1,143.4
5,941,KNN por soma,0,308.3,116.9
5,942,KNN por soma,2,270.5,134.0
5,943,KNN por soma,8,294.6,145.4
5,1,SVD,1,128.1,
5,2,SVD,0,135.9,
5,3,SVD,0,169.0,
5,4,SVD,0,75.7,
5,5,SVD,0,97.5,
5,6,SVD,0,61.8,
5,7,SVD,3,105.7,
5,9,SVD,0,125.6,
5,10,SVD,0,74.4,
5,11,SVD,0,110.9,
5,12,SVD,0,145.0,
5,13,SVD,1,64.2,
5,14,SVD,0,69.9,
5,16,SVD,2,173.5,
5,17,SVD,0,150.9,
5,18,SVD,1,48.4,
5,20,SVD,0,57.4,
5,21,SVD,1,142.6,
5,22,SVD,1,189.1,
5,23,SVD,0,54.7,
5,24,SVD,0,117.4,
5,25,SVD,0,111.6,
5,26,SVD,0,171.5,
5,27,SVD,0,152.7,
5,28,SVD,0,123.3,
5,30,SVD,0,105.4,
5,31,SVD,0,104.0,
5,32,SVD,0,152.7,
5,33,SVD,0,105.8,
5,34,SVD,0,112.9,
5,37,SVD,0,156.2,
5,38,SVD,0,88.5,
5,39,SVD,0,164.6,
5,41,SVD,0,91.2,
5,42,SVD,0,117.7,
5,43,SVD,0,89.8,
5,44,SVD,1,151.1,
5,45,SVD,0,96.7,
5,46,SVD,0,75.3,
5,47,SVD,0,120.9,
5,48,SVD,0,144.8,
5,49,SVD,0,85.3,
5,52,SVD,0,119.5,
5,53,SVD,0,117.8,
5,55,SVD,0,161.1,
5,56,SVD,0,132.9,
5,57,SVD,0,116.9,
5,58,SVD,1,70.4,
5,59,SVD,0,47.8,
5,60,SVD,1,72.9,
5,62,SVD,2,101.9,
5,63,SVD,0,121.2,
5,64,SVD,1,109.2,
5,65,SVD,1,155.1,
5,66,SVD,0,197.2,
5,67,SVD,0,114.0,
5,70,SVD,0,140.3,
5,71,SVD,0,91.3,
5,72,SVD,0,87.2,
5,73,SVD,1,78.9,
5,74,SVD,0,127.3,
5,75,SVD,0,119.7,
5,76,SVD,0,115.3,
5,77,SVD,1,62.1,
5,78,SVD,0,212.9,
5,79,SVD,1,94.4,
5,80,SVD,1,102.5,
5,81,SVD,0,171.0,
5,82,SVD,2,136.8,
5,83,SVD,0,161.2,
5,84,SVD,1,158.4,
5,85,SVD,1,71.0,
5,86,SVD,0,69.2,
5,87,SVD,0,89.9,
5,88,SVD,0,51.7,
5,89,SVD,1,126.8,
5,90,SVD,0,26.3,
5,91,SVD,1,110.5,
5,92,SVD,1,132.6,
5,93,SVD,0,60.5,
5,94,SVD,3,99.6,
5,95,SVD,1,148.5,
5,96,SVD,0,99.1,
5,97,SVD,0,105.3,
5,98,SVD,0,114.3,
5,99,SVD,1,145.6,
5,100,SVD,0,166.1,
5,102,SVD,0,100.5,
5,103,SVD,0,129.0,
5,106,SVD,1,194.6,
5,109,SVD,2,157.4,
5,110,SVD,0,112.3,
5,111,SVD,0,189.2,
5,112,SVD,0,165.1,
5,113,SVD,0,162.4,
5,114,SVD,0,62.2,
5,115,SVD,0,96.1,
5,116,SVD,1,155.2,
5,117,SVD,0,106.3,
5,118,SVD,0,95.8,
5,119,SVD,0,70.0,
5,120,SVD,0,125.6,
5,121,SVD,1,122.5,
5,122,SVD,0,74.3,
5,123,SVD,1,76.4,
5,125,SVD,2,143.5,
5,126,SVD,0,119.7,
5,128,SVD,0,83.4,
5,130,SVD,1,97.0,
5,131,SVD,0,148.4,
5,132,SVD,0,109.1,
5,133,SVD,0,181.9,
5,134,SVD,0,235.4,
5,136,SVD,0,84.3,
5,137,SVD,0,69.5,
5,138,SVD,0,173.6,
5,139,SVD,0,163.2,
5,140,SVD,0,115.1,
5,141,SVD,1,106.6,
5,142,SVD,0,186.8,
5,143,SVD,0,176.1,
5,144,SVD,1,133.8,
5,145,SVD,2,149.4,
5,146,SVD,0,139.7,
5,147,SVD,0,116.2,
5,148,SVD,0,104.3,
5,150,SVD,0,119.8,
5,151,SVD,0,57.0,
5,152,SVD,0,148.6,
5,154,SVD,0,145.5,
5,156,SVD,0,121.5,
5,157,SVD,0,145.5,
5,158,SVD,1,90.2,
5,159,SVD,0,82.6,
5,160,SVD,1,143.1,
5,162,SVD,0,137.1,
5,164,SVD,0,139.6,
5,165,SVD,0,81.9,
5,167,SVD,0,159.8,
5,168,SVD,0,197.8,
5,170,SVD,0,99.9,
5,171,SVD,0,180.5,
5,173,SVD,0,152.2,
5,174,SVD,1,137.5,
5,175,SVD,0,159.2,
5,176,SVD,0,146.4,
5,177,SVD,1,104.1,
5,178,SVD,2,120.8,
5,179,SVD,1,121.3,
5,180,SVD,0,93.2,
5,181,SVD,0,177.9,
5,182,SVD,0,155.8,
5,183,SVD,0,88.5,
5,184,SVD,0,70.3,
5,185,SVD,1,152.0,
5,186,SVD,0,114.2,
5,187,SVD,0,153.6,
5,188,SVD,0,76.0,
5,189,SVD,0,88.7,
5,190,SVD,0,213.4,
5,192,SVD,0,121.6,
5,193,SVD,0,153.6,
5,194,SVD,1,105.8,
5,195,SVD,0,230.8,
5,197,SVD,1,194.5,
5,198,SVD,0,94.2,
5,200,SVD,1,106.8,
5,201,SVD,0,50.8,
5,202,SVD,0,151.2,
5,203,SVD,0,101.3,
5,204,SVD,1,158.0,
5,208,SVD,0,227.6,
5,209,SVD,0,155.3,
5,210,SVD,1,117.9,
5,211,SVD,0,92.7,
5,213,SVD,1,71.7,
5,214,SVD,0,61.9,
5,216,SVD,0,141.1,
5,217,SVD,0,61.6,
5,218,SVD,1,131.5,
5,219,SVD,0,117.1,
5,221,SVD,0,125.4,
5,222,SVD,2,122.1,
5,223,SVD,1,218.1,
5,224,SVD,0,211.8,
5,225,SVD,0,154.3,
5,226,SVD,1,177.1,
5,227,SVD,0,121.8,
5,229,SVD,0,66.5,
5,230,SVD,1,118.2,
5,231,SVD,0,79.1,
5,232,SVD,0,62.1,
5,233,SVD,1,88.5,
5,234,SVD,2,60.6,
5,235,SVD,1,108.0,
5,236,SVD,0,84.8,
5,237,SVD,1,87.4,
5,239,SVD,1,48.7,
5,240,SVD,0,133.6,
5,241,SVD,0,197.9,
5,242,SVD,0,138.5,
5,243,SVD,0,68.2,
5,244,SVD,0,122.5,
5,245,SVD,0,80.2,
5,246,SVD,0,114.3,
5,247,SVD,0,205.5,
5,248,SVD,0,111.0,
5,249,SVD,0,68.2,
5,250,SVD,0,117.6,
5,251,SVD,1,160.0,
5,252,SVD,0,143.3,
5,253,SVD,1,177.8,
5,254,SVD,0,84.0,
5,255,SVD,0,162.2,
5,256,SVD,0,92.4,
5,257,SVD,1,113.1,
5,258,SVD,0,98.1,
5,259,SVD,0,149.0,
5,261,SVD,0,113.1,
5,262,SVD,0,101.8,
5,263,SVD,0,118.2,
5,264,SVD,0,162.6,
5,265,SVD,0,108.0,
5,266,SVD,0,122.6,
5,267,SVD,1,117.3,
5,268,SVD,1,107.6,
5,269,SVD,0,39.9,
5,270,SVD,0,75.8,
5,271,SVD,4,107.2,
5,272,SVD,2,116.1,
5,273,SVD,0,105.7,
5,274,SVD,0,118.6,
5,275,SVD,1,116.2,
5,276,SVD,1,106.6,
5,277,SVD,0,149.9,
5,279,SVD,0,36.1,
5,280,SVD,0,77.8,
5,281,SVD,0,113.6,
5,283,SVD,0,127.3,
5,284,SVD,0,95.8,
5,286,SVD,1,122.4,
5,288,SVD,0,118.7,
5,289,SVD,0,122.6,
5,290,SVD,1,99.8,
5,291,SVD,0,137.7,
5,292,SVD,1,125.9,
5,293,SVD,1,91.6,
5,294,SVD,0,154.4,
5,295,SVD,0,69.4,
5,296,SVD,0,80.7,
5,297,SVD,0,115.6,
5,298,SVD,0,76.9,
5,299,SVD,2,64.1,
5,300,SVD,0,116.0,
5,301,SVD,0,79.4,
5,302,SVD,0,94.2,
5,303,SVD,2,103.0,
5,304,SVD,0,189.7,
5,305,SVD,0,58.9,
5,306,SVD,0,123.1,
5,307,SVD,1,148.8,
5,308,SVD,2,52.4,
5,310,SVD,0,126.3,
5,311,SVD,0,79.0,
5,312,SVD,1,59.5,
5,313,SVD,0,36.6,
5,314,SVD,0,182.8,
5,315,SVD,0,88.4,
5,316,SVD,0,44.9,
5,318,SVD,0,113.4,
5,320,SVD,0,114.4,
5,321,SVD,0,61.3,
5,322,SVD,0,96.1,
5,323,SVD,1,151.5,
5,324,SVD,0,107.6,
5,325,SVD,1,62.9,
5,326,SVD,0,54.3,
5,327,SVD,0,89.1,
5,328,SVD,1,137.1,
5,329,SVD,0,100.7,
5,330,SVD,1,91.2,
5,331,SVD,0,84.9,
5,332,SVD,2,160.1,
5,334,SVD,0,49.6,
5,335,SVD,0,63.8,
5,336,SVD,0,161.9,
5,337,SVD,0,150.1,
5,338,SVD,0,66.8,
5,339,SVD,1,55.3,
5,340,SVD,0,186.8,
5,341,SVD,0,171.4,
5,342,SVD,0,133.8,
5,343,SVD,0,75.6,
5,344,SVD,0,99.6,
5,345,SVD,2,116.2,
5,346,SVD,0,86.6,
5,347,SVD,0,110.6,
5,348,SVD,0,122.3,
5,349,SVD,0,172.6,
5,350,SVD,1,112.3,
5,351,SVD,0,185.5,
5,352,SVD,0,145.1,
5,353,SVD,0,151.7,
5,354,SVD,0,48.0,
5,355,SVD,0,144.0,
5,356,SVD,0,114.4,
5,357,SVD,0,194.4,
5,358,SVD,0,83.2,
5,359,SVD,1,156.8,
5,360,SVD,1,103.6,
5,361,SVD,0,156.1,
5,362,SVD,0,136.8,
5,363,SVD,1,112.2,
5,364,SVD,0,210.9,
5,365,SVD,0,137.4,
5,367,SVD,0,129.0,
5,369,SVD,0,107.4,
5,370,SVD,0,143.3,
5,371,SVD,1,136.1,
5,372,SVD,0,116.7,
5,373,SVD,2,105.4,
5,374,SVD,0,99.7,
5,375,SVD,0,156.8,
5,376,SVD,0,94.7,
5,377,SVD,0,167.3,
5,378,SVD,1,115.1,
5,379,SVD,0,91.5,
5,380,SVD,1,93.0,
5,381,SVD,1,106.6,
5,382,SVD,0,88.5,
5,383,SVD,0,102.8,
5,384,SVD,0,169.2,
5,385,SVD,0,42.5,
5,387,SVD,1,72.3,
5,388,SVD,0,166.7,
5,389,SVD,0,42.4,
5,391,SVD,2,83.2,
5,392,SVD,1,168.7,
5,393,SVD,1,67.5,
5,394,SVD,1,166.7,
5,395,SVD,2,123.5,
5,396,SVD,0,167.5,
5,397,SVD,3,139.8,
5,398,SVD,2,185.4,
5,399,SVD,0,54.6,
5,400,SVD,0,154.6,
5,401,SVD,0,87.2,
5,402,SVD,1,178.9,
5,403,SVD,1,168.3,
5,404,SVD,0,107.7,
5,405,SVD,4,194.1,
5,406,SVD,2,91.5,
5,407,SVD,1,109.1,
5,408,SVD,0,136.0,
5,409,SVD,2,118.6,
5,410,SVD,1,158.3,
5,411,SVD,1,134.8,
5,412,SVD,0,163.2,
5,413,SVD,0,127.6,
5,414,SVD,0,192.4,
5,415,SVD,1,211.4,
5,416,SVD,2,89.0,
5,417,SVD,0,124.2,
5,419,SVD,0,159.8,
5,420,SVD,1,135.0,
5,421,SVD,0,196.2,
5,422,SVD,0,154.4,
5,423,SVD,0,139.7,
5,424,SVD,0,93.1,
5,425,SVD,2,132.8,
5,426,SVD,0,57.4,
5,427,SVD,0,69.8,
5,428,SVD,0,196.6,
5,429,SVD,2,103.8,
5,430,SVD,1,141.4,
5,431,SVD,0,167.5,
5,432,SVD,1,175.8,
5,434,SVD,0,146.6,
5,435,SVD,1,64.7,
5,436,SVD,0,78.7,
5,437,SVD,0,86.5,
5,438,SVD,0,180.9,
5,439,SVD,0,148.1,
5,440,SVD,0,160.8,
5,441,SVD,0,171.2,
5,442,SVD,0,135.0,
5,445,SVD,0,156.7,
5,446,SVD,0,146.9,
5,447,SVD,1,178.1,
5,448,SVD,0,129.2,
5,449,SVD,0,101.0,
5,450,SVD,3,76.8,
5,451,SVD,0,181.2,
5,452,SVD,3,130.7,
5,453,SVD,0,132.4,
5,454,SVD,1,51.5,
5,455,SVD,0,93.8,
5,456,SVD,1,78.2,
5,457,SVD,2,139.2,
5,458,SVD,1,60.9,
5,459,SVD,0,134.9,
5,460,SVD,0,130.3,
5,462,SVD,0,173.2,
5,463,SVD,0,125.7,
5,464,SVD,0,117.8,
5,465,SVD,1,55.5,
5,466,SVD,0,114.2,
5,467,SVD,0,114.5,
5,468,SVD,2,138.9,
5,469,SVD,0,81.3,
5,470,SVD,0,134.7,
5,471,SVD,0,18.7,
5,472,SVD,0,50.8,
5,473,SVD,0,214.7,
5,474,SVD,1,53.7,
5,475,SVD,0,67.5,
5,476,SVD,0,160.2,
5,477,SVD,0,132.1,
5,478,SVD,1,140.4,
5,479,SVD,0,117.7,
5,480,SVD,1,83.3,
5,481,SVD,0,48.0,
5,482,SVD,0,91.3,
5,483,SVD,0,90.1,
5,484,SVD,1,147.0,
5,485,SVD,1,120.0,
5,486,SVD,0,162.1,
5,487,SVD,1,139.5,
5,488,SVD,1,96.6,
5,489,SVD,0,68.1,
5,490,SVD,0,93.6,
5,491,SVD,1,65.9,
5,492,SVD,0,199.7,
5,493,SVD,0,119.1,
5,494,SVD,0,194.6,
5,495,SVD,0,59.2,
5,496,SVD,0,57.6,
5,497,SVD,1,132.9,
5,498,SVD,0,51.7,
5,499,SVD,0,85.6,
5,500,SVD,0,97.5,
5,501,SVD,0,72.5,
5,502,SVD,0,79.6,
5,503,SVD,0,74.3,
5,504,SVD,0,82.5,
5,505,SVD,0,125.2,
5,506,SVD,1,189.0,
5,507,SVD,0,78.7,
5,508,SVD,0,87.7,
5,509,SVD,0,149.5,
5,510,SVD,0,194.4,
5,511,SVD,0,142.4,
5,512,SVD,0,141.8,
5,513,SVD,0,118.8,
5,514,SVD,2,79.2,
5,515,SVD,0,120.5,
5,516,SVD,0,101.4,
5,517,SVD,0,140.7,
5,518,SVD,0,161.8,
5,519,SVD,0,147.0,
5,520,SVD,0,148.1,
5,521,SVD,0,71.2,
5,522,SVD,0,107.4,
5,523,SVD,1,132.8,
5,524,SVD,2,54.6,
5,525,SVD,0,194.2,
5,526,SVD,1,132.9,
5,527,SVD,1,77.6,
5,528,SVD,0,140.9,
5,529,SVD,0,190.0,
5,530,SVD,0,91.1,
5,531,SVD,0,115.7,
5,532,SVD,1,208.8,
5,533,SVD,2,71.3,
5,534,SVD,0,61.0,
5,535,SVD,2,52.6,
5,536,SVD,2,85.0,
5,537,SVD,4,97.0,
5,538,SVD,0,131.9,
5,539,SVD,0,109.6,
5,540,SVD,0,129.2,
5,541,SVD,0,124.2,
5,542,SVD,0,110.9,
5,543,SVD,1,69.3,
5,544,SVD,0,130.6,
5,545,SVD,1,146.5,
5,546,SVD,0,89.0,
5,547,SVD,0,192.2,
5,548,SVD,0,156.6,
5,549,SVD,0,161.1,
5,550,SVD,0,151.5,
5,551,SVD,1,91.3,
5,552,SVD,0,112.6,
5,553,SVD,2,202.8,
5,554,SVD,1,146.2,
5,555,SVD,0,63.4,
5,556,SVD,1,148.8,
5,557,SVD,0,98.1,
5,558,SVD,0,116.6,
5,559,SVD,0,112.9,
5,560,SVD,1,162.7,
5,561,SVD,0,81.7,
5,562,SVD,1,101.1,
5,563,SVD,0,196.4,
5,564,SVD,0,137.6,
5,565,SVD,1,98.9,
5,566,SVD,0,61.6,
5,567,SVD,1,70.2,
5,568,SVD,0,137.1,
5,569,SVD,0,126.3,
5,570,SVD,0,99.2,
5,571,SVD,0,81.8,
5,572,SVD,0,162.5,
5,573,SVD,0,107.5,
5,574,SVD,0,126.4,
5,575,SVD,1,125.8,
5,576,SVD,0,209.4,
5,577,SVD,1,80.5,
5,578,SVD,1,143.5,
5,579,SVD,1,193.7,
5,580,SVD,0,93.1,
5,581,SVD,1,97.2,
5,582,SVD,0,132.9,
5,583,SVD,1,82.7,
5,584,SVD,1,148.2,
5,585,SVD,0,166.4,
5,586,SVD,0,63.5,
5,587,SVD,0,141.0,
5,588,SVD,1,59.1,
5,589,SVD,0,190.6,
5,590,SVD,1,94.4,
5,591,SVD,1,142.2,
5,592,SVD,4,113.2,
5,593,SVD,2,158.3,
5,594,SVD,0,87.9,
5,595,SVD,1,176.6,
5,596,SVD,0,114.8,
5,597,SVD,0,159.0,
5,598,SVD,0,136.4,
5,599,SVD,0,191.3,
5,600,SVD,0,164.8,
5,601,SVD,0,76.7,
5,603,SVD,0,90.8,
5,604,SVD,0,157.3,
5,605,SVD,1,116.2,
5,606,SVD,1,123.8,
5,607,SVD,0,119.4,
5,608,SVD,1,48.5,
5,609,SVD,0,207.5,
5,610,SVD,1,154.9,
5,611,SVD,0,87.1,
5,612,SVD,1,164.3,
5,613,SVD,1,142.3,
5,614,SVD,0,193.2,
5,615,SVD,1,123.2,
5,616,SVD,0,127.0,
5,617,SVD,1,113.8,
5,618,SVD,3,169.2,
5,619,SVD,1,181.0,
5,620,SVD,1,138.4,
5,621,SVD,0,145.7,
5,622,SVD,3,140.3,
5,623,SVD,0,169.6,
5,624,SVD,0,148.5,
5,625,SVD,1,134.8,
5,626,SVD,0,163.4,
5,627,SVD,0,102.8,
5,628,SVD,0,116.6,
5,629,SVD,0,126.0,
5,630,SVD,1,67.4,
5,631,SVD,0,180.5,
5,632,SVD,4,136.7,
5,633,SVD,1,203.4,
5,634,SVD,0,116.2,
5,635,SVD,0,121.4,
5,636,SVD,0,99.8,
5,637,SVD,0,177.0,
5,638,SVD,1,147.5,
5,639,SVD,0,89.0,
5,640,SVD,0,161.3,
5,641,SVD,1,114.7,
5,642,SVD,0,45.4,
5,643,SVD,3,119.1,
5,644,SVD,0,37.1,
5,645,SVD,1,146.7,
5,646,SVD,1,113.6,
5,647,SVD,0,128.7,
5,648,SVD,2,140.1,
5,649,SVD,0,121.3,
5,650,SVD,1,70.5,
5,651,SVD,0,109.1,
5,652,SVD,0,104.2,
5,653,SVD,2,108.1,
5,654,SVD,2,93.8,
5,655,SVD,2,68.4,
5,657,SVD,0,136.8,
5,658,SVD,0,113.2,
5,659,SVD,3,128.2,
5,660,SVD,0,66.7,
5,661,SVD,3,142.8,
5,662,SVD,0,78.9,
5,663,SVD,2,127.7,
5,664,SVD,1,92.0,
5,665,SVD,0,51.4,
5,666,SVD,2,56.8,
5,667,SVD,1,102.5,
5,668,SVD,0,86.8,
5,669,SVD,4,129.2,
5,670,SVD,1,175.4,
5,671,SVD,2,165.6,
5,672,SVD,0,70.0,
5,673,SVD,0,122.2,
5,674,SVD,0,153.0,
5,675,SVD,0,116.1,
5,676,SVD,2,121.8,
5,677,SVD,0,86.2,
5,678,SVD,1,120.0,
5,679,SVD,2,139.0,
5,680,SVD,1,121.0,
5,681,SVD,0,94.4,
5,682,SVD,3,144.6,
5,683,SVD,1,185.3,
5,684,SVD,1,121.5,
5,686,SVD,1,73.7,
5,687,SVD,0,107.2,
5,688,SVD,0,175.6,
5,689,SVD,1,192.9,
5,690,SVD,0,111.2,
5,691,SVD,1,102.6,
5,692,SVD,0,172.9,
5,693,SVD,1,60.6,
5,694,SVD,2,112.8,
5,695,SVD,0,140.2,
5,696,SVD,1,135.3,
5,697,SVD,0,108.4,
5,698,SVD,0,133.9,
5,699,SVD,0,57.4,
5,700,SVD,0,143.4,
5,701,SVD,1,137.7,
5,702,SVD,0,170.7,
5,703,SVD,0,218.8,
5,704,SVD,0,121.2,
5,705,SVD,1,57.5,
5,706,SVD,0,176.4,
5,707,SVD,4,60.9,
5,708,SVD,0,199.0,
5,709,SVD,0,101.3,
5,710,SVD,2,96.7,
5,711,SVD,1,92.9,
5,712,SVD,1,135.3,
5,713,SVD,1,122.8,
5,714,SVD,0,130.2,
5,715,SVD,3,210.6,
5,716,SVD,6,120.7,
5,717,SVD,0,140.9,
5,718,SVD,0,137.3,
5,719,SVD,2,143.1,
5,720,SVD,0,116.6,
5,721,SVD,1,110.2,
5,722,SVD,0,128.1,
5,723,SVD,1,167.3,
5,724,SVD,0,231.1,
5,725,SVD,0,122.8,
5,726,SVD,0,160.1,
5,727,SVD,4,143.9,
5,728,SVD,0,129.4,
5,730,SVD,0,136.5,
5,731,SVD,1,142.0,
5,732,SVD,0,143.9,
5,733,SVD,0,89.8,
5,734,SVD,2,191.9,
5,735,SVD,0,114.1,
5,737,SVD,0,80.0,
5,738,SVD,2,146.7,
5,739,SVD,2,158.6,
5,740,SVD,0,144.4,
5,741,SVD,2,155.0,
5,742,SVD,1,158.2,
5,743,SVD,1,74.3,
5,744,SVD,1,143.6,
5,745,SVD,1,97.0,
5,746,SVD,2,178.3,
5,747,SVD,6,118.6,
5,748,SVD,3,137.7,
5,749,SVD,4,180.2,
5,750,SVD,0,168.8,
5,751,SVD,1,142.3,
5,752,SVD,0,146.5,
5,753,SVD,0,95.7,
5,754,SVD,0,159.5,
5,755,SVD,0,110.1,
5,756,SVD,0,106.5,
5,757,SVD,1,141.0,
5,758,SVD,2,107.8,
5,759,SVD,1,201.4,
5,760,SVD,0,110.1,
5,761,SVD,0,226.2,
5,762,SVD,0,164.5,
5,763,SVD,0,84.0,
5,764,SVD,1,146.0,
5,765,SVD,0,79.1,
5,766,SVD,1,61.1,
5,767,SVD,0,111.5,
5,768,SVD,1,154.2,
5,769,SVD,0,122.5,
5,770,SVD,0,116.0,
5,771,SVD,3,158.6,
5,772,SVD,0,131.9,
5,773,SVD,2,132.6,
5,774,SVD,0,89.4,
5,775,SVD,0,109.1,
5,776,SVD,3,139.3,
5,777,SVD,0,171.8,
5,778,SVD,1,141.2,
5,779,SVD,1,172.1,
5,780,SVD,4,195.9,
5,781,SVD,4,172.3,
5,782,SVD,1,222.6,
5,783,SVD,0,64.8,
5,784,SVD,0,185.1,
5,785,SVD,2,117.3,
5,786,SVD,2,202.2,
5,787,SVD,1,230.8,
5,788,SVD,1,72.1,
5,789,SVD,0,158.8,
5,790,SVD,0,105.4,
5,791,SVD,0,151.4,
5,792,SVD,0,180.8,
5,793,SVD,1,199.4,
5,794,SVD,0,130.1,
5,795,SVD,1,102.8,
5,796,SVD,3,91.9,
5,797,SVD,0,231.0,
5,798,SVD,1,109.8,
5,799,SVD,0,143.5,
5,800,SVD,0,116.6,
5,801,SVD,1,181.7,
5,802,SVD,0,188.8,
5,803,SVD,0,162.5,
5,804,SVD,3,125.0,
5,805,SVD,1,76.3,
5,806,SVD,4,125.2,
5,807,SVD,3,153.5,
5,808,SVD,0,194.4,
5,809,SVD,0,149.0,
5,810,SVD,0,146.5,
5,811,SVD,0,119.5,
5,812,SVD,0,234.6,
5,813,SVD,0,143.5,
5,814,SVD,0,174.2,
5,815,SVD,4,138.9,
5,816,SVD,0,185.5,
5,817,SVD,0,138.3,
5,818,SVD,0,161.1,
5,819,SVD,0,129.0,
5,820,SVD,0,198.0,
5,821,SVD,1,147.6,
5,822,SVD,1,92.0,
5,823,SVD,5,186.9,
5,824,SVD,0,78.3,
5,825,SVD,0,131.0,
5,826,SVD,0,104.0,
5,827,SVD,0,100.0,
5,828,SVD,0,134.1,
5,829,SVD,1,143.9,
5,830,SVD,2,172.0,
5,831,SVD,0,154.9,
5,832,SVD,0,162.3,
5,833,SVD,4,75.3,
5,834,SVD,0,121.8,
5,835,SVD,0,73.6,
5,836,SVD,1,144.2,
5,837,SVD,0,179.5,
5,838,SVD,1,138.9,
5,839,SVD,0,97.4,
5,840,SVD,3,131.6,
5,841,SVD,1,119.6,
5,842,SVD,0,148.6,
5,843,SVD,0,97.7,
5,844,SVD,0,113.2,
5,845,SVD,0,115.7,
5,846,SVD,6,147.4,
5,847,SVD,3,180.9,
5,848,SVD,4,171.9,
5,849,SVD,0,145.6,
5,850,SVD,3,188.3,
5,851,SVD,4,172.5,
5,852,SVD,0,131.0,
5,853,SVD,0,118.0,
5,854,SVD,2,120.7,
5,855,SVD,0,211.3,
5,856,SVD,0,176.4,
5,858,SVD,0,108.2,
5,859,SVD,0,123.3,
5,860,SVD,0,119.3,
5,861,SVD,0,208.2,
5,862,SVD,1,69.3,
5,863,SVD,2,189.9,
5,864,SVD,6,127.9,
5,865,SVD,1,131.3,
5,866,SVD,0,161.6,
5,867,SVD,3,86.0,
5,868,SVD,3,96.7,
5,869,SVD,1,142.9,
5,870,SVD,4,154.5,
5,871,SVD,2,169.5,
5,872,SVD,1,124.1,
5,873,SVD,0,98.9,
5,874,SVD,0,180.5,
5,875,SVD,2,99.2,
5,876,SVD,1,183.6,
5,877,SVD,1,193.1,
5,878,SVD,3,127.0,
5,879,SVD,1,181.8,
5,880,SVD,5,178.4,
5,881,SVD,2,117.4,
5,882,SVD,1,166.5,
5,883,SVD,3,58.2,
5,884,SVD,0,154.4,
5,885,SVD,2,170.1,
5,886,SVD,5,159.3,
5,887,SVD,1,76.9,
5,888,SVD,0,107.5,
5,889,SVD,5,118.2,
5,890,SVD,5,187.3,
5,891,SVD,0,159.8,
5,892,SVD,3,104.9,
5,893,SVD,1,171.4,
5,894,SVD,1,154.0,
5,895,SVD,0,170.0,
5,896,SVD,2,132.7,
5,897,SVD,1,135.6,
5,898,SVD,0,151.8,
5,899,SVD,4,143.4,
5,900,SVD,1,143.6,
5,901,SVD,2,159.2,
5,902,SVD,0,141.2,
5,903,SVD,3,131.6,
5,904,SVD,1,155.5,
5,905,SVD,0,141.4,
5,906,SVD,1,164.3,
5,907,SVD,2,110.6,
5,908,SVD,2,114.8,
5,909,SVD,0,169.2,
5,910,SVD,2,150.9,
5,911,SVD,0,66.3,
5,912,SVD,2,108.2,
5,913,SVD,5,182.1,
5,914,SVD,0,169.3,
5,915,SVD,0,138.7,
5,916,SVD,2,122.9,
5,917,SVD,1,66.8,
5,918,SVD,0,84.6,
5,919,SVD,3,144.5,
5,920,SVD,0,99.2,
5,921,SVD,2,185.3,
5,922,SVD,1,164.8,
5,923,SVD,0,123.3,
5,924,SVD,5,184.0,
5,925,SVD,0,104.7,
5,926,SVD,0,170.9,
5,927,SVD,1,186.7,
5,928,SVD,1,78.2,
5,929,SVD,1,119.1,
5,930,SVD,1,135.5,
5,931,SVD,1,116.2,
5,932,SVD,5,151.9,
5,933,SVD,4,165.8,
5,934,SVD,0,107.2,
5,935,SVD,0,107.0,
5,936,SVD,1,80.5,
5,937,SVD,2,159.7,
5,938,SVD,1,205.3,
5,939,SVD,0,114.6,
5,940,SVD,2,180.0,
5,941,SVD,1,171.4,
5,942,SVD,2,132.5,
5,943,SVD,4,174.3,
5,1,Mais populares,2,309.2,
5,2,Mais populares,1,330.6,
5,3,Mais populares,0,355.0,
5,4,Mais populares,0,349.1,
5,5,Mais populares,1,348.2,
5,6,Mais populares,0,314.5,
5,7,Mais populares,2,294.8,
5,9,Mais populares,1,362.2,
5,10,Mais populares,1,345.1,
5,11,Mais populares,0,356.1,
5,12,Mais populares,0,370.9,
5,13,Mais populares,2,218.4,
5,14,Mais populares,0,323.5,
5,16,Mais populares,1,337.9,
5,17,Mais populares,0,365.8,
5,18,Mais populares,4,361.8,
5,20,Mais populares,0,363.3,
5,21,Mais populares,2,323.7,
5,22,Mais populares,1,343.5,
5,23,Mais populares,1,330.6,
5,24,Mais populares,1,338.3,
5,25,Mais populares,1,339.2,
5,26,Mais populares,1,295.1,
5,27,Mais populares,0,350.1,
5,28,Mais populares,0,317.2,
5,30,Mais populares,0,337.1,
5,31,Mais populares,0,387.2,
5,32,Mais populares,2,368.4,
5,33,Mais populares,2,373.7,
5,34,Mais populares,0,377.8,
5,37,Mais populares,0,361.6,
5,38,Mais populares,0,372.9,
5,39,Mais populares,1,372.4,
5,41,Mais populares,1,356.3,
5,42,Mais populares,0,346.0,
5,43,Mais populares,1,249.9,
5,44,Mais populares,2,315.7,
5,45,Mais populares,0,335.8,
5,46,Mais populares,1,335.5,
5,47,Mais populares,0,366.2,
5,48,Mais populares,0,346.7,
5,49,Mais populares,0,321.1,
5,52,Mais populares,1,369.3,
5,53,Mais populares,0,338.5,
5,55,Mais populares,1,360.8,
5,56,Mais populares,2,303.5,
5,57,Mais populares,2,319.0,
5,58,Mais populares,3,327.2,
5,59,Mais populares,0,272.0,
5,60,Mais populares,0,342.3,
5,62,Mais populares,4,273.9,
5,63,Mais populares,0,332.1,
5,64,Mais populares,1,280.6,
5,65,Mais populares,1,334.1,
5,66,Mais populares,1,310.9,
5,67,Mais populares,0,383.4,
5,70,Mais populares,1,358.6,
5,71,Mais populares,2,355.5,
5,72,Mais populares,0,323.4,
5,73,Mais populares,0,360.1,
5,74,Mais populares,0,354.4,
5,75,Mais populares,0,369.0,
5,76,Mais populares,0,349.2,
5,77,Mais populares,2,341.9,
5,78,Mais populares,0,376.5,
5,79,Mais populares,0,334.2,
5,80,Mais populares,0,365.6,
5,81,Mais populares,0,366.4,
5,82,Mais populares,0,302.0,
5,83,Mais populares,0,357.0,
5,84,Mais populares,0,335.8,
5,85,Mais populares,2,318.1,
5,86,Mais populares,0,364.6,
5,87,Mais populares,1,343.3,
5,88,Mais populares,0,381.9,
5,89,Mais populares,0,342.9,
5,90,Mais populares,0,353.0,
5,91,Mais populares,1,360.1,
5,92,Mais populares,1,265.9,
5,93,Mais populares,0,383.4,
5,94,Mais populares,2,285.7,
5,95,Mais populares,1,355.1,
5,96,Mais populares,0,340.8,
5,97,Mais populares,0,358.7,
5,98,Mais populares,0,387.2,
5,99,Mais populares,3,301.0,
5,100,Mais populares,0,358.9,
5,102,Mais populares,1,297.1,
5,103,Mais populares,1,352.1,
5,106,Mais populares,0,371.8,
5,109,Mais populares,3,297.9,
5,110,Mais populares,0,364.1,
5,111,Mais populares,0,373.3,
5,112,Mais populares,0,366.3,
5,113,Mais populares,0,328.2,
5,114,Mais populares,0,380.6,
5,115,Mais populares,2,352.8,
5,116,Mais populares,1,323.0,
5,117,Mais populares,0,309.0,
5,118,Mais populares,1,368.1,
5,119,Mais populares,1,295.4,
5,120,Mais populares,1,367.4,
5,121,Mais populares,1,328.2,
5,122,Mais populares,0,387.2,
5,123,Mais populares,0,350.9,
5,125,Mais populares,1,328.9,
5,126,Mais populares,0,365.0,
5,128,Mais populares,1,313.8,
5,130,Mais populares,4,289.0,
5,131,Mais populares,0,371.8,
5,132,Mais populares,1,367.0,
5,133,Mais populares,0,366.3,
5,134,Mais populares,0,362.4,
5,136,Mais populares,1,374.8,
5,137,Mais populares,0,351.6,
5,138,Mais populares,0,374.7,
5,139,Mais populares,0,368.3,
5,140,Mais populares,0,367.9,
5,141,Mais populares,2,309.7,
5,142,Mais populares,0,366.5,
5,143,Mais populares,0,360.5,
5,144,Mais populares,2,278.5,
5,145,Mais populares,1,284.3,
5,146,Mais populares,0,377.8,
5,147,Mais populares,1,378.5,
5,148,Mais populares,0,353.6,
5,150,Mais populares,0,339.2,
5,151,Mais populares,1,295.0,
5,152,Mais populares,0,375.8,
5,154,Mais populares,0,348.8,
5,156,Mais populares,1,387.2,
5,157,Mais populares,0,355.9,
5,158,Mais populares,1,325.5,
5,159,Mais populares,0,363.7,
5,160,Mais populares,2,357.7,
5,162,Mais populares,0,352.9,
5,164,Mais populares,0,357.7,
5,165,Mais populares,0,360.8,
5,167,Mais populares,0,381.3,
5,168,Mais populares,1,341.2,
5,170,Mais populares,1,366.6,
5,171,Mais populares,0,366.2,
5,173,Mais populares,1,376.5,
5,174,Mais populares,1,346.0,
5,175,Mais populares,0,365.0,
5,176,Mais populares,0,329.7,
5,177,Mais populares,2,293.8,
5,178,Mais populares,6,245.7,
5,179,Mais populares,0,370.7,
5,180,Mais populares,0,376.5,
5,181,Mais populares,1,332.0,
5,182,Mais populares,0,349.7,
5,183,Mais populares,0,371.9,
5,184,Mais populares,0,294.3,
5,185,Mais populares,0,347.7,
5,186,Mais populares,0,345.6,
5,187,Mais populares,0,387.1,
5,188,Mais populares,2,339.8,
5,189,Mais populares,0,324.0,
5,190,Mais populares,2,359.4,
5,192,Mais populares,0,351.6,
5,193,Mais populares,0,317.2,
5,194,Mais populares,1,290.8,
5,195,Mais populares,0,360.0,
5,197,Mais populares,1,337.6,
5,198,Mais populares,2,293.2,
5,200,Mais populares,1,298.6,
5,201,Mais populares,1,291.7,
5,202,Mais populares,0,369.7,
5,203,Mais populares,0,318.4,
5,204,Mais populares,0,360.7,
5,208,Mais populares,0,387.2,
5,209,Mais populares,0,342.3,
5,210,Mais populares,0,342.6,
5,211,Mais populares,0,372.2,
5,213,Mais populares,2,288.4,
5,214,Mais populares,0,313.7,
5,216,Mais populares,0,344.1,
5,217,Mais populares,0,338.3,
5,218,Mais populares,0,375.2,
5,219,Mais populares,0,378.5,
5,221,Mais populares,1,321.8,
5,222,Mais populares,3,251.9,
5,223,Mais populares,0,353.4,
5,224,Mais populares,0,366.3,
5,225,Mais populares,0,382.6,
5,226,Mais populares,0,369.4,
5,227,Mais populares,0,337.1,
5,229,Mais populares,0,364.6,
5,230,Mais populares,1,318.0,
5,231,Mais populares,0,354.7,
5,232,Mais populares,1,338.1,
5,233,Mais populares,0,347.8,
5,234,Mais populares,1,277.3,
5,235,Mais populares,0,348.7,
5,236,Mais populares,0,319.2,
5,237,Mais populares,0,380.0,
5,239,Mais populares,0,329.9,
5,240,Mais populares,1,380.6,
5,241,Mais populares,1,375.2,
5,242,Mais populares,0,380.0,
5,243,Mais populares,0,379.6,
5,244,Mais populares,1,321.3,
5,245,Mais populares,0,352.2,
5,246,Mais populares,0,323.8,
5,247,Mais populares,2,365.9,
5,248,Mais populares,0,325.7,
5,249,Mais populares,0,287.2,
5,250,Mais populares,0,288.5,
5,251,Mais populares,0,308.5,
5,252,Mais populares,0,369.9,
5,253,Mais populares,0,337.2,
5,254,Mais populares,0,331.9,
5,255,Mais populares,0,341.1,
5,256,Mais populares,1,310.9,
5,257,Mais populares,0,326.8,
5,258,Mais populares,1,360.5,
5,259,Mais populares,1,364.5,
5,261,Mais populares,1,376.5,
5,262,Mais populares,0,296.5,
5,263,Mais populares,1,325.9,
5,264,Mais populares,0,357.6,
5,265,Mais populares,2,331.7,
5,266,Mais populares,1,382.6,
5,267,Mais populares,1,342.7,
5,268,Mais populares,0,262.2,
5,269,Mais populares,0,342.4,
5,270,Mais populares,1,329.7,
5,271,Mais populares,2,280.3,
5,272,Mais populares,0,362.7,
5,273,Mais populares,0,387.2,
5,274,Mais populares,0,315.5,
5,275,Mais populares,1,331.5,
5,276,Mais populares,5,268.5,
5,277,Mais populares,1,332.3,
5,279,Mais populares,1,320.9,
5,280,Mais populares,2,292.5,
5,281,Mais populares,1,366.6,
5,283,Mais populares,0,351.9,
5,284,Mais populares,0,372.0,
5,286,Mais populares,1,300.1,
5,288,Mais populares,2,346.5,
5,289,Mais populares,0,383.4,
5,290,Mais populares,0,354.0,
5,291,Mais populares,1,305.4,
5,292,Mais populares,0,316.0,
5,293,Mais populares,3,265.0,
5,294,Mais populares,3,304.9,
5,295,Mais populares,1,337.3,
5,296,Mais populares,0,283.3,
5,297,Mais populares,1,286.1,
5,298,Mais populares,0,334.0,
5,299,Mais populares,0,287.8,
5,300,Mais populares,0,367.1,
5,301,Mais populares,3,306.0,
5,302,Mais populares,0,373.7,
5,303,Mais populares,4,233.0,
5,304,Mais populares,0,369.1,
5,305,Mais populares,1,288.4,
5,306,Mais populares,0,365.5,
5,307,Mais populares,1,345.4,
5,308,Mais populares,1,308.2,
5,310,Mais populares,0,348.1,
5,311,Mais populares,1,294.4,
5,312,Mais populares,1,356.7,
5,313,Mais populares,2,317.1,
5,314,Mais populares,0,367.8,
5,315,Mais populares,0,371.0,
5,316,Mais populares,0,356.8,
5,318,Mais populares,1,352.0,
5,320,Mais populares,1,330.3,
5,321,Mais populares,0,354.0,
5,322,Mais populares,0,359.9,
5,323,Mais populares,1,297.2,
5,324,Mais populares,0,333.7,
5,325,Mais populares,0,339.0,
5,326,Mais populares,0,357.1,
5,327,Mais populares,2,245.5,
5,328,Mais populares,5,343.2,
5,329,Mais populares,1,313.7,
5,330,Mais populares,1,335.9,
5,331,Mais populares,0,375.4,
5,332,Mais populares,1,300.0,
5,334,Mais populares,0,273.9,
5,335,Mais populares,0,370.7,
5,336,Mais populares,1,360.0,
5,337,Mais populares,0,361.7,
5,338,Mais populares,0,362.2,
5,339,Mais populares,0,283.5,
5,340,Mais populares,0,358.6,
5,341,Mais populares,0,376.5,
5,342,Mais populares,0,353.7,
5,343,Mais populares,2,319.6,
5,344,Mais populares,2,315.5,
5,345,Mais populares,3,297.6,
5,346,Mais populares,2,298.0,
5,347,Mais populares,1,242.4,
5,348,Mais populares,0,360.6,
5,349,Mais populares,0,372.1,
5,350,Mais populares,1,339.2,
5,351,Mais populares,1,374.8,
5,352,Mais populares,1,353.2,
5,353,Mais populares,0,372.0,
5,354,Mais populares,0,330.6,
5,355,Mais populares,0,374.8,
5,356,Mais populares,1,366.3,
5,357,Mais populares,0,367.5,
5,358,Mais populares,1,387.2,
5,359,Mais populares,1,367.3,
5,360,Mais populares,0,319.3,
5,361,Mais populares,1,364.6,
5,362,Mais populares,0,365.0,
5,363,Mais populares,5,326.1,
5,364,Mais populares,0,370.7,
5,365,Mais populares,0,352.8,
5,367,Mais populares,0,344.0,
5,369,Mais populares,0,363.7,
5,370,Mais populares,0,344.0,
5,371,Mais populares,0,357.0,
5,372,Mais populares,0,367.4,
5,373,Mais populares,1,349.8,
5,374,Mais populares,2,311.0,
5,375,Mais populares,0,380.6,
5,376,Mais populares,1,372.2,
5,377,Mais populares,1,361.5,
5,378,Mais populares,4,252.0,
5,379,Mais populares,0,308.1,
5,380,Mais populares,2,311.8,
5,381,Mais populares,0,354.0,
5,382,Mais populares,0,351.4,
5,383,Mais populares,1,380.6,
5,384,Mais populares,2,387.1,
5,385,Mais populares,1,352.4,
5,387,Mais populares,2,276.1,
5,388,Mais populares,2,352.8,
5,389,Mais populares,0,339.5,
5,391,Mais populares,1,314.6,
5,392,Mais populares,1,324.1,
5,393,Mais populares,1,304.0,
5,394,Mais populares,2,327.1,
5,395,Mais populares,1,331.2,
5,396,Mais populares,0,366.6,
5,397,Mais populares,0,328.0,
5,398,Mais populares,1,351.9,
5,399,Mais populares,1,336.4,
5,400,Mais populares,0,358.9,
5,401,Mais populares,0,321.8,
5,402,Mais populares,2,350.4,
5,403,Mais populares,3,346.2,
5,404,Mais populares,0,372.4,
5,405,Mais populares,2,365.7,
5,406,Mais populares,4,346.9,
5,407,Mais populares,5,307.1,
5,408,Mais populares,0,358.9,
5,409,Mais populares,0,330.8,
5,410,Mais populares,0,372.0,
5,411,Mais populares,1,349.0,
5,412,Mais populares,1,379.8,
5,413,Mais populares,1,344.3,
5,414,Mais populares,0,356.9,
5,415,Mais populares,1,378.5,
5,416,Mais populares,7,268.9,
5,417,Mais populares,2,282.2,
5,419,Mais populares,2,348.3,
5,420,Mais populares,1,374.1,
5,421,Mais populares,0,359.3,
5,422,Mais populares,0,302.7,
5,423,Mais populares,1,372.0,
5,424,Mais populares,0,339.7,
5,425,Mais populares,2,304.9,
5,426,Mais populares,0,364.4,
5,427,Mais populares,0,372.0,
5,428,Mais populares,1,376.5,
5,429,Mais populares,3,308.3,
5,430,Mais populares,2,295.9,
5,431,Mais populares,0,376.5,
5,432,Mais populares,1,303.0,
5,434,Mais populares,1,379.9,
5,435,Mais populares,4,280.0,
5,436,Mais populares,0,365.1,
5,437,Mais populares,1,339.6,
5,438,Mais populares,1,342.1,
5,439,Mais populares,0,370.2,
5,440,Mais populares,1,387.1,
5,441,Mais populares,0,370.3,
5,442,Mais populares,1,328.5,
5,445,Mais populares,1,325.9,
5,446,Mais populares,0,370.7,
5,447,Mais populares,2,292.0,
5,448,Mais populares,0,373.3,
5,449,Mais populares,0,368.3,
5,450,Mais populares,6,258.4,
5,451,Mais populares,1,369.1,
5,452,Mais populares,2,330.4,
5,453,Mais populares,1,324.3,
5,454,Mais populares,1,292.8,
5,455,Mais populares,4,302.5,
5,456,Mais populares,1,303.5,
5,457,Mais populares,4,304.6,
5,458,Mais populares,3,322.3,
5,459,Mais populares,2,304.9,
5,460,Mais populares,0,351.7,
5,462,Mais populares,1,372.8,
5,463,Mais populares,2,333.7,
5,464,Mais populares,2,347.4,
5,465,Mais populares,1,315.1,
5,466,Mais populares,1,325.0,
5,467,Mais populares,0,340.2,
5,468,Mais populares,4,309.2,
5,469,Mais populares,0,382.6,
5,470,Mais populares,0,313.8,
5,471,Mais populares,0,369.8,
5,472,Mais populares,2,324.7,
5,473,Mais populares,0,387.2,
5,474,Mais populares,2,268.3,
5,475,Mais populares,0,349.6,
5,476,Mais populares,0,374.3,
5,477,Mais populares,0,383.0,
5,478,Mais populares,1,359.3,
5,479,Mais populares,1,278.1,
5,480,Mais populares,2,347.0,
5,481,Mais populares,0,355.9,
5,482,Mais populares,1,366.3,
5,483,Mais populares,1,351.7,
5,484,Mais populares,4,311.2,
5,485,Mais populares,0,370.7,
5,486,Mais populares,2,336.5,
5,487,Mais populares,4,274.5,
5,488,Mais populares,4,332.3,
5,489,Mais populares,1,360.5,
5,490,Mais populares,0,327.3,
5,491,Mais populares,0,358.0,
5,492,Mais populares,0,374.8,
5,493,Mais populares,0,278.0,
5,494,Mais populares,3,324.9,
5,495,Mais populares,1,345.0,
5,496,Mais populares,0,350.1,
5,497,Mais populares,3,314.5,
5,498,Mais populares,1,326.8,
5,499,Mais populares,2,360.5,
5,500,Mais populares,1,290.0,
5,501,Mais populares,0,349.2,
5,502,Mais populares,0,365.0,
5,503,Mais populares,2,333.3,
5,504,Mais populares,3,325.9,
5,505,Mais populares,3,338.2,
5,506,Mais populares,0,340.3,
5,507,Mais populares,3,362.7,
5,508,Mais populares,2,373.7,
5,509,Mais populares,1,354.8,
5,510,Mais populares,0,358.9,
5,511,Mais populares,0,375.2,
5,512,Mais populares,0,352.9,
5,513,Mais populares,2,363.7,
5,514,Mais populares,3,339.3,
5,515,Mais populares,0,358.9,
5,516,Mais populares,0,357.9,
5,517,Mais populares,1,358.3,
5,518,Mais populares,1,364.0,
5,519,Mais populares,0,381.3,
5,520,Mais populares,0,368.4,
5,521,Mais populares,3,339.4,
5,522,Mais populares,0,380.6,
5,523,Mais populares,0,349.9,
5,524,Mais populares,2,344.9,
5,525,Mais populares,1,365.1,
5,526,Mais populares,2,339.3,
5,527,Mais populares,0,341.7,
5,528,Mais populares,0,344.2,
5,529,Mais populares,1,360.5,
5,530,Mais populares,0,363.5,
5,531,Mais populares,0,374.8,
5,532,Mais populares,2,362.1,
5,533,Mais populares,3,272.0,
5,534,Mais populares,2,371.6,
5,535,Mais populares,2,336.4,
5,536,Mais populares,2,369.3,
5,537,Mais populares,2,280.1,
5,538,Mais populares,2,350.3,
5,539,Mais populares,1,367.6,
5,540,Mais populares,1,317.8,
5,541,Mais populares,1,356.3,
5,542,Mais populares,2,359.7,
5,543,Mais populares,0,387.2,
5,544,Mais populares,1,360.5,
5,545,Mais populares,1,359.7,
5,546,Mais populares,1,310.3,
5,547,Mais populares,0,378.5,
5,548,Mais populares,5,324.9,
5,549,Mais populares,1,339.2,
5,550,Mais populares,1,338.2,
5,551,Mais populares,5,284.1,
5,552,Mais populares,2,318.5,
5,553,Mais populares,1,364.0,
5,554,Mais populares,4,357.7,
5,555,Mais populares,1,342.2,
5,556,Mais populares,1,376.5,
5,557,Mais populares,0,359.3,
5,558,Mais populares,1,382.6,
5,559,Mais populares,1,382.4,
5,560,Mais populares,2,346.9,
5,561,Mais populares,0,305.1,
5,562,Mais populares,0,346.2,
5,563,Mais populares,0,363.7,
5,564,Mais populares,1,360.1,
5,565,Mais populares,0,387.2,
5,566,Mais populares,1,357.9,
5,567,Mais populares,1,347.1,
5,568,Mais populares,0,374.8,
5,569,Mais populares,0,320.2,
5,570,Mais populares,0,366.2,
5,571,Mais populares,1,387.2,
5,572,Mais populares,1,385.7,
5,573,Mais populares,0,356.2,
5,574,Mais populares,0,362.6,
5,575,Mais populares,0,358.3,
5,576,Mais populares,3,357.4,
5,577,Mais populares,5,375.2,
5,578,Mais populares,1,366.6,
5,579,Mais populares,2,347.6,
5,580,Mais populares,1,312.0,
5,581,Mais populares,0,355.6,
5,582,Mais populares,3,337.6,
5,583,Mais populares,2,378.5,
5,584,Mais populares,2,378.5,
5,585,Mais populares,1,387.2,
5,586,Mais populares,2,351.3,
5,587,Mais populares,0,358.9,
5,588,Mais populares,5,349.2,
5,589,Mais populares,0,358.9,
5,590,Mais populares,0,375.4,
5,591,Mais populares,0,373.2,
5,592,Mais populares,7,289.7,
5,593,Mais populares,3,345.3,
5,594,Mais populares,1,357.9,
5,595,Mais populares,2,336.9,
5,596,Mais populares,2,355.0,
5,597,Mais populares,0,351.3,
5,598,Mais populares,2,378.5,
5,599,Mais populares,2,381.3,
5,600,Mais populares,0,361.6,
5,601,Mais populares,1,317.5,
5,603,Mais populares,3,364.6,
5,604,Mais populares,0,380.6,
5,605,Mais populares,1,345.6,
5,606,Mais populares,3,292.5,
5,607,Mais populares,1,386.4,
5,608,Mais populares,1,350.4,
5,609,Mais populares,0,362.7,
5,610,Mais populares,0,348.4,
5,611,Mais populares,0,374.8,
5,612,Mais populares,1,384.1,
5,613,Mais populares,0,359.9,
5,614,Mais populares,1,364.8,
5,615,Mais populares,2,375.8,
5,616,Mais populares,0,364.6,
5,617,Mais populares,0,362.9,
5,618,Mais populares,4,329.6,
5,619,Mais populares,1,330.3,
5,620,Mais populares,3,339.4,
5,621,Mais populares,1,336.2,
5,622,Mais populares,4,344.7,
5,623,Mais populares,1,355.6,
5,624,Mais populares,1,296.4,
5,625,Mais populares,1,342.2,
5,626,Mais populares,0,360.5,
5,627,Mais populares,1,354.6,
5,628,Mais populares,0,365.0,
5,629,Mais populares,2,316.2,
5,630,Mais populares,0,282.3,
5,631,Mais populares,0,382.6,
5,632,Mais populares,1,347.2,
5,633,Mais populares,2,379.3,
5,634,Mais populares,1,317.3,
5,635,Mais populares,0,378.7,
5,636,Mais populares,0,365.4,
5,637,Mais populares,0,331.4,
5,638,Mais populares,0,346.7,
5,639,Mais populares,0,380.7,
5,640,Mais populares,0,387.2,
5,641,Mais populares,0,372.8,
5,642,Mais populares,3,339.4,
5,643,Mais populares,3,331.0,
5,644,Mais populares,0,328.0,
5,645,Mais populares,2,372.1,
5,646,Mais populares,0,377.8,
5,647,Mais populares,2,386.4,
5,648,Mais populares,2,347.9,
5,649,Mais populares,0,357.8,
5,650,Mais populares,2,288.8,
5,651,Mais populares,0,377.8,
5,652,Mais populares,0,369.1,
5,653,Mais populares,5,299.5,
5,654,Mais populares,3,278.9,
5,655,Mais populares,2,251.9,
5,657,Mais populares,0,372.6,
5,658,Mais populares,1,346.9,
5,659,Mais populares,3,348.9,
5,660,Mais populares,2,342.3,
5,661,Mais populares,3,366.6,
5,662,Mais populares,1,367.6,
5,663,Mais populares,3,298.8,
5,664,Mais populares,3,365.2,
5,665,Mais populares,1,322.6,
5,666,Mais populares,1,317.6,
5,667,Mais populares,0,387.2,
5,668,Mais populares,0,341.5,
5,669,Mais populares,1,341.4,
5,670,Mais populares,0,387.2,
5,671,Mais populares,5,352.9,
5,672,Mais populares,0,372.8,
5,673,Mais populares,0,358.9,
5,674,Mais populares,1,347.4,
5,675,Mais populares,0,373.3,
5,676,Mais populares,3,333.6,
5,677,Mais populares,2,378.0,
5,678,Mais populares,2,359.8,
5,679,Mais populares,1,335.4,
5,680,Mais populares,4,373.4,
5,681,Mais populares,0,360.5,
5,682,Mais populares,6,320.3,
5,683,Mais populares,0,381.3,
5,684,Mais populares,1,349.7,
5,686,Mais populares,1,377.5,
5,687,Mais populares,0,380.6,
5,688,Mais populares,0,381.3,
5,689,Mais populares,2,369.8,
5,690,Mais populares,2,379.5,
5,691,Mais populares,0,363.5,
5,692,Mais populares,1,373.6,
5,693,Mais populares,1,340.7,
5,694,Mais populares,1,355.5,
5,695,Mais populares,0,380.6,
5,696,Mais populares,1,387.2,
5,697,Mais populares,1,322.9,
5,698,Mais populares,1,330.7,
5,699,Mais populares,1,316.7,
5,700,Mais populares,0,362.5,
5,701,Mais populares,2,364.3,
5,702,Mais populares,0,365.0,
5,703,Mais populares,3,324.9,
5,704,Mais populares,2,372.8,
5,705,Mais populares,2,357.1,
5,706,Mais populares,2,323.0,
5,707,Mais populares,0,368.5,
5,708,Mais populares,2,354.5,
5,709,Mais populares,4,351.7,
5,710,Mais populares,3,367.0,
5,711,Mais populares,2,348.2,
5,712,Mais populares,2,363.7,
5,713,Mais populares,0,382.6,
5,714,Mais populares,2,354.3,
5,715,Mais populares,4,366.8,
5,716,Mais populares,4,350.0,
5,717,Mais populares,4,342.0,
5,718,Mais populares,0,385.7,
5,719,Mais populares,0,371.4,
5,720,Mais populares,0,373.3,
5,721,Mais populares,3,322.1,
5,722,Mais populares,2,379.9,
5,723,Mais populares,1,374.3,
5,724,Mais populares,1,364.6,
5,725,Mais populares,0,353.9,
5,726,Mais populares,2,387.2,
5,727,Mais populares,2,315.6,
5,728,Mais populares,0,380.6,
5,730,Mais populares,3,342.2,
5,731,Mais populares,0,384.8,
5,732,Mais populares,1,381.9,
5,733,Mais populares,1,345.9,
5,734,Mais populares,3,387.2,
5,735,Mais populares,4,349.7,
5,737,Mais populares,2,387.2,
5,738,Mais populares,5,377.5,
5,739,Mais populares,1,374.8,
5,740,Mais populares,0,369.1,
5,741,Mais populares,0,346.2,
5,742,Mais populares,1,338.4,
5,743,Mais populares,1,367.1,
5,744,Mais populares,1,369.8,
5,745,Mais populares,0,349.9,
5,746,Mais populares,1,359.2,
5,747,Mais populares,6,372.8,
5,748,Mais populares,3,351.4,
5,749,Mais populares,5,340.7,
5,750,Mais populares,0,369.1,
5,751,Mais populares,2,340.7,
5,752,Mais populares,0,358.9,
5,753,Mais populares,1,350.7,
5,754,Mais populares,0,387.2,
5,755,Mais populares,2,375.2,
5,756,Mais populares,2,355.4,
5,757,Mais populares,5,321.3,
5,758,Mais populares,8,316.7,
5,759,Mais populares,3,371.9,
5,760,Mais populares,1,356.6,
5,761,Mais populares,2,332.2,
5,762,Mais populares,1,387.2,
5,763,Mais populares,0,331.8,
5,764,Mais populares,4,365.9,
5,765,Mais populares,0,367.6,
5,766,Mais populares,0,362.5,
5,767,Mais populares,1,379.3,
5,768,Mais populares,2,358.8,
5,769,Mais populares,1,377.1,
5,770,Mais populares,3,337.5,
5,771,Mais populares,1,360.1,
5,772,Mais populares,2,380.6,
5,773,Mais populares,2,351.4,
5,774,Mais populares,1,367.4,
5,775,Mais populares,0,372.0,
5,776,Mais populares,1,363.7,
5,777,Mais populares,1,370.9,
5,778,Mais populares,0,384.9,
5,779,Mais populares,3,367.8,
5,780,Mais populares,2,376.5,
5,781,Mais populares,1,343.5,
5,782,Mais populares,1,360.5,
5,783,Mais populares,0,370.7,
5,784,Mais populares,1,373.3,
5,785,Mais populares,4,378.3,
5,786,Mais populares,5,377.3,
5,787,Mais populares,0,377.8,
5,788,Mais populares,2,342.7,
5,789,Mais populares,1,346.8,
5,790,Mais populares,2,326.2,
5,791,Mais populares,0,348.9,
5,792,Mais populares,0,375.3,
5,793,Mais populares,4,374.5,
5,794,Mais populares,1,354.0,
5,795,Mais populares,1,367.7,
5,796,Mais populares,7,311.9,
5,797,Mais populares,0,356.3,
5,798,Mais populares,3,373.5,
5,799,Mais populares,0,356.2,
5,800,Mais populares,4,382.3,
5,801,Mais populares,0,375.2,
5,802,Mais populares,1,363.6,
5,803,Mais populares,0,382.6,
5,804,Mais populares,5,371.0,
5,805,Mais populares,2,357.7,
5,806,Mais populares,4,340.7,
5,807,Mais populares,2,372.2,
5,808,Mais populares,0,369.1,
5,809,Mais populares,1,373.3,
5,810,Mais populares,0,369.1,
5,811,Mais populares,0,366.3,
5,812,Mais populares,1,370.7,
5,813,Mais populares,1,383.0,
5,814,Mais populares,1,380.6,
5,815,Mais populares,3,362.2,
5,816,Mais populares,1,366.6,
5,817,Mais populares,2,375.5,
5,818,Mais populares,2,381.9,
5,819,Mais populares,1,387.1,
5,820,Mais populares,1,381.3,
5,821,Mais populares,2,361.6,
5,822,Mais populares,1,387.2,
5,823,Mais populares,5,371.5,
5,824,Mais populares,0,370.7,
5,825,Mais populares,5,336.3,
5,826,Mais populares,0,325.5,
5,827,Mais populares,1,378.5,
5,828,Mais populares,0,382.6,
5,829,Mais populares,2,380.6,
5,830,Mais populares,2,340.6,
5,831,Mais populares,4,320.6,
5,832,Mais populares,0,357.9,
5,833,Mais populares,0,359.3,
5,834,Mais populares,3,338.4,
5,835,Mais populares,2,357.0,
5,836,Mais populares,1,371.4,
5,837,Mais populares,0,367.9,
5,838,Mais populares,5,361.4,
5,839,Mais populares,2,365.6,
5,840,Mais populares,4,384.8,
5,841,Mais populares,1,374.8,
5,842,Mais populares,0,387.2,
5,843,Mais populares,2,377.8,
5,844,Mais populares,2,344.8,
5,845,Mais populares,1,387.2,
5,846,Mais populares,4,357.2,
5,847,Mais populares,4,369.7,
5,848,Mais populares,3,373.9,
5,849,Mais populares,0,378.7,
5,850,Mais populares,1,366.4,
5,851,Mais populares,3,361.5,
5,852,Mais populares,3,363.7,
5,853,Mais populares,0,358.9,
5,854,Mais populares,4,350.9,
5,855,Mais populares,0,387.2,
5,856,Mais populares,3,378.5,
5,858,Mais populares,0,365.7,
5,859,Mais populares,1,383.0,
5,860,Mais populares,1,375.6,
5,861,Mais populares,1,383.0,
5,862,Mais populares,5,341.4,
5,863,Mais populares,2,366.6,
5,864,Mais populares,8,328.7,
5,865,Mais populares,2,381.6,
5,866,Mais populares,0,387.1,
5,867,Mais populares,4,352.3,
5,868,Mais populares,4,355.3,
5,869,Mais populares,1,358.3,
5,870,Mais populares,6,377.5,
5,871,Mais populares,1,357.6,
5,872,Mais populares,2,368.4,
5,873,Mais populares,0,372.4,
5,874,Mais populares,2,387.2,
5,875,Mais populares,2,349.2,
5,876,Mais populares,2,383.0,
5,877,Mais populares,1,372.0,
5,878,Mais populares,1,349.8,
5,879,Mais populares,3,384.1,
5,880,Mais populares,6,338.3,
5,881,Mais populares,4,341.5,
5,882,Mais populares,5,368.0,
5,883,Mais populares,2,360.7,
5,884,Mais populares,0,370.0,
5,885,Mais populares,2,384.8,
5,886,Mais populares,5,378.3,
5,887,Mais populares,5,360.1,
5,888,Mais populares,1,382.6,
5,889,Mais populares,5,367.3,
5,890,Mais populares,4,368.2,
5,891,Mais populares,2,367.6,
5,892,Mais populares,7,364.4,
5,893,Mais populares,3,379.4,
5,894,Mais populares,6,370.0,
5,895,Mais populares,3,363.7,
5,896,Mais populares,4,366.3,
5,897,Mais populares,3,369.2,
5,898,Mais populares,0,374.8,
5,899,Mais populares,3,372.8,
5,900,Mais populares,1,374.5,
5,901,Mais populares,3,377.5,
5,902,Mais populares,1,346.5,
5,903,Mais populares,2,358.1,
5,904,Mais populares,1,387.1,
5,905,Mais populares,1,377.8,
5,906,Mais populares,1,379.2,
5,907,Mais populares,7,371.5,
5,908,Mais populares,2,371.6,
5,909,Mais populares,0,381.9,
5,910,Mais populares,5,374.1,
5,911,Mais populares,0,387.2,
5,912,Mais populares,0,387.2,
5,913,Mais populares,3,384.2,
5,914,Mais populares,0,387.2,
5,915,Mais populares,1,380.6,
5,916,Mais populares,5,361.1,
5,917,Mais populares,1,372.8,
5,918,Mais populares,0,387.2,
5,919,Mais populares,7,359.5,
5,920,Mais populares,1,387.1,
5,921,Mais populares,4,368.6,
5,922,Mais populares,4,371.6,
5,923,Mais populares,4,371.0,
5,924,Mais populares,4,360.4,
5,925,Mais populares,1,387.2,
5,926,Mais populares,1,374.8,
5,927,Mais populares,3,374.9,
5,928,Mais populares,0,387.2,
5,929,Mais populares,3,384.2,
5,930,Mais populares,1,379.9,
5,931,Mais populares,4,361.5,
5,932,Mais populares,2,387.2,
5,933,Mais populares,3,384.8,
5,934,Mais populares,2,361.2,
5,935,Mais populares,3,379.2,
5,936,Mais populares,4,363.7,
5,937,Mais populares,3,387.1,
5,938,Mais populares,6,378.0,
5,939,Mais populares,0,377.1,
5,940,Mais populares,5,375.9,
5,941,Mais populares,3,369.4,
5,942,Mais populares,3,372.8,
5,943,Mais populares,3,378.7,
